bridge,effort,cen,uf,effect,rule,Q117,n_tail,tail_threshold
S-10,V,cen2,MG,CORTANTE_APOIO_INICIO_LONG_1,q85,685.9131377096163,2440,296.1895354778512
S-10,V,cen2,MT,CORTANTE_APOIO_INICIO_LONG_1,q85,662.8915287136081,3061,296.9805398634156
S-10,V,cen2,PB,CORTANTE_APOIO_INICIO_LONG_1,q85,636.6132378977738,256,293.5299109835446
S-10,V,cen2,RJ,CORTANTE_APOIO_INICIO_LONG_1,q85,634.880614827003,965,294.36732106169035
S-10,V,cen2,SP,CORTANTE_APOIO_INICIO_LONG_1,q85,682.7606402969731,1807,294.7914614868292
S-10,V,cen2,SC,CORTANTE_APOIO_INICIO_LONG_1,q85,712.2896133463676,2755,296.29478927087547
S-10,V,cen2,PR,CORTANTE_APOIO_INICIO_LONG_1,q85,679.2288832992692,3060,295.7731795647891
S-10,V,cen4,MG,CORTANTE_APOIO_INICIO_LONG_1,q85,696.253069035957,1898,295.851265045386
S-10,V,cen4,MT,CORTANTE_APOIO_INICIO_LONG_1,q85,636.9813360798321,2457,295.8863926452592
S-10,V,cen4,PB,CORTANTE_APOIO_INICIO_LONG_1,q85,603.3259763938975,211,293.61880223563514
S-10,V,cen4,RJ,CORTANTE_APOIO_INICIO_LONG_1,q85,647.2235598868964,764,294.6039511506679
S-10,V,cen4,SP,CORTANTE_APOIO_INICIO_LONG_1,q85,671.4840637933328,1392,294.63135874081985
S-10,V,cen4,SC,CORTANTE_APOIO_INICIO_LONG_1,q85,682.173707161665,2082,295.06913313558067
S-10,V,cen4,PR,CORTANTE_APOIO_INICIO_LONG_1,q85,672.7501904560195,2287,293.95153607304246
S-10,V,cen6,MG,CORTANTE_APOIO_INICIO_LONG_1,q85,732.6466505060406,1868,298.945972129627
S-10,V,cen6,MT,CORTANTE_APOIO_FIM_LONG_1,q85,638.2544185959039,1967,295.97242853821297
S-10,V,cen6,PB,CORTANTE_APOIO_INICIO_LONG_1,q85,596.9836417549519,202,294.5610109776619
S-10,V,cen6,RJ,CORTANTE_APOIO_INICIO_LONG_1,q85,635.5636596557863,744,297.1795939498956
S-10,V,cen6,SP,CORTANTE_APOIO_INICIO_LONG_1,q85,669.040324887462,1386,297.83690097237536
S-10,V,cen6,SC,CORTANTE_APOIO_INICIO_LONG_1,q85,671.8367871926148,2080,300.0706520405125
S-10,V,cen6,PR,CORTANTE_APOIO_INICIO_LONG_1,q85,662.773321749696,2267,298.768162477631
S-10,V,cen8,MG,CORTANTE_APOIO_INICIO_LONG_1,q85,692.4108289825951,2059,298.3961244367599
S-10,V,cen8,MT,CORTANTE_APOIO_INICIO_LONG_1,q85,635.7448908672327,2593,298.3047335662301
S-10,V,cen8,PB,CORTANTE_APOIO_INICIO_LONG_1,q85,589.7873512534959,218,294.3704438962458
S-10,V,cen8,RJ,CORTANTE_APOIO_INICIO_LONG_1,q85,677.7450914508063,818,297.1298946365051
S-10,V,cen8,SP,CORTANTE_APOIO_INICIO_LONG_1,q85,709.4147535357367,1539,297.44859627199907
S-10,V,cen8,SC,CORTANTE_APOIO_INICIO_LONG_1,q85,674.9662843869442,2326,299.23313868381706
S-10,V,cen8,PR,CORTANTE_APOIO_INICIO_LONG_1,q85,682.7531115942318,2544,298.4880287044909
S-10,V,cen2,MG,CORTANTE_APOIO_INICIO_LONG_1,q90,681.6220207160502,1627,305.4108764377573
S-10,V,cen2,MT,CORTANTE_APOIO_INICIO_LONG_1,q90,656.5893939353722,2041,305.82592235661997
S-10,V,cen2,PB,CORTANTE_APOIO_INICIO_LONG_1,q90,632.34128561768,200,298.82885632320347
S-10,V,cen2,RJ,CORTANTE_APOIO_INICIO_LONG_1,q90,624.6203132018607,644,304.78520538801786
S-10,V,cen2,SP,CORTANTE_APOIO_INICIO_LONG_1,q90,666.0334711886696,1205,303.915681209835
S-10,V,cen2,SC,CORTANTE_APOIO_INICIO_LONG_1,q90,713.9010392617283,1837,305.68748598001076
S-10,V,cen2,PR,CORTANTE_APOIO_INICIO_LONG_1,q90,669.7392220439356,2040,305.2079236479073
S-10,V,cen4,MG,CORTANTE_APOIO_INICIO_LONG_1,q90,692.7520174695769,1266,304.73622795333085
S-10,V,cen4,MT,CORTANTE_APOIO_INICIO_LONG_1,q90,626.4362642313163,1638,304.3235629333669
S-10,V,cen4,PB,CORTANTE_APOIO_INICIO_LONG_1,q90,603.2291244495389,200,295.18979476473527
S-10,V,cen4,RJ,CORTANTE_APOIO_INICIO_LONG_1,q90,637.9242237553613,509,305.74903044297054
S-10,V,cen4,SP,CORTANTE_APOIO_INICIO_LONG_1,q90,653.9373005900442,928,303.77634091033383
S-10,V,cen4,SC,CORTANTE_APOIO_INICIO_LONG_1,q90,682.189746784825,1388,304.53857407095467
S-10,V,cen4,PR,CORTANTE_APOIO_INICIO_LONG_1,q90,659.7435464957844,1525,303.68025772222745
S-10,V,cen6,MG,CORTANTE_APOIO_INICIO_LONG_1,q90,728.2757824785115,1246,309.0062618257626
S-10,V,cen6,MT,CORTANTE_APOIO_FIM_LONG_1,q90,629.2344339569297,1311,306.00145133181076
S-10,V,cen6,PB,CORTANTE_APOIO_INICIO_LONG_1,q90,596.9553188337395,200,294.7409859027533
S-10,V,cen6,RJ,CORTANTE_APOIO_INICIO_LONG_1,q90,626.4321819149313,496,308.3019670222519
S-10,V,cen6,SP,CORTANTE_APOIO_INICIO_LONG_1,q90,651.1062790842464,924,307.5171634394559
S-10,V,cen6,SC,CORTANTE_APOIO_INICIO_LONG_1,q90,669.1825823049323,1387,310.81581247065105
S-10,V,cen6,PR,CORTANTE_APOIO_INICIO_LONG_1,q90,650.4415207614869,1512,309.0270963891696
S-10,V,cen8,MG,CORTANTE_APOIO_INICIO_LONG_1,q90,688.6282552793668,1373,308.67539644060685
S-10,V,cen8,MT,CORTANTE_APOIO_INICIO_LONG_1,q90,624.6910118562803,1729,308.2044090777845
S-10,V,cen8,PB,CORTANTE_APOIO_INICIO_LONG_1,q90,589.8099528589623,200,295.7824959819974
S-10,V,cen8,RJ,CORTANTE_APOIO_INICIO_LONG_1,q90,680.2577301713445,546,307.8755265204849
S-10,V,cen8,SP,CORTANTE_APOIO_INICIO_LONG_1,q90,705.3039307151628,1026,307.17045877565084
S-10,V,cen8,SC,CORTANTE_APOIO_INICIO_LONG_1,q90,678.2983782075739,1551,310.51888951486234
S-10,V,cen8,PR,CORTANTE_APOIO_INICIO_LONG_1,q90,676.8670104286606,1696,308.5518925065972
S-10,V,cen2,MG,CORTANTE_APOIO_INICIO_LONG_1,q925,677.4465825829668,1220,311.75643589802274
S-10,V,cen2,MT,CORTANTE_APOIO_INICIO_LONG_1,q925,650.4244505394886,1531,312.4036723426839
S-10,V,cen2,PB,CORTANTE_APOIO_INICIO_LONG_1,q925,632.34128561768,200,298.82885632320347
S-10,V,cen2,RJ,CORTANTE_APOIO_INICIO_LONG_1,q925,615.8313794009707,483,311.1907395801491
S-10,V,cen2,SP,CORTANTE_APOIO_INICIO_LONG_1,q925,652.997317511863,904,309.7375291955897
S-10,V,cen2,SC,CORTANTE_APOIO_INICIO_LONG_1,q925,716.4736665410599,1378,312.7211151081528
S-10,V,cen2,PR,CORTANTE_APOIO_INICIO_LONG_1,q925,662.6162449944686,1530,311.92407915784383
S-10,V,cen4,MG,CORTANTE_APOIO_INICIO_LONG_1,q925,686.1607791949674,949,310.913998937418
S-10,V,cen4,MT,CORTANTE_APOIO_INICIO_LONG_1,q925,617.67162089935,1229,310.3486639320483
S-10,V,cen4,PB,CORTANTE_APOIO_INICIO_LONG_1,q925,603.2291244495389,200,295.18979476473527
S-10,V,cen4,RJ,CORTANTE_APOIO_INICIO_LONG_1,q925,628.5992769513587,382,311.8686121259382
S-10,V,cen4,SP,CORTANTE_APOIO_INICIO_LONG_1,q925,639.1884247230521,696,309.33313056454347
S-10,V,cen4,SC,CORTANTE_APOIO_INICIO_LONG_1,q925,685.4659532045976,1041,311.48735946671235
S-10,V,cen4,PR,CORTANTE_APOIO_INICIO_LONG_1,q925,648.110573160291,1144,309.7610824599827
S-10,V,cen6,MG,CORTANTE_APOIO_INICIO_LONG_1,q925,723.2037360079327,934,315.83211960200777
S-10,V,cen6,MT,CORTANTE_APOIO_FIM_LONG_1,q925,624.1858920062284,984,312.7509007311412
S-10,V,cen6,PB,CORTANTE_APOIO_INICIO_LONG_1,q925,596.9553188337395,200,294.7409859027533
S-10,V,cen6,RJ,CORTANTE_APOIO_INICIO_LONG_1,q925,619.7228587334221,372,315.93511362598184
S-10,V,cen6,SP,CORTANTE_APOIO_INICIO_LONG_1,q925,639.3107275953829,693,314.71269633096705
S-10,V,cen6,SC,CORTANTE_APOIO_INICIO_LONG_1,q925,667.7813357450369,1040,319.02698363074944
S-10,V,cen6,PR,CORTANTE_APOIO_INICIO_LONG_1,q925,644.4754541183402,1134,317.1352419117088
S-10,V,cen8,MG,CORTANTE_APOIO_INICIO_LONG_1,q925,683.3278586112704,1030,315.7275103995705
S-10,V,cen8,MT,CORTANTE_APOIO_INICIO_LONG_1,q925,616.4688703969491,1297,315.4895904222568
S-10,V,cen8,PB,CORTANTE_APOIO_INICIO_LONG_1,q925,589.8099528589623,200,295.7824959819974
S-10,V,cen8,RJ,CORTANTE_APOIO_INICIO_LONG_1,q925,681.5868255717724,409,315.76809714107264
S-10,V,cen8,SP,CORTANTE_APOIO_INICIO_LONG_1,q925,701.4651213717431,770,313.8680150773115
S-10,V,cen8,SC,CORTANTE_APOIO_INICIO_LONG_1,q925,676.7467389531291,1163,317.9678130139732
S-10,V,cen8,PR,CORTANTE_APOIO_INICIO_LONG_1,q925,676.1326206680665,1272,316.22898519117905
S-10,V,cen2,MG,CORTANTE_APOIO_INICIO_LONG_1,q95,670.3398787460732,814,321.3067725887018
S-10,V,cen2,MT,CORTANTE_APOIO_INICIO_LONG_1,q95,641.8133484846899,1021,321.06694785223226
S-10,V,cen2,PB,CORTANTE_APOIO_INICIO_LONG_1,q95,632.34128561768,200,298.82885632320347
S-10,V,cen2,RJ,CORTANTE_APOIO_INICIO_LONG_1,q95,601.5677952235046,322,321.4457666959322
S-10,V,cen2,SP,CORTANTE_APOIO_INICIO_LONG_1,q95,636.7162287164641,603,319.07367955188846
S-10,V,cen2,SC,CORTANTE_APOIO_INICIO_LONG_1,q95,715.1256806282579,919,322.2204446863656
S-10,V,cen2,PR,CORTANTE_APOIO_INICIO_LONG_1,q95,652.7136775736893,1020,321.8564722807565
S-10,V,cen4,MG,CORTANTE_APOIO_INICIO_LONG_1,q95,674.1750634226437,633,319.84414909041584
S-10,V,cen4,MT,CORTANTE_APOIO_INICIO_LONG_1,q95,605.0514030355299,819,319.07535739254274
S-10,V,cen4,PB,CORTANTE_APOIO_INICIO_LONG_1,q95,603.2291244495389,200,295.18979476473527
S-10,V,cen4,RJ,CORTANTE_APOIO_INICIO_LONG_1,q95,613.8662216498849,255,321.9024040238581
S-10,V,cen4,SP,CORTANTE_APOIO_INICIO_LONG_1,q95,616.3265134242367,464,318.7166832876009
S-10,V,cen4,SC,CORTANTE_APOIO_INICIO_LONG_1,q95,685.2755159901651,694,321.52406214306893
S-10,V,cen4,PR,CORTANTE_APOIO_INICIO_LONG_1,q95,633.1983091467782,763,319.4029390168766
S-10,V,cen6,MG,CORTANTE_APOIO_INICIO_LONG_1,q95,715.2651402650317,623,325.1761882332537
S-10,V,cen6,MT,CORTANTE_APOIO_FIM_LONG_1,q95,627.423131725252,656,323.70021514212584
S-10,V,cen6,PB,CORTANTE_APOIO_INICIO_LONG_1,q95,596.9553188337395,200,294.7409859027533
S-10,V,cen6,RJ,CORTANTE_APOIO_INICIO_LONG_1,q95,614.6952725317819,248,326.3255870288561
S-10,V,cen6,SP,CORTANTE_APOIO_INICIO_LONG_1,q95,622.815863101854,462,324.97355932020054
S-10,V,cen6,SC,CORTANTE_APOIO_INICIO_LONG_1,q95,666.0117164100199,694,330.11092573159897
S-10,V,cen6,PR,CORTANTE_APOIO_INICIO_LONG_1,q95,634.5896537101112,756,328.7064325445757
S-10,V,cen8,MG,CORTANTE_APOIO_INICIO_LONG_1,q95,675.5783458594301,687,325.0605548341987
S-10,V,cen8,MT,CORTANTE_APOIO_INICIO_LONG_1,q95,605.7005891027641,865,325.3543192505503
S-10,V,cen8,PB,CORTANTE_APOIO_INICIO_LONG_1,q95,589.8099528589623,200,295.7824959819974
S-10,V,cen8,RJ,CORTANTE_APOIO_INICIO_LONG_1,q95,684.8148943303001,273,325.90925418033225
S-10,V,cen8,SP,CORTANTE_APOIO_INICIO_LONG_1,q95,695.9779945559416,513,323.49235413730355
S-10,V,cen8,SC,CORTANTE_APOIO_INICIO_LONG_1,q95,676.8722006479109,776,327.9504426348161
S-10,V,cen8,PR,CORTANTE_APOIO_INICIO_LONG_1,q95,676.9112275778685,848,327.2485204344891
S-10,V,cen2,MG,CORTANTE_APOIO_INICIO_LONG_1,frac058,686.3108976581852,3551,287.90735563397607
S-10,V,cen2,MT,CORTANTE_APOIO_INICIO_LONG_1,frac058,665.8290176461807,3693,292.6822736186833
S-10,V,cen2,PB,CORTANTE_APOIO_INICIO_LONG_1,frac058,595.5996280366423,1322,255.15072584451616
S-10,V,cen2,RJ,CORTANTE_APOIO_INICIO_LONG_1,frac058,643.4197860638329,1553,283.1781289751859
S-10,V,cen2,SP,CORTANTE_APOIO_INICIO_LONG_1,frac058,687.3264096132712,3434,279.61882896745743
S-10,V,cen2,SC,CORTANTE_APOIO_INICIO_LONG_1,frac058,712.4263868617525,2697,296.7903692259269
S-10,V,cen2,PR,CORTANTE_APOIO_INICIO_LONG_1,frac058,685.035366425125,5687,281.23178745967954
S-10,V,cen4,MG,CORTANTE_APOIO_INICIO_LONG_1,frac058,693.789007398725,2913,286.1786933779512
S-10,V,cen4,MT,CORTANTE_APOIO_INICIO_LONG_1,frac058,642.9568211003439,3577,287.0756803932589
S-10,V,cen4,PB,CORTANTE_APOIO_INICIO_LONG_1,frac058,560.1904749962459,1205,253.3907679403329
S-10,V,cen4,RJ,CORTANTE_APOIO_INICIO_LONG_1,frac058,650.7452987279235,1221,283.1781289751859
S-10,V,cen4,SP,CORTANTE_APOIO_INICIO_LONG_1,frac058,672.5133497775103,3861,270.3447503268031
S-10,V,cen4,SC,CORTANTE_APOIO_INICIO_LONG_1,frac058,680.3567405632706,3043,286.1786933779512
S-10,V,cen4,PR,CORTANTE_APOIO_INICIO_LONG_1,frac058,683.2088125607007,4809,277.00832145900756
S-10,V,cen6,MG,CORTANTE_APOIO_INICIO_LONG_1,frac058,731.0661392292509,1472,304.9884377819848
S-10,V,cen6,MT,CORTANTE_APOIO_FIM_LONG_1,frac058,642.8574563069697,2620,288.5997880658038
S-10,V,cen6,PB,CORTANTE_APOIO_INICIO_LONG_1,frac058,560.9830741178193,1153,253.3907679403329
S-10,V,cen6,RJ,CORTANTE_APOIO_INICIO_LONG_1,frac058,644.9007021786285,1266,283.1781289751859
S-10,V,cen6,SP,CORTANTE_APOIO_INICIO_LONG_1,frac058,682.6676885968332,3780,271.6317657782808
S-10,V,cen6,SC,CORTANTE_APOIO_INICIO_LONG_1,frac058,676.4351198018041,3458,286.1786933779512
S-10,V,cen6,PR,CORTANTE_APOIO_INICIO_LONG_1,frac058,682.928917653149,4709,279.74916311872585
S-10,V,cen8,MG,CORTANTE_APOIO_INICIO_LONG_1,frac058,692.076022086547,3412,286.1786933779512
S-10,V,cen8,MT,CORTANTE_APOIO_INICIO_LONG_1,frac058,648.7953853187322,4077,287.0756803932589
S-10,V,cen8,PB,CORTANTE_APOIO_INICIO_LONG_1,frac058,558.1139069526729,1236,253.3907679403329
S-10,V,cen8,RJ,CORTANTE_APOIO_INICIO_LONG_1,frac058,676.7718202091584,886,294.5468574791649
S-10,V,cen8,SP,CORTANTE_APOIO_INICIO_LONG_1,frac058,701.3168706581419,763,314.14823366495125
S-10,V,cen8,SC,CORTANTE_APOIO_INICIO_LONG_1,frac058,672.5574119010839,3577,287.93396663617744
S-10,V,cen8,PR,CORTANTE_APOIO_INICIO_LONG_1,frac058,676.6896259727524,1600,309.990560818331
S-10,M+,cen2,MG,MOMENTO_MEIO_VAO_LONG_1,q85,1541.6335342290504,1477,704.3534551225549
S-10,M+,cen2,MT,MOMENTO_MEIO_VAO_LONG_1,q85,1511.5673552066598,1838,704.3593165389282
S-10,M+,cen2,PB,MOMENTO_MEIO_VAO_LONG_1,q85,1458.3104905811867,200,680.9937259944257
S-10,M+,cen2,RJ,MOMENTO_MEIO_VAO_LONG_1,q85,1456.836494051125,575,704.1865931943156
S-10,M+,cen2,SP,MOMENTO_MEIO_VAO_LONG_1,q85,1504.007478270883,1085,701.1157302537324
S-10,M+,cen2,SC,MOMENTO_MEIO_VAO_LONG_1,q85,1725.7332867121095,1618,707.9051401642197
S-10,M+,cen2,PR,MOMENTO_MEIO_VAO_LONG_1,q85,1567.9458223668935,1784,706.1680986623677
S-10,M+,cen4,MG,MOMENTO_MEIO_VAO_LONG_1,q85,1544.2799536971447,1095,701.9022755679529
S-10,M+,cen4,MT,MOMENTO_MEIO_VAO_LONG_1,q85,1416.5743631644764,1412,699.5592996758302
S-10,M+,cen4,PB,MOMENTO_MEIO_VAO_LONG_1,q85,1455.574713862234,200,669.164972302422
S-10,M+,cen4,RJ,MOMENTO_MEIO_VAO_LONG_1,q85,1484.2100283749614,441,704.4526419249214
S-10,M+,cen4,SP,MOMENTO_MEIO_VAO_LONG_1,q85,1486.7399524440402,806,698.8237948042802
S-10,M+,cen4,SC,MOMENTO_MEIO_VAO_LONG_1,q85,1570.7202499764512,1144,705.3092091651249
S-10,M+,cen4,PR,MOMENTO_MEIO_VAO_LONG_1,q85,1497.461360703072,1249,701.4279722878096
S-10,M+,cen6,MG,MOMENTO_MEIO_VAO_LONG_1,q85,1649.6052063483637,1100,710.2612167183088
S-10,M+,cen6,MT,MOMENTO_MEIO_VAO_LONG_1,q85,1449.4346702925177,1394,709.6883289118769
S-10,M+,cen6,PB,MOMENTO_MEIO_VAO_LONG_1,q85,1447.7616842690095,200,669.164972302422
S-10,M+,cen6,RJ,MOMENTO_MEIO_VAO_LONG_1,q85,1473.5059695520122,436,710.5111260522194
S-10,M+,cen6,SP,MOMENTO_MEIO_VAO_LONG_1,q85,1482.538456985208,822,707.3697906964302
S-10,M+,cen6,SC,MOMENTO_MEIO_VAO_LONG_1,q85,1536.3176700412318,1177,719.7014936583201
S-10,M+,cen6,PR,MOMENTO_MEIO_VAO_LONG_1,q85,1512.871594011735,1278,714.5626665209448
S-10,M+,cen8,MG,MOMENTO_MEIO_VAO_LONG_1,q85,1546.7923605699048,1238,709.8032258894824
S-10,M+,cen8,MT,MOMENTO_MEIO_VAO_LONG_1,q85,1434.8808732854673,1550,709.8789652828407
S-10,M+,cen8,PB,MOMENTO_MEIO_VAO_LONG_1,q85,1422.6678227948535,200,671.8054221370148
S-10,M+,cen8,RJ,MOMENTO_MEIO_VAO_LONG_1,q85,1518.7539053586875,485,708.9844080249136
S-10,M+,cen8,SP,MOMENTO_MEIO_VAO_LONG_1,q85,1537.8142178662806,923,706.4891663446272
S-10,M+,cen8,SC,MOMENTO_MEIO_VAO_LONG_1,q85,1591.801700087237,1358,716.4579455820602
S-10,M+,cen8,PR,MOMENTO_MEIO_VAO_LONG_1,q85,1558.2683534332034,1470,713.3060013797409
S-10,M+,cen2,MG,MOMENTO_MEIO_VAO_LONG_1,q90,1501.8168434145941,985,722.9019965556154
S-10,M+,cen2,MT,MOMENTO_MEIO_VAO_LONG_1,q90,1500.976497493757,1226,724.7322673031053
S-10,M+,cen2,PB,MOMENTO_MEIO_VAO_LONG_1,q90,1458.3104905811867,200,680.9937259944257
S-10,M+,cen2,RJ,MOMENTO_MEIO_VAO_LONG_1,q90,1427.1271704670862,384,725.1046351666648
S-10,M+,cen2,SP,MOMENTO_MEIO_VAO_LONG_1,q90,1462.342728518773,723,722.9034060513532
S-10,M+,cen2,SC,MOMENTO_MEIO_VAO_LONG_1,q90,1727.9658295872614,1079,729.3616255325584
S-10,M+,cen2,PR,MOMENTO_MEIO_VAO_LONG_1,q90,1555.451495934402,1189,728.0079445860185
S-10,M+,cen4,MG,MOMENTO_MEIO_VAO_LONG_1,q90,1504.1111305069635,730,719.5660191754185
S-10,M+,cen4,MT,MOMENTO_MEIO_VAO_LONG_1,q90,1403.5580241660484,941,720.3323366288683
S-10,M+,cen4,PB,MOMENTO_MEIO_VAO_LONG_1,q90,1455.574713862234,200,669.164972302422
S-10,M+,cen4,RJ,MOMENTO_MEIO_VAO_LONG_1,q90,1448.1822715702633,294,725.2222110889818
S-10,M+,cen4,SP,MOMENTO_MEIO_VAO_LONG_1,q90,1443.6021387857913,538,718.6469502568578
S-10,M+,cen4,SC,MOMENTO_MEIO_VAO_LONG_1,q90,1563.3158136639663,763,727.194446377526
S-10,M+,cen4,PR,MOMENTO_MEIO_VAO_LONG_1,q90,1469.6142804457827,833,723.4513341773553
S-10,M+,cen6,MG,MOMENTO_MEIO_VAO_LONG_1,q90,1625.853904726173,734,732.2397704150854
S-10,M+,cen6,MT,MOMENTO_MEIO_VAO_LONG_1,q90,1431.586570570524,930,733.756367539333
S-10,M+,cen6,PB,MOMENTO_MEIO_VAO_LONG_1,q90,1447.7616842690095,200,669.164972302422
S-10,M+,cen6,RJ,MOMENTO_MEIO_VAO_LONG_1,q90,1468.409544516489,291,735.3683048404712
S-10,M+,cen6,SP,MOMENTO_MEIO_VAO_LONG_1,q90,1457.4390008726623,548,731.004991323707
S-10,M+,cen6,SC,MOMENTO_MEIO_VAO_LONG_1,q90,1523.0789395607862,785,743.9354193361887
S-10,M+,cen6,PR,MOMENTO_MEIO_VAO_LONG_1,q90,1483.7268621007413,852,739.6510993325198
S-10,M+,cen8,MG,MOMENTO_MEIO_VAO_LONG_1,q90,1520.2887862973173,826,731.115545531776
S-10,M+,cen8,MT,MOMENTO_MEIO_VAO_LONG_1,q90,1415.7192675221288,1034,733.0924098148948
S-10,M+,cen8,PB,MOMENTO_MEIO_VAO_LONG_1,q90,1422.6678227948535,200,671.8054221370148
S-10,M+,cen8,RJ,MOMENTO_MEIO_VAO_LONG_1,q90,1506.0428058782747,323,731.9696143186438
S-10,M+,cen8,SP,MOMENTO_MEIO_VAO_LONG_1,q90,1541.1370904671485,615,728.7871295569341
S-10,M+,cen8,SC,MOMENTO_MEIO_VAO_LONG_1,q90,1588.452496774909,906,740.8694759627638
S-10,M+,cen8,PR,MOMENTO_MEIO_VAO_LONG_1,q90,1555.372933444943,980,738.1632228381632
S-10,M+,cen2,MG,MOMENTO_MEIO_VAO_LONG_1,q925,1473.6204390916473,739,738.3032759129663
S-10,M+,cen2,MT,MOMENTO_MEIO_VAO_LONG_1,q925,1499.721107457105,919,739.6358667931556
S-10,M+,cen2,PB,MOMENTO_MEIO_VAO_LONG_1,q925,1458.3104905811867,200,680.9937259944257
S-10,M+,cen2,RJ,MOMENTO_MEIO_VAO_LONG_1,q925,1419.363484407791,288,740.2817246910778
S-10,M+,cen2,SP,MOMENTO_MEIO_VAO_LONG_1,q925,1434.1528630200748,543,736.2391312464514
S-10,M+,cen2,SC,MOMENTO_MEIO_VAO_LONG_1,q925,1724.7351248778198,809,744.4055147315598
S-10,M+,cen2,PR,MOMENTO_MEIO_VAO_LONG_1,q925,1550.5167472983403,892,744.1303043748995
S-10,M+,cen4,MG,MOMENTO_MEIO_VAO_LONG_1,q925,1478.7376002685346,548,733.6900128076187
S-10,M+,cen4,MT,MOMENTO_MEIO_VAO_LONG_1,q925,1398.5728848305075,706,734.2703936679706
S-10,M+,cen4,PB,MOMENTO_MEIO_VAO_LONG_1,q925,1455.574713862234,200,669.164972302422
S-10,M+,cen4,RJ,MOMENTO_MEIO_VAO_LONG_1,q925,1436.7666967593887,221,742.701649964189
S-10,M+,cen4,SP,MOMENTO_MEIO_VAO_LONG_1,q925,1416.2533403269972,403,732.7452744728643
S-10,M+,cen4,SC,MOMENTO_MEIO_VAO_LONG_1,q925,1554.0762445350035,572,741.4308509503619
S-10,M+,cen4,PR,MOMENTO_MEIO_VAO_LONG_1,q925,1450.2447141634516,625,738.9460280838343
S-10,M+,cen6,MG,MOMENTO_MEIO_VAO_LONG_1,q925,1610.9444516973929,550,748.5493557034033
S-10,M+,cen6,MT,MOMENTO_MEIO_VAO_LONG_1,q925,1426.9529547277712,697,751.7444815609279
S-10,M+,cen6,PB,MOMENTO_MEIO_VAO_LONG_1,q925,1447.7616842690095,200,669.164972302422
S-10,M+,cen6,RJ,MOMENTO_MEIO_VAO_LONG_1,q925,1481.1473054727817,218,757.6587847764749
S-10,M+,cen6,SP,MOMENTO_MEIO_VAO_LONG_1,q925,1448.8362944293997,411,748.3765581929869
S-10,M+,cen6,SC,MOMENTO_MEIO_VAO_LONG_1,q925,1518.1276683053431,589,761.2854179122508
S-10,M+,cen6,PR,MOMENTO_MEIO_VAO_LONG_1,q925,1473.4491712449471,639,757.4337759728292
S-10,M+,cen8,MG,MOMENTO_MEIO_VAO_LONG_1,q925,1499.58540932399,619,748.8961153100898
S-10,M+,cen8,MT,MOMENTO_MEIO_VAO_LONG_1,q925,1407.075322315009,775,750.4677175228056
S-10,M+,cen8,PB,MOMENTO_MEIO_VAO_LONG_1,q925,1422.6678227948535,200,671.8054221370148
S-10,M+,cen8,RJ,MOMENTO_MEIO_VAO_LONG_1,q925,1509.9094320840875,243,752.2051309628816
S-10,M+,cen8,SP,MOMENTO_MEIO_VAO_LONG_1,q925,1566.9389561973667,462,746.445415328573
S-10,M+,cen8,SC,MOMENTO_MEIO_VAO_LONG_1,q925,1582.4693058628864,679,756.6089485967127
S-10,M+,cen8,PR,MOMENTO_MEIO_VAO_LONG_1,q925,1562.7648121891707,735,756.0415811281119
S-10,M+,cen2,MG,MOMENTO_MEIO_VAO_LONG_1,q95,1435.593425748124,493,760.7681477032023
S-10,M+,cen2,MT,MOMENTO_MEIO_VAO_LONG_1,q95,1497.3006657741334,613,763.3858106231621
S-10,M+,cen2,PB,MOMENTO_MEIO_VAO_LONG_1,q95,1458.3104905811867,200,680.9937259944257
S-10,M+,cen2,RJ,MOMENTO_MEIO_VAO_LONG_1,q95,1412.766076287171,200,764.5211885120286
S-10,M+,cen2,SP,MOMENTO_MEIO_VAO_LONG_1,q95,1405.9397665669753,362,759.7443686102557
S-10,M+,cen2,SC,MOMENTO_MEIO_VAO_LONG_1,q95,1713.309204233884,540,766.2611500527694
S-10,M+,cen2,PR,MOMENTO_MEIO_VAO_LONG_1,q95,1545.3783909992753,595,769.2964360354891
S-10,M+,cen4,MG,MOMENTO_MEIO_VAO_LONG_1,q95,1445.9263077310195,365,754.725300016602
S-10,M+,cen4,MT,MOMENTO_MEIO_VAO_LONG_1,q95,1397.1037482129548,471,757.3052349638544
S-10,M+,cen4,PB,MOMENTO_MEIO_VAO_LONG_1,q95,1455.574713862234,200,669.164972302422
S-10,M+,cen4,RJ,MOMENTO_MEIO_VAO_LONG_1,q95,1432.480161891368,200,750.2695292547688
S-10,M+,cen4,SP,MOMENTO_MEIO_VAO_LONG_1,q95,1387.6188462555965,269,756.9136027710703
S-10,M+,cen4,SC,MOMENTO_MEIO_VAO_LONG_1,q95,1537.301065541209,382,763.9331533036043
S-10,M+,cen4,PR,MOMENTO_MEIO_VAO_LONG_1,q95,1430.6527067357592,417,763.5264938815559
S-10,M+,cen6,MG,MOMENTO_MEIO_VAO_LONG_1,q95,1593.6228125877055,367,774.0411654552936
S-10,M+,cen6,MT,MOMENTO_MEIO_VAO_LONG_1,q95,1429.34394327788,465,775.5689126263079
S-10,M+,cen6,PB,MOMENTO_MEIO_VAO_LONG_1,q95,1447.7616842690095,200,669.164972302422
S-10,M+,cen6,RJ,MOMENTO_MEIO_VAO_LONG_1,q95,1485.040623338423,200,762.8140849242799
S-10,M+,cen6,SP,MOMENTO_MEIO_VAO_LONG_1,q95,1428.1317230852046,274,778.055998587235
S-10,M+,cen6,SC,MOMENTO_MEIO_VAO_LONG_1,q95,1508.2471357052577,393,787.469847427336
S-10,M+,cen6,PR,MOMENTO_MEIO_VAO_LONG_1,q95,1461.049287720713,426,782.985001095767
S-10,M+,cen8,MG,MOMENTO_MEIO_VAO_LONG_1,q95,1465.1228639301949,413,771.566004242502
S-10,M+,cen8,MT,MOMENTO_MEIO_VAO_LONG_1,q95,1398.908055928457,517,774.5118977685185
S-10,M+,cen8,PB,MOMENTO_MEIO_VAO_LONG_1,q95,1422.6678227948535,200,671.8054221370148
S-10,M+,cen8,RJ,MOMENTO_MEIO_VAO_LONG_1,q95,1512.1287705044356,200,765.3383046250782
S-10,M+,cen8,SP,MOMENTO_MEIO_VAO_LONG_1,q95,1579.6932823962716,308,774.5695902642356
S-10,M+,cen8,SC,MOMENTO_MEIO_VAO_LONG_1,q95,1575.7875670184208,453,781.3512563002815
S-10,M+,cen8,PR,MOMENTO_MEIO_VAO_LONG_1,q95,1567.2743132105215,490,782.1083499215915
S-10,M+,cen2,MG,MOMENTO_MEIO_VAO_LONG_1,frac058,1552.7254557587357,7506,616.0365300017186
S-10,M+,cen2,MT,MOMENTO_MEIO_VAO_LONG_1,frac058,1531.66522939147,4259,661.7671502313435
S-10,M+,cen2,PB,MOMENTO_MEIO_VAO_LONG_1,frac058,1372.8745791599222,920,599.464933189561
S-10,M+,cen2,RJ,MOMENTO_MEIO_VAO_LONG_1,frac058,1514.6981784636757,1670,644.1551337765932
S-10,M+,cen2,SP,MOMENTO_MEIO_VAO_LONG_1,frac058,1555.1544512723146,3488,639.7219470948829
S-10,M+,cen2,SC,MOMENTO_MEIO_VAO_LONG_1,frac058,1723.1284940025457,1823,701.0561891933578
S-10,M+,cen2,PR,MOMENTO_MEIO_VAO_LONG_1,frac058,1590.6935547252613,3293,673.0008043402307
S-10,M+,cen4,MG,MOMENTO_MEIO_VAO_LONG_1,frac058,1537.77253706145,5494,616.0365300017186
S-10,M+,cen4,MT,MOMENTO_MEIO_VAO_LONG_1,frac058,1448.8528559620895,4037,647.6429787588701
S-10,M+,cen4,PB,MOMENTO_MEIO_VAO_LONG_1,frac058,1349.836648159731,738,599.464933189561
S-10,M+,cen4,RJ,MOMENTO_MEIO_VAO_LONG_1,frac058,1550.047657081765,1278,644.1551337765932
S-10,M+,cen4,SP,MOMENTO_MEIO_VAO_LONG_1,frac058,1534.488576804506,3638,620.4037194242886
S-10,M+,cen4,SC,MOMENTO_MEIO_VAO_LONG_1,frac058,1547.7867944947898,3524,643.0816463839411
S-10,M+,cen4,PR,MOMENTO_MEIO_VAO_LONG_1,frac058,1549.4652934799242,3042,654.5418645670327
S-10,M+,cen6,MG,MOMENTO_MEIO_VAO_LONG_1,frac058,1651.0717484667662,1124,709.0796945212076
S-10,M+,cen6,MT,MOMENTO_MEIO_VAO_LONG_1,frac058,1529.741216291042,4989,637.2837575290215
S-10,M+,cen6,PB,MOMENTO_MEIO_VAO_LONG_1,frac058,1358.4082640509614,717,599.464933189561
S-10,M+,cen6,RJ,MOMENTO_MEIO_VAO_LONG_1,frac058,1541.89866607584,1315,644.1551337765932
S-10,M+,cen6,SP,MOMENTO_MEIO_VAO_LONG_1,frac058,1565.3152138610842,3084,632.6196415312481
S-10,M+,cen6,SC,MOMENTO_MEIO_VAO_LONG_1,frac058,1552.3024406991344,3921,643.0816463839411
S-10,M+,cen6,PR,MOMENTO_MEIO_VAO_LONG_1,frac058,1573.315654027961,3347,655.5592200293867
S-10,M+,cen8,MG,MOMENTO_MEIO_VAO_LONG_1,frac058,1578.7263274978059,5546,623.8470142794844
S-10,M+,cen8,MT,MOMENTO_MEIO_VAO_LONG_1,frac058,1499.8090350502407,4639,647.6429787588701
S-10,M+,cen8,PB,MOMENTO_MEIO_VAO_LONG_1,frac058,1343.9505062161536,770,599.464933189561
S-10,M+,cen8,RJ,MOMENTO_MEIO_VAO_LONG_1,frac058,1580.044207447811,1463,644.1551337765932
S-10,M+,cen8,SP,MOMENTO_MEIO_VAO_LONG_1,frac058,1540.0201329834736,1001,701.8778229128447
S-10,M+,cen8,SC,MOMENTO_MEIO_VAO_LONG_1,frac058,1579.4652932767015,2562,677.9614828242561
S-10,M+,cen8,PR,MOMENTO_MEIO_VAO_LONG_1,frac058,1567.2647775301064,2421,683.0229811107771
S-20,V,cen2,MG,CORTANTE_APOIO_INICIO_LONG_1,q85,967.7112641287779,12156,394.02916888551755
S-20,V,cen2,MT,CORTANTE_APOIO_INICIO_LONG_1,q85,990.5349161470588,12272,410.9040612434057
S-20,V,cen2,PB,CORTANTE_APOIO_INICIO_LONG_1,q85,894.9424290826241,1875,380.0447237966545
S-20,V,cen2,RJ,CORTANTE_APOIO_INICIO_LONG_1,q85,954.2483227961086,6371,376.64756695468486
S-20,V,cen2,SP,CORTANTE_APOIO_INICIO_LONG_1,q85,961.0879156759413,10701,382.154017685703
S-20,V,cen2,SC,CORTANTE_APOIO_INICIO_LONG_1,q85,942.7732835075867,14856,390.38148888307376
S-20,V,cen2,PR,CORTANTE_APOIO_INICIO_LONG_1,q85,972.594005882903,15743,394.69359058881787
S-20,V,cen4,MG,CORTANTE_APOIO_INICIO_LONG_1,q85,945.5920862621062,10166,390.26762633647115
S-20,V,cen4,MT,CORTANTE_APOIO_INICIO_LONG_1,q85,978.105594661005,10366,407.64639254248885
S-20,V,cen4,PB,CORTANTE_APOIO_INICIO_LONG_1,q85,830.456581542059,1583,379.7408272602798
S-20,V,cen4,RJ,CORTANTE_APOIO_INICIO_LONG_1,q85,957.3622224228432,5331,374.54811299197013
S-20,V,cen4,SP,CORTANTE_APOIO_INICIO_LONG_1,q85,952.1726636051241,8851,379.4078832381221
S-20,V,cen4,SC,CORTANTE_APOIO_INICIO_LONG_1,q85,939.5490042379611,12302,386.12139425554875
S-20,V,cen4,PR,CORTANTE_APOIO_INICIO_LONG_1,q85,981.3497725401924,13087,389.64858782598895
S-20,V,cen6,MG,CORTANTE_APOIO_INICIO_LONG_1,q85,1073.9583321875866,10010,390.4153617255863
S-20,V,cen6,MT,CORTANTE_APOIO_INICIO_LONG_1,q85,1086.0559658560842,10359,406.87681627734844
S-20,V,cen6,PB,CORTANTE_APOIO_INICIO_LONG_1,q85,837.8000913364209,1544,378.8826991750538
S-20,V,cen6,RJ,CORTANTE_APOIO_INICIO_LONG_1,q85,992.9057599072758,5216,374.07177473818166
S-20,V,cen6,SP,CORTANTE_APOIO_INICIO_LONG_1,q85,1033.5941467806156,8668,379.6518135073962
S-20,V,cen6,SC,CORTANTE_APOIO_INICIO_LONG_1,q85,1047.5898194275169,12106,386.5469754841262
S-20,V,cen6,PR,CORTANTE_APOIO_INICIO_LONG_1,q85,1078.975550375213,12874,389.97838803155025
S-20,V,cen8,MG,CORTANTE_APOIO_INICIO_LONG_1,q85,1018.8368700700848,10672,392.0103269911982
S-20,V,cen8,MT,CORTANTE_APOIO_INICIO_LONG_1,q85,1051.741338660292,10930,408.72984450293393
S-20,V,cen8,PB,CORTANTE_APOIO_INICIO_LONG_1,q85,839.0501192748995,1636,379.6561947940948
S-20,V,cen8,RJ,CORTANTE_APOIO_INICIO_LONG_1,q85,1015.4069677656292,5554,375.4720943384032
S-20,V,cen8,SP,CORTANTE_APOIO_INICIO_LONG_1,q85,1029.763030699523,9308,381.3022089665605
S-20,V,cen8,SC,CORTANTE_APOIO_INICIO_LONG_1,q85,1038.1445653674436,12990,388.96327600365896
S-20,V,cen8,PR,CORTANTE_APOIO_INICIO_LONG_1,q85,1054.1300443753182,13801,392.6114901891251
S-20,V,cen2,MG,CORTANTE_APOIO_INICIO_LONG_1,q90,983.5723562669506,8104,410.00725831357494
S-20,V,cen2,MT,CORTANTE_APOIO_INICIO_LONG_1,q90,995.6357391970619,8182,426.29811119355605
S-20,V,cen2,PB,CORTANTE_APOIO_INICIO_LONG_1,q90,907.5693134876744,1250,394.17256846826314
S-20,V,cen2,RJ,CORTANTE_APOIO_INICIO_LONG_1,q90,948.4231282204742,4247,390.2431019537469
S-20,V,cen2,SP,CORTANTE_APOIO_INICIO_LONG_1,q90,971.0952717743825,7134,396.84187711155386
S-20,V,cen2,SC,CORTANTE_APOIO_INICIO_LONG_1,q90,951.5859614646467,9904,405.95664836948544
S-20,V,cen2,PR,CORTANTE_APOIO_INICIO_LONG_1,q90,979.2177954241166,10495,410.299838935809
S-20,V,cen4,MG,CORTANTE_APOIO_INICIO_LONG_1,q90,963.8426122708743,6777,405.7968838216557
S-20,V,cen4,MT,CORTANTE_APOIO_INICIO_LONG_1,q90,983.0498229314612,6911,422.47165525690883
S-20,V,cen4,PB,CORTANTE_APOIO_INICIO_LONG_1,q90,831.693037495824,1056,393.17857113751523
S-20,V,cen4,RJ,CORTANTE_APOIO_INICIO_LONG_1,q90,946.5452680537288,3554,387.6387006288283
S-20,V,cen4,SP,CORTANTE_APOIO_INICIO_LONG_1,q90,962.3438080162699,5901,393.762721436715
S-20,V,cen4,SC,CORTANTE_APOIO_INICIO_LONG_1,q90,945.0046246517445,8202,400.6820684841223
S-20,V,cen4,PR,CORTANTE_APOIO_INICIO_LONG_1,q90,988.4541432567669,8725,404.18427504082536
S-20,V,cen6,MG,CORTANTE_APOIO_INICIO_LONG_1,q90,1083.5913356379199,6674,406.3558127516607
S-20,V,cen6,MT,CORTANTE_APOIO_INICIO_LONG_1,q90,1083.1463139683715,6906,422.6686727434215
S-20,V,cen6,PB,CORTANTE_APOIO_INICIO_LONG_1,q90,836.6809452288146,1029,392.0768849219004
S-20,V,cen6,RJ,CORTANTE_APOIO_INICIO_LONG_1,q90,976.2505837616984,3477,387.5698208007031
S-20,V,cen6,SP,CORTANTE_APOIO_INICIO_LONG_1,q90,1046.0087503414152,5779,394.4097050995461
S-20,V,cen6,SC,CORTANTE_APOIO_INICIO_LONG_1,q90,1042.2161727913942,8071,401.6608380433807
S-20,V,cen6,PR,CORTANTE_APOIO_INICIO_LONG_1,q90,1070.1692812377726,8583,405.34340871920534
S-20,V,cen8,MG,CORTANTE_APOIO_INICIO_LONG_1,q90,1029.072321527852,7115,408.26035509665485
S-20,V,cen8,MT,CORTANTE_APOIO_INICIO_LONG_1,q90,1042.394311996904,7287,424.15758375974974
S-20,V,cen8,PB,CORTANTE_APOIO_INICIO_LONG_1,q90,838.674253937522,1091,393.425250657948
S-20,V,cen8,RJ,CORTANTE_APOIO_INICIO_LONG_1,q90,1009.2656075313373,3703,389.15581124120393
S-20,V,cen8,SP,CORTANTE_APOIO_INICIO_LONG_1,q90,1044.9483828411228,6205,396.3641965802807
S-20,V,cen8,SC,CORTANTE_APOIO_INICIO_LONG_1,q90,1034.8027916249953,8660,404.17392654065065
S-20,V,cen8,PR,CORTANTE_APOIO_INICIO_LONG_1,q90,1041.2975641200137,9201,407.9552827074749
S-20,V,cen2,MG,CORTANTE_APOIO_INICIO_LONG_1,q925,990.5902173717787,6078,420.3260867377443
S-20,V,cen2,MT,CORTANTE_APOIO_INICIO_LONG_1,q925,997.2202556150223,6136,437.1443041511813
S-20,V,cen2,PB,CORTANTE_APOIO_INICIO_LONG_1,q925,917.8328702607619,938,403.2213254095394
S-20,V,cen2,RJ,CORTANTE_APOIO_INICIO_LONG_1,q925,943.6670627002677,3186,400.3436928301424
S-20,V,cen2,SP,CORTANTE_APOIO_INICIO_LONG_1,q925,979.0094708151312,5351,407.43712272582843
S-20,V,cen2,SC,CORTANTE_APOIO_INICIO_LONG_1,q925,957.7811727385481,7428,416.71416791452685
S-20,V,cen2,PR,CORTANTE_APOIO_INICIO_LONG_1,q925,980.5804818415637,7872,420.9196966793597
S-20,V,cen4,MG,CORTANTE_APOIO_INICIO_LONG_1,q925,972.2690020806722,5083,416.0150852075187
S-20,V,cen4,MT,CORTANTE_APOIO_INICIO_LONG_1,q925,984.4586299350613,5183,432.7564150968893
S-20,V,cen4,PB,CORTANTE_APOIO_INICIO_LONG_1,q925,832.853908832722,792,402.42064900478204
S-20,V,cen4,RJ,CORTANTE_APOIO_INICIO_LONG_1,q925,938.707281945434,2666,397.4470477378658
S-20,V,cen4,SP,CORTANTE_APOIO_INICIO_LONG_1,q925,972.0141287283399,4426,403.57819065395563
S-20,V,cen4,SC,CORTANTE_APOIO_INICIO_LONG_1,q925,949.1857676035453,6151,410.83727214173535
S-20,V,cen4,PR,CORTANTE_APOIO_INICIO_LONG_1,q925,989.6846357742282,6544,414.39419311130354
S-20,V,cen6,MG,CORTANTE_APOIO_INICIO_LONG_1,q925,1082.4861684183809,5005,416.98491504115566
S-20,V,cen6,MT,CORTANTE_APOIO_INICIO_LONG_1,q925,1076.5440293229572,5180,433.52495823651276
S-20,V,cen6,PB,CORTANTE_APOIO_INICIO_LONG_1,q925,835.9675359765823,772,401.5277473826464
S-20,V,cen6,RJ,CORTANTE_APOIO_INICIO_LONG_1,q925,964.4250103862671,2608,397.8503755705335
S-20,V,cen6,SP,CORTANTE_APOIO_INICIO_LONG_1,q925,1056.9183725836037,4334,404.7598819502979
S-20,V,cen6,SC,CORTANTE_APOIO_INICIO_LONG_1,q925,1036.9288244377929,6053,412.6211060964091
S-20,V,cen6,PR,CORTANTE_APOIO_INICIO_LONG_1,q925,1059.3957461380296,6437,416.02213810004946
S-20,V,cen8,MG,CORTANTE_APOIO_INICIO_LONG_1,q925,1029.7885814454607,5336,418.93982193261553
S-20,V,cen8,MT,CORTANTE_APOIO_INICIO_LONG_1,q925,1031.779657613501,5465,435.10562255073603
S-20,V,cen8,PB,CORTANTE_APOIO_INICIO_LONG_1,q925,835.8381127379614,818,402.6861420970352
S-20,V,cen8,RJ,CORTANTE_APOIO_INICIO_LONG_1,q925,1003.4363870485581,2777,399.18023431406255
S-20,V,cen8,SP,CORTANTE_APOIO_INICIO_LONG_1,q925,1056.199173411599,4654,406.8807587691296
S-20,V,cen8,SC,CORTANTE_APOIO_INICIO_LONG_1,q925,1029.3127917158386,6495,414.93924107243873
S-20,V,cen8,PR,CORTANTE_APOIO_INICIO_LONG_1,q925,1027.8736955721383,6901,418.59511050874397
S-20,V,cen2,MG,CORTANTE_APOIO_INICIO_LONG_1,q95,995.0554738303485,4052,435.25992519981753
S-20,V,cen2,MT,CORTANTE_APOIO_INICIO_LONG_1,q95,995.3160333602291,4091,452.04253840890345
S-20,V,cen2,PB,CORTANTE_APOIO_INICIO_LONG_1,q95,936.5885281120636,625,417.4229336248511
S-20,V,cen2,RJ,CORTANTE_APOIO_INICIO_LONG_1,q95,937.085630208411,2124,413.77949714868276
S-20,V,cen2,SP,CORTANTE_APOIO_INICIO_LONG_1,q95,986.9332810753461,3567,421.74043466645367
S-20,V,cen2,SC,CORTANTE_APOIO_INICIO_LONG_1,q95,964.2550485795766,4952,431.51589377715123
S-20,V,cen2,PR,CORTANTE_APOIO_INICIO_LONG_1,q95,975.4387310913205,5248,435.41312050121684
S-20,V,cen4,MG,CORTANTE_APOIO_INICIO_LONG_1,q95,981.7892264149847,3389,430.2419458784115
S-20,V,cen4,MT,CORTANTE_APOIO_INICIO_LONG_1,q95,979.7774506311536,3456,446.87435852763844
S-20,V,cen4,PB,CORTANTE_APOIO_INICIO_LONG_1,q95,839.1966856127206,528,415.5561146697588
S-20,V,cen4,RJ,CORTANTE_APOIO_INICIO_LONG_1,q95,926.8415918069287,1777,410.2840465949972
S-20,V,cen4,SP,CORTANTE_APOIO_INICIO_LONG_1,q95,986.4021391369258,2951,417.67974554022385
S-20,V,cen4,SC,CORTANTE_APOIO_INICIO_LONG_1,q95,954.3347568085984,4101,424.78027787537627
S-20,V,cen4,PR,CORTANTE_APOIO_INICIO_LONG_1,q95,986.7715502339286,4363,427.9003479771817
S-20,V,cen6,MG,CORTANTE_APOIO_INICIO_LONG_1,q95,1075.9637128315308,3337,432.23964686824684
S-20,V,cen6,MT,CORTANTE_APOIO_INICIO_LONG_1,q95,1059.5465180165147,3453,449.0021613365709
S-20,V,cen6,PB,CORTANTE_APOIO_INICIO_LONG_1,q95,841.4495530712529,515,414.4202269870463
S-20,V,cen6,RJ,CORTANTE_APOIO_INICIO_LONG_1,q95,945.1109525809666,1739,411.2908197425291
S-20,V,cen6,SP,CORTANTE_APOIO_INICIO_LONG_1,q95,1072.615448541785,2890,419.4514724972672
S-20,V,cen6,SC,CORTANTE_APOIO_INICIO_LONG_1,q95,1025.629068387534,4036,427.9970597706838
S-20,V,cen6,PR,CORTANTE_APOIO_INICIO_LONG_1,q95,1040.4962241402764,4292,431.1392492009602
S-20,V,cen8,MG,CORTANTE_APOIO_INICIO_LONG_1,q95,1027.2052237271942,3558,434.1959613857493
S-20,V,cen8,MT,CORTANTE_APOIO_INICIO_LONG_1,q95,1008.6037217195126,3644,450.37120300776724
S-20,V,cen8,PB,CORTANTE_APOIO_INICIO_LONG_1,q95,836.4243720704734,546,415.62132640418815
S-20,V,cen8,RJ,CORTANTE_APOIO_INICIO_LONG_1,q95,995.5400741579385,1852,412.26356917132784
S-20,V,cen8,SP,CORTANTE_APOIO_INICIO_LONG_1,q95,1073.9941177223145,3103,421.5220272797064
S-20,V,cen8,SC,CORTANTE_APOIO_INICIO_LONG_1,q95,1023.0537166101868,4330,429.9364148957528
S-20,V,cen8,PR,CORTANTE_APOIO_INICIO_LONG_1,q95,1006.5806083641971,4601,433.3423138778175
S-20,V,cen2,MG,CORTANTE_APOIO_INICIO_LONG_1,frac058,994.390963243517,5147,426.368265931384
S-20,V,cen2,MT,CORTANTE_APOIO_INICIO_LONG_1,frac058,992.8663083299714,10166,417.87388594042284
S-20,V,cen2,PB,CORTANTE_APOIO_INICIO_LONG_1,frac058,925.1171958720017,776,410.2935201514755
S-20,V,cen2,RJ,CORTANTE_APOIO_INICIO_LONG_1,frac058,941.7530383263058,2917,403.3735510708997
S-20,V,cen2,SP,CORTANTE_APOIO_INICIO_LONG_1,frac058,978.8719281068704,5384,407.24822023914754
S-20,V,cen2,SC,CORTANTE_APOIO_INICIO_LONG_1,frac058,950.5899629737894,10291,404.458634907077
S-20,V,cen2,PR,CORTANTE_APOIO_INICIO_LONG_1,frac058,976.1964513088201,5442,434.2859384182517
S-20,V,cen4,MG,CORTANTE_APOIO_INICIO_LONG_1,frac058,980.1876580062885,3763,426.368265931384
S-20,V,cen4,MT,CORTANTE_APOIO_INICIO_LONG_1,frac058,980.4610859131134,8497,415.0258973756006
S-20,V,cen4,PB,CORTANTE_APOIO_INICIO_LONG_1,frac058,834.7324104616945,2091,370.82194257165224
S-20,V,cen4,RJ,CORTANTE_APOIO_INICIO_LONG_1,frac058,932.8399888979716,2218,403.3735510708997
S-20,V,cen4,SP,CORTANTE_APOIO_INICIO_LONG_1,frac058,986.9271016415535,2904,418.3107453885414
S-20,V,cen4,SC,CORTANTE_APOIO_INICIO_LONG_1,frac058,946.5910948759115,7305,404.458634907077
S-20,V,cen4,PR,CORTANTE_APOIO_INICIO_LONG_1,frac058,984.7336456720374,3622,434.28593748750194
S-20,V,cen6,MG,CORTANTE_APOIO_INICIO_LONG_1,frac058,1040.2961004325994,1691,456.4225532953956
S-20,V,cen6,MT,CORTANTE_APOIO_INICIO_LONG_1,frac058,1037.6007959128983,2259,464.2924596145214
S-20,V,cen6,PB,CORTANTE_APOIO_INICIO_LONG_1,frac058,841.7024264170905,1969,370.82194257165224
S-20,V,cen6,RJ,CORTANTE_APOIO_INICIO_LONG_1,frac058,956.5039554668211,2216,403.3735510708997
S-20,V,cen6,SP,CORTANTE_APOIO_INICIO_LONG_1,frac058,1089.6336291503926,1541,442.83467376425415
S-20,V,cen6,SC,CORTANTE_APOIO_INICIO_LONG_1,frac058,1038.4649885577119,6448,410.1919479701434
S-20,V,cen6,PR,CORTANTE_APOIO_INICIO_LONG_1,frac058,1036.3917617429051,3968,434.28593748750194
S-20,V,cen8,MG,CORTANTE_APOIO_INICIO_LONG_1,frac058,1030.134724301427,4351,426.368265931384
S-20,V,cen8,MT,CORTANTE_APOIO_INICIO_LONG_1,frac058,1047.7788620462304,9075,415.7391459421176
S-20,V,cen8,PB,CORTANTE_APOIO_INICIO_LONG_1,frac058,842.951294117923,2141,370.82194257165224
S-20,V,cen8,RJ,CORTANTE_APOIO_INICIO_LONG_1,frac058,1006.0124396084143,686,451.4676864310494
S-20,V,cen8,SP,CORTANTE_APOIO_INICIO_LONG_1,frac058,1199.8055649570874,275,510.1132023999673
S-20,V,cen8,SC,CORTANTE_APOIO_INICIO_LONG_1,frac058,1012.5787732523308,2773,447.17814081758473
S-20,V,cen8,PR,CORTANTE_APOIO_INICIO_LONG_1,frac058,1005.5812229751662,4514,434.28593748750194
S-20,M+,cen2,MG,MOMENTO_MEIO_VAO_LONG_1,q85,4153.364285383197,4555,1859.520676455179
S-20,M+,cen2,MT,MOMENTO_MEIO_VAO_LONG_1,q85,4293.396966715056,6329,1880.3409153240639
S-20,M+,cen2,PB,MOMENTO_MEIO_VAO_LONG_1,q85,4105.402184128047,605,1808.890103642109
S-20,M+,cen2,RJ,MOMENTO_MEIO_VAO_LONG_1,q85,4003.3193138925426,1725,1804.2377696843416
S-20,M+,cen2,SP,MOMENTO_MEIO_VAO_LONG_1,q85,4236.176201729052,3190,1831.260365885251
S-20,M+,cen2,SC,MOMENTO_MEIO_VAO_LONG_1,q85,4216.534660432352,5408,1852.259502821563
S-20,M+,cen2,PR,MOMENTO_MEIO_VAO_LONG_1,q85,4120.580567473742,6285,1860.2472971556672
S-20,M+,cen4,MG,MOMENTO_MEIO_VAO_LONG_1,q85,4197.309253311702,3607,1831.595811310495
S-20,M+,cen4,MT,MOMENTO_MEIO_VAO_LONG_1,q85,4228.498825121545,5212,1859.6075911569185
S-20,M+,cen4,PB,MOMENTO_MEIO_VAO_LONG_1,q85,3647.7695287039314,503,1801.6559622054901
S-20,M+,cen4,RJ,MOMENTO_MEIO_VAO_LONG_1,q85,3938.1975366195493,1376,1790.213892911962
S-20,M+,cen4,SP,MOMENTO_MEIO_VAO_LONG_1,q85,4215.525747768752,2472,1814.147669015968
S-20,M+,cen4,SC,MOMENTO_MEIO_VAO_LONG_1,q85,4095.150642561685,4165,1818.4430672384797
S-20,M+,cen4,PR,MOMENTO_MEIO_VAO_LONG_1,q85,4208.751121596002,4888,1825.285738131046
S-20,M+,cen6,MG,MOMENTO_MEIO_VAO_LONG_1,q85,4802.420327225265,3485,1846.9510971046038
S-20,M+,cen6,MT,MOMENTO_MEIO_VAO_LONG_1,q85,4762.833172478221,4952,1872.360156908646
S-20,M+,cen6,PB,MOMENTO_MEIO_VAO_LONG_1,q85,3790.264183925913,477,1802.613704932193
S-20,M+,cen6,RJ,MOMENTO_MEIO_VAO_LONG_1,q85,4045.130468464383,1318,1801.8576675439272
S-20,M+,cen6,SP,MOMENTO_MEIO_VAO_LONG_1,q85,4946.014380539844,2408,1829.1284958257934
S-20,M+,cen6,SC,MOMENTO_MEIO_VAO_LONG_1,q85,4466.732021436479,4053,1837.6802931106886
S-20,M+,cen6,PR,MOMENTO_MEIO_VAO_LONG_1,q85,4718.251109295381,4714,1841.5955914819292
S-20,M+,cen8,MG,MOMENTO_MEIO_VAO_LONG_1,q85,4476.497650291131,3865,1855.6535906407657
S-20,M+,cen8,MT,MOMENTO_MEIO_VAO_LONG_1,q85,4587.291756812199,5376,1878.5419141965574
S-20,M+,cen8,PB,MOMENTO_MEIO_VAO_LONG_1,q85,3742.824168920005,514,1805.7126482818326
S-20,M+,cen8,RJ,MOMENTO_MEIO_VAO_LONG_1,q85,4244.726773115331,1464,1804.2764695031085
S-20,M+,cen8,SP,MOMENTO_MEIO_VAO_LONG_1,q85,4460.219472555525,2694,1836.1900147575677
S-20,M+,cen8,SC,MOMENTO_MEIO_VAO_LONG_1,q85,4431.758650548902,4560,1848.5674797640536
S-20,M+,cen8,PR,MOMENTO_MEIO_VAO_LONG_1,q85,4503.2165272978655,5286,1856.019154959303
S-20,M+,cen2,MG,MOMENTO_MEIO_VAO_LONG_1,q90,4155.613832126049,3037,1923.3735650612705
S-20,M+,cen2,MT,MOMENTO_MEIO_VAO_LONG_1,q90,4287.160876751019,4219,1947.4921343988237
S-20,M+,cen2,PB,MOMENTO_MEIO_VAO_LONG_1,q90,4142.958498263093,404,1861.6321491016993
S-20,M+,cen2,RJ,MOMENTO_MEIO_VAO_LONG_1,q90,3973.4762302501,1150,1869.8909571191543
S-20,M+,cen2,SP,MOMENTO_MEIO_VAO_LONG_1,q90,4224.9811669291685,2127,1893.2311153295705
S-20,M+,cen2,SC,MOMENTO_MEIO_VAO_LONG_1,q90,4255.989074502449,3605,1916.3521329707648
S-20,M+,cen2,PR,MOMENTO_MEIO_VAO_LONG_1,q90,4103.114406629931,4190,1924.7953221496066
S-20,M+,cen4,MG,MOMENTO_MEIO_VAO_LONG_1,q90,4229.493082165378,2405,1893.8198706847106
S-20,M+,cen4,MT,MOMENTO_MEIO_VAO_LONG_1,q90,4229.315371224375,3475,1922.5454372958234
S-20,M+,cen4,PB,MOMENTO_MEIO_VAO_LONG_1,q90,3649.644661404346,336,1857.4189422356685
S-20,M+,cen4,RJ,MOMENTO_MEIO_VAO_LONG_1,q90,3911.2779892337653,918,1852.33762765134
S-20,M+,cen4,SP,MOMENTO_MEIO_VAO_LONG_1,q90,4212.571042262018,1648,1871.2211013874924
S-20,M+,cen4,SC,MOMENTO_MEIO_VAO_LONG_1,q90,4114.128939652447,2777,1877.957681327053
S-20,M+,cen4,PR,MOMENTO_MEIO_VAO_LONG_1,q90,4183.6249607063455,3259,1882.659535709137
S-20,M+,cen6,MG,MOMENTO_MEIO_VAO_LONG_1,q90,4742.412161859816,2324,1914.8620415576831
S-20,M+,cen6,MT,MOMENTO_MEIO_VAO_LONG_1,q90,4681.2936530056795,3302,1940.9353788837457
S-20,M+,cen6,PB,MOMENTO_MEIO_VAO_LONG_1,q90,3773.8100020155507,318,1858.7067762080658
S-20,M+,cen6,RJ,MOMENTO_MEIO_VAO_LONG_1,q90,3966.6479111008753,879,1873.3977967540495
S-20,M+,cen6,SP,MOMENTO_MEIO_VAO_LONG_1,q90,4996.539482030319,1605,1892.8256079559258
S-20,M+,cen6,SC,MOMENTO_MEIO_VAO_LONG_1,q90,4366.786339046718,2702,1905.2135400840657
S-20,M+,cen6,PR,MOMENTO_MEIO_VAO_LONG_1,q90,4596.205268888367,3143,1909.2105132496113
S-20,M+,cen8,MG,MOMENTO_MEIO_VAO_LONG_1,q90,4392.847919312246,2577,1921.0222490377723
S-20,M+,cen8,MT,MOMENTO_MEIO_VAO_LONG_1,q90,4470.408459145817,3584,1945.943837371089
S-20,M+,cen8,PB,MOMENTO_MEIO_VAO_LONG_1,q90,3709.1010789295883,343,1860.7416786096028
S-20,M+,cen8,RJ,MOMENTO_MEIO_VAO_LONG_1,q90,4236.815262103563,976,1871.5807883669447
S-20,M+,cen8,SP,MOMENTO_MEIO_VAO_LONG_1,q90,4440.15145171041,1796,1900.1453397293642
S-20,M+,cen8,SC,MOMENTO_MEIO_VAO_LONG_1,q90,4354.66421768588,3040,1916.9301471223687
S-20,M+,cen8,PR,MOMENTO_MEIO_VAO_LONG_1,q90,4372.733070841402,3524,1921.6979669645298
S-20,M+,cen2,MG,MOMENTO_MEIO_VAO_LONG_1,q925,4146.437712845498,2278,1967.8463266706121
S-20,M+,cen2,MT,MOMENTO_MEIO_VAO_LONG_1,q925,4271.218388807708,3165,1995.3581444239487
S-20,M+,cen2,PB,MOMENTO_MEIO_VAO_LONG_1,q925,4158.922054125023,303,1900.7681543156402
S-20,M+,cen2,RJ,MOMENTO_MEIO_VAO_LONG_1,q925,3940.0157443065546,863,1912.4965749199164
S-20,M+,cen2,SP,MOMENTO_MEIO_VAO_LONG_1,q925,4204.584489744225,1595,1938.2540017215954
S-20,M+,cen2,SC,MOMENTO_MEIO_VAO_LONG_1,q925,4267.421683740193,2704,1961.879348659873
S-20,M+,cen2,PR,MOMENTO_MEIO_VAO_LONG_1,q925,4079.4840896467385,3143,1970.9759180531669
S-20,M+,cen4,MG,MOMENTO_MEIO_VAO_LONG_1,q925,4222.161595886076,1804,1932.4328144563485
S-20,M+,cen4,MT,MOMENTO_MEIO_VAO_LONG_1,q925,4209.1673045719235,2606,1964.259227146316
S-20,M+,cen4,PB,MOMENTO_MEIO_VAO_LONG_1,q925,3633.4629387248597,252,1892.3048188351265
S-20,M+,cen4,RJ,MOMENTO_MEIO_VAO_LONG_1,q925,3872.269374648058,688,1898.3844310138188
S-20,M+,cen4,SP,MOMENTO_MEIO_VAO_LONG_1,q925,4201.131525070483,1236,1911.9541478439508
S-20,M+,cen4,SC,MOMENTO_MEIO_VAO_LONG_1,q925,4135.383457878948,2083,1921.009658648865
S-20,M+,cen4,PR,MOMENTO_MEIO_VAO_LONG_1,q925,4159.597410855607,2444,1924.4679795578527
S-20,M+,cen6,MG,MOMENTO_MEIO_VAO_LONG_1,q925,4687.222481016497,1743,1960.893678755666
S-20,M+,cen6,MT,MOMENTO_MEIO_VAO_LONG_1,q925,4620.642418401295,2476,1988.1502235433957
S-20,M+,cen6,PB,MOMENTO_MEIO_VAO_LONG_1,q925,3738.0691536080244,239,1896.525953249591
S-20,M+,cen6,RJ,MOMENTO_MEIO_VAO_LONG_1,q925,3892.492628722549,659,1921.7124991755736
S-20,M+,cen6,SP,MOMENTO_MEIO_VAO_LONG_1,q925,5023.429390427804,1204,1942.0812306608277
S-20,M+,cen6,SC,MOMENTO_MEIO_VAO_LONG_1,q925,4291.808451001297,2027,1955.7705209882179
S-20,M+,cen6,PR,MOMENTO_MEIO_VAO_LONG_1,q925,4518.459884030842,2357,1957.4097738449727
S-20,M+,cen8,MG,MOMENTO_MEIO_VAO_LONG_1,q925,4328.236637900405,1933,1962.942299401325
S-20,M+,cen8,MT,MOMENTO_MEIO_VAO_LONG_1,q925,4378.406427964105,2688,1993.8732440314682
S-20,M+,cen8,PB,MOMENTO_MEIO_VAO_LONG_1,q925,3661.4232411703697,257,1897.514689153078
S-20,M+,cen8,RJ,MOMENTO_MEIO_VAO_LONG_1,q925,4226.748686328882,732,1920.732274332457
S-20,M+,cen8,SP,MOMENTO_MEIO_VAO_LONG_1,q925,4417.838902452943,1347,1948.2083185992158
S-20,M+,cen8,SC,MOMENTO_MEIO_VAO_LONG_1,q925,4303.1467639709335,2280,1964.4429983449263
S-20,M+,cen8,PR,MOMENTO_MEIO_VAO_LONG_1,q925,4282.4335165989905,2643,1972.664278158802
S-20,M+,cen2,MG,MOMENTO_MEIO_VAO_LONG_1,q95,4094.763059684919,1519,2026.6742342289972
S-20,M+,cen2,MT,MOMENTO_MEIO_VAO_LONG_1,q95,4218.834410704048,2110,2058.4406824596535
S-20,M+,cen2,PB,MOMENTO_MEIO_VAO_LONG_1,q95,4192.5980591290445,202,1955.5035781190568
S-20,M+,cen2,RJ,MOMENTO_MEIO_VAO_LONG_1,q95,3900.524866467551,575,1975.2854342552134
S-20,M+,cen2,SP,MOMENTO_MEIO_VAO_LONG_1,q95,4145.414841860873,1064,1995.019386809438
S-20,M+,cen2,SC,MOMENTO_MEIO_VAO_LONG_1,q95,4271.345779083291,1803,2022.5237158735374
S-20,M+,cen2,PR,MOMENTO_MEIO_VAO_LONG_1,q95,4035.223713600991,2095,2032.4121874329062
S-20,M+,cen4,MG,MOMENTO_MEIO_VAO_LONG_1,q95,4186.601384623635,1203,1990.216571550417
S-20,M+,cen4,MT,MOMENTO_MEIO_VAO_LONG_1,q95,4158.550412381002,1738,2025.8964119704524
S-20,M+,cen4,PB,MOMENTO_MEIO_VAO_LONG_1,q95,3625.3898946673303,200,1917.3813225185133
S-20,M+,cen4,RJ,MOMENTO_MEIO_VAO_LONG_1,q95,3807.992910453225,459,1956.564129286931
S-20,M+,cen4,SP,MOMENTO_MEIO_VAO_LONG_1,q95,4145.038990627887,824,1970.5761635662127
S-20,M+,cen4,SC,MOMENTO_MEIO_VAO_LONG_1,q95,4154.066348707018,1389,1983.2087844737553
S-20,M+,cen4,PR,MOMENTO_MEIO_VAO_LONG_1,q95,4113.378141698474,1630,1984.1983979988788
S-20,M+,cen6,MG,MOMENTO_MEIO_VAO_LONG_1,q95,4601.629962962856,1162,2026.212966658524
S-20,M+,cen6,MT,MOMENTO_MEIO_VAO_LONG_1,q95,4530.688020884303,1651,2058.5197952902777
S-20,M+,cen6,PB,MOMENTO_MEIO_VAO_LONG_1,q95,3711.5258171978967,200,1916.111403474133
S-20,M+,cen6,RJ,MOMENTO_MEIO_VAO_LONG_1,q95,3806.7084557026174,440,1987.982751631326
S-20,M+,cen6,SP,MOMENTO_MEIO_VAO_LONG_1,q95,4997.51638498395,803,2003.2367057842741
S-20,M+,cen6,SC,MOMENTO_MEIO_VAO_LONG_1,q95,4175.750921991631,1351,2028.4242835046416
S-20,M+,cen6,PR,MOMENTO_MEIO_VAO_LONG_1,q95,4416.133430870853,1572,2032.8183942493977
S-20,M+,cen8,MG,MOMENTO_MEIO_VAO_LONG_1,q95,4227.732595612535,1289,2028.992038468401
S-20,M+,cen8,MT,MOMENTO_MEIO_VAO_LONG_1,q95,4233.045307177653,1792,2061.4227429595676
S-20,M+,cen8,PB,MOMENTO_MEIO_VAO_LONG_1,q95,3625.406635051946,200,1930.9587710607402
S-20,M+,cen8,RJ,MOMENTO_MEIO_VAO_LONG_1,q95,4229.939591458533,488,1979.4413950741914
S-20,M+,cen8,SP,MOMENTO_MEIO_VAO_LONG_1,q95,4360.642476725193,898,2011.2318655932468
S-20,M+,cen8,SC,MOMENTO_MEIO_VAO_LONG_1,q95,4230.924243813806,1520,2035.744994701653
S-20,M+,cen8,PR,MOMENTO_MEIO_VAO_LONG_1,q95,4154.6326913096045,1762,2045.6080421102263
S-20,M+,cen2,MG,MOMENTO_MEIO_VAO_LONG_1,frac058,4139.7513411068285,5495,1827.631759023709
S-20,M+,cen2,MT,MOMENTO_MEIO_VAO_LONG_1,frac058,4292.627296579053,7160,1859.7201533922757
S-20,M+,cen2,PB,MOMENTO_MEIO_VAO_LONG_1,frac058,4084.2832173808292,716,1783.0179911009577
S-20,M+,cen2,RJ,MOMENTO_MEIO_VAO_LONG_1,frac058,4019.335915488597,2469,1749.5214658551436
S-20,M+,cen2,SP,MOMENTO_MEIO_VAO_LONG_1,frac058,4242.241383255406,3895,1802.7668738863674
S-20,M+,cen2,SC,MOMENTO_MEIO_VAO_LONG_1,frac058,4238.316409431253,4349,1886.4638752513295
S-20,M+,cen2,PR,MOMENTO_MEIO_VAO_LONG_1,frac058,4124.371379765251,7054,1841.3775547392693
S-20,M+,cen4,MG,MOMENTO_MEIO_VAO_LONG_1,frac058,4193.742151702099,3697,1827.631759023709
S-20,M+,cen4,MT,MOMENTO_MEIO_VAO_LONG_1,frac058,4190.477911536668,10618,1746.8262440784436
S-20,M+,cen4,PB,MOMENTO_MEIO_VAO_LONG_1,frac058,3507.9910630779987,2570,1553.5757717801291
S-20,M+,cen4,RJ,MOMENTO_MEIO_VAO_LONG_1,frac058,3970.19420992631,2111,1727.3441548475657
S-20,M+,cen4,SP,MOMENTO_MEIO_VAO_LONG_1,frac058,4201.037942775326,3005,1784.2166811992486
S-20,M+,cen4,SC,MOMENTO_MEIO_VAO_LONG_1,frac058,4070.7867490753097,6901,1742.80039995165
S-20,M+,cen4,PR,MOMENTO_MEIO_VAO_LONG_1,frac058,4205.423690429361,4552,1834.5507632574904
S-20,M+,cen6,MG,MOMENTO_MEIO_VAO_LONG_1,frac058,4587.096203790915,1049,2043.9730331449568
S-20,M+,cen6,MT,MOMENTO_MEIO_VAO_LONG_1,frac058,4499.155398205318,760,2201.6156114366277
S-20,M+,cen6,PB,MOMENTO_MEIO_VAO_LONG_1,frac058,3641.435051115055,2434,1553.5757717801291
S-20,M+,cen6,RJ,MOMENTO_MEIO_VAO_LONG_1,frac058,4134.699263735732,2138,1727.3441548475657
S-20,M+,cen6,SP,MOMENTO_MEIO_VAO_LONG_1,frac058,5014.172159211591,955,1980.5953605854968
S-20,M+,cen6,SC,MOMENTO_MEIO_VAO_LONG_1,frac058,4553.6409116065715,5959,1773.0980137905735
S-20,M+,cen6,PR,MOMENTO_MEIO_VAO_LONG_1,frac058,4488.530329162788,2085,1981.240640678363
S-20,M+,cen8,MG,MOMENTO_MEIO_VAO_LONG_1,frac058,4486.96257107322,4206,1840.5693291760622
S-20,M+,cen8,MT,MOMENTO_MEIO_VAO_LONG_1,frac058,4650.2796249759485,7248,1830.7578368586715
S-20,M+,cen8,PB,MOMENTO_MEIO_VAO_LONG_1,frac058,3605.471350137371,2641,1553.5757717801291
S-20,M+,cen8,RJ,MOMENTO_MEIO_VAO_LONG_1,frac058,4224.903268766326,712,1924.6792214384986
S-20,M+,cen8,SP,MOMENTO_MEIO_VAO_LONG_1,frac058,4347.6752438411395,598,2076.462575797727
S-20,M+,cen8,SC,MOMENTO_MEIO_VAO_LONG_1,frac058,4279.292232256974,1973,1991.1259525710898
S-20,M+,cen8,PR,MOMENTO_MEIO_VAO_LONG_1,frac058,4542.027092190131,6017,1834.5507632574904
S-30,V,cen2,MG,CORTANTE_APOIO_INICIO_LONG_1,q85,1196.2003846700125,8627,504.468420698272
S-30,V,cen2,MT,CORTANTE_APOIO_INICIO_LONG_1,q85,1231.1595459636926,10332,531.7585701477865
S-30,V,cen2,PB,CORTANTE_APOIO_INICIO_LONG_1,q85,1111.8825069430081,1175,492.5588559666992
S-30,V,cen2,RJ,CORTANTE_APOIO_INICIO_LONG_1,q85,1135.8728616232856,3880,466.67347099570037
S-30,V,cen2,SP,CORTANTE_APOIO_INICIO_LONG_1,q85,1176.2374501080772,6548,487.662477864046
S-30,V,cen2,SC,CORTANTE_APOIO_INICIO_LONG_1,q85,1128.2346559064745,10116,497.38826492270255
S-30,V,cen2,PR,CORTANTE_APOIO_INICIO_LONG_1,q85,1205.698876086602,11169,506.4428629609397
S-30,V,cen4,MG,CORTANTE_APOIO_INICIO_LONG_1,q85,1191.5967690470056,7168,500.2863532915434
S-30,V,cen4,MT,CORTANTE_APOIO_INICIO_LONG_1,q85,1231.6072800260304,8707,528.1033268691599
S-30,V,cen4,PB,CORTANTE_APOIO_INICIO_LONG_1,q85,1001.8701296901302,993,492.22590309053555
S-30,V,cen4,RJ,CORTANTE_APOIO_INICIO_LONG_1,q85,1107.865462392453,3237,462.68206402514136
S-30,V,cen4,SP,CORTANTE_APOIO_INICIO_LONG_1,q85,1161.05810196544,5399,483.5171958030255
S-30,V,cen4,SC,CORTANTE_APOIO_INICIO_LONG_1,q85,1125.5423427489684,8356,491.9954301662653
S-30,V,cen4,PR,CORTANTE_APOIO_INICIO_LONG_1,q85,1217.1311679279236,9245,500.41467854354
S-30,V,cen6,MG,CORTANTE_APOIO_INICIO_LONG_1,q85,1304.4422246269864,6905,501.8995452717822
S-30,V,cen6,MT,CORTANTE_APOIO_INICIO_LONG_1,q85,1335.3938849438787,8386,529.1198907649165
S-30,V,cen6,PB,CORTANTE_APOIO_INICIO_LONG_1,q85,988.6119308604241,946,491.19924650452845
S-30,V,cen6,RJ,CORTANTE_APOIO_INICIO_LONG_1,q85,1088.589315676759,3107,464.21960659070777
S-30,V,cen6,SP,CORTANTE_APOIO_INICIO_LONG_1,q85,1237.4524006585743,5216,485.20036301014375
S-30,V,cen6,SC,CORTANTE_APOIO_INICIO_LONG_1,q85,1219.9466362216995,8080,494.0311647838208
S-30,V,cen6,PR,CORTANTE_APOIO_INICIO_LONG_1,q85,1328.8788480326475,8920,502.9960256362269
S-30,V,cen8,MG,CORTANTE_APOIO_INICIO_LONG_1,q85,1294.161844474686,7406,504.1658920131931
S-30,V,cen8,MT,CORTANTE_APOIO_INICIO_LONG_1,q85,1365.4178507494698,8938,531.5263163266394
S-30,V,cen8,PB,CORTANTE_APOIO_INICIO_LONG_1,q85,1009.2771188457529,1009,492.6732051249123
S-30,V,cen8,RJ,CORTANTE_APOIO_INICIO_LONG_1,q85,1162.2994516960923,3339,465.2735095599919
S-30,V,cen8,SP,CORTANTE_APOIO_INICIO_LONG_1,q85,1252.539037320292,5635,487.3909538481157
S-30,V,cen8,SC,CORTANTE_APOIO_INICIO_LONG_1,q85,1203.3973258626927,8707,496.64797576315476
S-30,V,cen8,PR,CORTANTE_APOIO_INICIO_LONG_1,q85,1303.5110789880737,9628,505.51539157460377
S-30,V,cen2,MG,CORTANTE_APOIO_INICIO_LONG_1,q90,1199.3541321693906,5752,523.4394880650538
S-30,V,cen2,MT,CORTANTE_APOIO_INICIO_LONG_1,q90,1221.5931309347588,6888,549.6398997525032
S-30,V,cen2,PB,CORTANTE_APOIO_INICIO_LONG_1,q90,1122.4999312603736,784,510.64202639525234
S-30,V,cen2,RJ,CORTANTE_APOIO_INICIO_LONG_1,q90,1153.8108623544092,2587,489.6179918626075
S-30,V,cen2,SP,CORTANTE_APOIO_INICIO_LONG_1,q90,1196.8090914862305,4366,508.2591216622336
S-30,V,cen2,SC,CORTANTE_APOIO_INICIO_LONG_1,q90,1132.6440479438654,6744,517.7882203674884
S-30,V,cen2,PR,CORTANTE_APOIO_INICIO_LONG_1,q90,1206.9954870522554,7446,525.9094320776169
S-30,V,cen4,MG,CORTANTE_APOIO_INICIO_LONG_1,q90,1195.5171468308095,4779,518.8280069917882
S-30,V,cen4,MT,CORTANTE_APOIO_INICIO_LONG_1,q90,1224.615331236737,5805,545.2324973202026
S-30,V,cen4,PB,CORTANTE_APOIO_INICIO_LONG_1,q90,993.8842526333666,662,509.8356067311146
S-30,V,cen4,RJ,CORTANTE_APOIO_INICIO_LONG_1,q90,1135.2413795430434,2158,486.29890535559593
S-30,V,cen4,SP,CORTANTE_APOIO_INICIO_LONG_1,q90,1195.2504372177407,3599,504.15954160324713
S-30,V,cen4,SC,CORTANTE_APOIO_INICIO_LONG_1,q90,1130.263027280091,5571,511.2706914507624
S-30,V,cen4,PR,CORTANTE_APOIO_INICIO_LONG_1,q90,1222.6137235574288,6164,518.6303409230857
S-30,V,cen6,MG,CORTANTE_APOIO_INICIO_LONG_1,q90,1292.8727358730775,4604,520.959720520301
S-30,V,cen6,MT,CORTANTE_APOIO_INICIO_LONG_1,q90,1316.356104631544,5591,546.9565704594556
S-30,V,cen6,PB,CORTANTE_APOIO_INICIO_LONG_1,q90,977.783712583424,631,509.4066055644687
S-30,V,cen6,RJ,CORTANTE_APOIO_INICIO_LONG_1,q90,1094.60153425332,2071,487.76568498115387
S-30,V,cen6,SP,CORTANTE_APOIO_INICIO_LONG_1,q90,1263.298675697229,3478,506.0129716282515
S-30,V,cen6,SC,CORTANTE_APOIO_INICIO_LONG_1,q90,1214.3609477997754,5387,514.0143451300626
S-30,V,cen6,PR,CORTANTE_APOIO_INICIO_LONG_1,q90,1316.6162047534226,5947,521.6724446196669
S-30,V,cen8,MG,CORTANTE_APOIO_INICIO_LONG_1,q90,1299.2746077910574,4937,523.3226941108594
S-30,V,cen8,MT,CORTANTE_APOIO_INICIO_LONG_1,q90,1351.2745459235234,5959,549.4471963349279
S-30,V,cen8,PB,CORTANTE_APOIO_INICIO_LONG_1,q90,999.5215741464486,673,511.1363467216636
S-30,V,cen8,RJ,CORTANTE_APOIO_INICIO_LONG_1,q90,1197.1383244967865,2226,489.4982907594003
S-30,V,cen8,SP,CORTANTE_APOIO_INICIO_LONG_1,q90,1295.4545498333878,3757,508.6786219440988
S-30,V,cen8,SC,CORTANTE_APOIO_INICIO_LONG_1,q90,1205.227872525051,5805,517.3156745158503
S-30,V,cen8,PR,CORTANTE_APOIO_INICIO_LONG_1,q90,1298.3164661393234,6419,524.8931086467549
S-30,V,cen2,MG,CORTANTE_APOIO_INICIO_LONG_1,q925,1200.7683461600939,4314,536.3525011580896
S-30,V,cen2,MT,CORTANTE_APOIO_INICIO_LONG_1,q925,1220.9409825288146,5166,562.4808625352837
S-30,V,cen2,PB,CORTANTE_APOIO_INICIO_LONG_1,q925,1124.047115475203,588,523.139050050852
S-30,V,cen2,RJ,CORTANTE_APOIO_INICIO_LONG_1,q925,1153.6390317409277,1940,504.12417791296724
S-30,V,cen2,SP,CORTANTE_APOIO_INICIO_LONG_1,q925,1204.9979443156144,3274,521.2429491408603
S-30,V,cen2,SC,CORTANTE_APOIO_INICIO_LONG_1,q925,1131.3413719454195,5058,531.0479692068129
S-30,V,cen2,PR,CORTANTE_APOIO_INICIO_LONG_1,q925,1210.6049704580569,5585,538.8681168506877
S-30,V,cen4,MG,CORTANTE_APOIO_INICIO_LONG_1,q925,1192.5985353015114,3584,530.852828704895
S-30,V,cen4,MT,CORTANTE_APOIO_INICIO_LONG_1,q925,1222.7194523849762,4354,557.2898229612675
S-30,V,cen4,PB,CORTANTE_APOIO_INICIO_LONG_1,q925,979.1969781071671,497,521.4576706814598
S-30,V,cen4,RJ,CORTANTE_APOIO_INICIO_LONG_1,q925,1137.1491767749385,1619,501.11421805062866
S-30,V,cen4,SP,CORTANTE_APOIO_INICIO_LONG_1,q925,1209.4936789449896,2700,516.6317126699499
S-30,V,cen4,SC,CORTANTE_APOIO_INICIO_LONG_1,q925,1125.6492944931688,4178,523.6892052672588
S-30,V,cen4,PR,CORTANTE_APOIO_INICIO_LONG_1,q925,1223.027987391864,4623,530.4826052626819
S-30,V,cen6,MG,CORTANTE_APOIO_INICIO_LONG_1,q925,1277.2292770979948,3453,534.1487633678933
S-30,V,cen6,MT,CORTANTE_APOIO_INICIO_LONG_1,q925,1305.0268513251958,4193,560.1712375218943
S-30,V,cen6,PB,CORTANTE_APOIO_INICIO_LONG_1,q925,962.9324299349294,473,520.9586326471506
S-30,V,cen6,RJ,CORTANTE_APOIO_INICIO_LONG_1,q925,1086.2538265029382,1554,502.8254346829066
S-30,V,cen6,SP,CORTANTE_APOIO_INICIO_LONG_1,q925,1270.236406021228,2608,519.4338891466545
S-30,V,cen6,SC,CORTANTE_APOIO_INICIO_LONG_1,q925,1202.1143527130366,4040,527.4734655948444
S-30,V,cen6,PR,CORTANTE_APOIO_INICIO_LONG_1,q925,1304.79160169945,4460,534.8290717888431
S-30,V,cen8,MG,CORTANTE_APOIO_INICIO_LONG_1,q925,1297.7141574955826,3703,536.3200277604312
S-30,V,cen8,MT,CORTANTE_APOIO_INICIO_LONG_1,q925,1341.4222765379798,4469,562.4788810964377
S-30,V,cen8,PB,CORTANTE_APOIO_INICIO_LONG_1,q925,982.8570015433025,505,522.5113674144351
S-30,V,cen8,RJ,CORTANTE_APOIO_INICIO_LONG_1,q925,1203.7825115382175,1670,504.8517728631624
S-30,V,cen8,SP,CORTANTE_APOIO_INICIO_LONG_1,q925,1317.2564054982881,2818,521.6127245068668
S-30,V,cen8,SC,CORTANTE_APOIO_INICIO_LONG_1,q925,1198.09041034262,4354,530.9908641514511
S-30,V,cen8,PR,CORTANTE_APOIO_INICIO_LONG_1,q925,1291.4255887004188,4814,538.2459916567955
S-30,V,cen2,MG,CORTANTE_APOIO_INICIO_LONG_1,q95,1203.9650576823885,2876,554.4161033269089
S-30,V,cen2,MT,CORTANTE_APOIO_INICIO_LONG_1,q95,1227.1927459253275,3444,582.079746144413
S-30,V,cen2,PB,CORTANTE_APOIO_INICIO_LONG_1,q95,1127.099119540666,392,537.6965190842146
S-30,V,cen2,RJ,CORTANTE_APOIO_INICIO_LONG_1,q95,1138.7441062689404,1294,522.7276180215417
S-30,V,cen2,SP,CORTANTE_APOIO_INICIO_LONG_1,q95,1214.4317534316476,2183,538.7095894235482
S-30,V,cen2,SC,CORTANTE_APOIO_INICIO_LONG_1,q95,1131.3342192178343,3372,549.0810639650399
S-30,V,cen2,PR,CORTANTE_APOIO_INICIO_LONG_1,q95,1213.934697545957,3723,558.5469647000459
S-30,V,cen4,MG,CORTANTE_APOIO_INICIO_LONG_1,q95,1183.3397373484654,2390,547.3669648121984
S-30,V,cen4,MT,CORTANTE_APOIO_INICIO_LONG_1,q95,1224.5474447628653,2903,575.257582378111
S-30,V,cen4,PB,CORTANTE_APOIO_INICIO_LONG_1,q95,951.5326280096155,331,535.8862259997913
S-30,V,cen4,RJ,CORTANTE_APOIO_INICIO_LONG_1,q95,1125.6798443433156,1079,519.6138339289926
S-30,V,cen4,SP,CORTANTE_APOIO_INICIO_LONG_1,q95,1226.169891299432,1800,533.1448160515682
S-30,V,cen4,SC,CORTANTE_APOIO_INICIO_LONG_1,q95,1112.2727254201923,2786,540.174073394217
S-30,V,cen4,PR,CORTANTE_APOIO_INICIO_LONG_1,q95,1223.1080373283626,3082,548.0013848191961
S-30,V,cen6,MG,CORTANTE_APOIO_INICIO_LONG_1,q95,1248.7705054502926,2302,551.588570578442
S-30,V,cen6,MT,CORTANTE_APOIO_INICIO_LONG_1,q95,1288.1066781875643,2796,579.944714501354
S-30,V,cen6,PB,CORTANTE_APOIO_INICIO_LONG_1,q95,939.6000743998165,316,535.8722786527053
S-30,V,cen6,RJ,CORTANTE_APOIO_INICIO_LONG_1,q95,1063.9568477746127,1036,522.0056533100897
S-30,V,cen6,SP,CORTANTE_APOIO_INICIO_LONG_1,q95,1274.4950516347017,1739,536.5155882871538
S-30,V,cen6,SC,CORTANTE_APOIO_INICIO_LONG_1,q95,1177.5646036144633,2694,545.4434652027304
S-30,V,cen6,PR,CORTANTE_APOIO_INICIO_LONG_1,q95,1283.5037150490875,2974,553.8978154891731
S-30,V,cen8,MG,CORTANTE_APOIO_INICIO_LONG_1,q95,1290.0060533743276,2469,554.2448425486585
S-30,V,cen8,MT,CORTANTE_APOIO_INICIO_LONG_1,q95,1326.2458532120127,2980,581.6540293924539
S-30,V,cen8,PB,CORTANTE_APOIO_INICIO_LONG_1,q95,952.560091551182,337,536.5818226687633
S-30,V,cen8,RJ,CORTANTE_APOIO_INICIO_LONG_1,q95,1201.6730808443872,1113,523.1309991671685
S-30,V,cen8,SP,CORTANTE_APOIO_INICIO_LONG_1,q95,1351.2556078596763,1879,539.2746916261838
S-30,V,cen8,SC,CORTANTE_APOIO_INICIO_LONG_1,q95,1186.4908620620895,2903,549.1735596218438
S-30,V,cen8,PR,CORTANTE_APOIO_INICIO_LONG_1,q95,1278.5828127237169,3210,557.4513617400936
S-30,V,cen2,MG,CORTANTE_APOIO_INICIO_LONG_1,frac058,1204.6795446373344,1591,581.1100446809241
S-30,V,cen2,MT,CORTANTE_APOIO_INICIO_LONG_1,frac058,1225.7968141948663,8425,540.7970313405585
S-30,V,cen2,PB,CORTANTE_APOIO_INICIO_LONG_1,frac058,1123.7850268867028,664,518.3284657476942
S-30,V,cen2,RJ,CORTANTE_APOIO_INICIO_LONG_1,frac058,1150.357048949985,2983,482.0202835688241
S-30,V,cen2,SP,CORTANTE_APOIO_INICIO_LONG_1,frac058,1200.165672369119,3934,512.9861335346485
S-30,V,cen2,SC,CORTANTE_APOIO_INICIO_LONG_1,frac058,1131.6497806251355,7978,509.7025915294428
S-30,V,cen2,PR,CORTANTE_APOIO_INICIO_LONG_1,frac058,1213.4166302956187,4852,545.945496283088
S-30,V,cen4,MG,CORTANTE_APOIO_INICIO_LONG_1,frac058,1186.0434607152943,2623,543.839898296737
S-30,V,cen4,MT,CORTANTE_APOIO_INICIO_LONG_1,frac058,1226.223233764687,6449,540.7970313405585
S-30,V,cen4,PB,CORTANTE_APOIO_INICIO_LONG_1,frac058,959.3899036182988,2386,438.46558033986145
S-30,V,cen4,RJ,CORTANTE_APOIO_INICIO_LONG_1,frac058,1136.411015988382,2087,488.08225581052653
S-30,V,cen4,SP,CORTANTE_APOIO_INICIO_LONG_1,frac058,1220.9635442567862,2030,527.7843284941256
S-30,V,cen4,SC,CORTANTE_APOIO_INICIO_LONG_1,frac058,1111.183406347436,10715,477.1531855533326
S-30,V,cen4,PR,CORTANTE_APOIO_INICIO_LONG_1,frac058,1223.5392440454552,3225,545.9454972371816
S-30,V,cen6,MG,CORTANTE_APOIO_INICIO_LONG_1,frac058,1261.8838389181224,2766,543.839898296737
S-30,V,cen6,MT,CORTANTE_APOIO_INICIO_LONG_1,frac058,1322.7586235511394,6446,540.7970313405585
S-30,V,cen6,PB,CORTANTE_APOIO_INICIO_LONG_1,frac058,959.0817893401791,2263,438.46558033986145
S-30,V,cen6,RJ,CORTANTE_APOIO_INICIO_LONG_1,frac058,1094.4203684255006,2374,480.36262283021654
S-30,V,cen6,SP,CORTANTE_APOIO_INICIO_LONG_1,frac058,1267.6093407870712,3012,512.9861335346485
S-30,V,cen6,SC,CORTANTE_APOIO_INICIO_LONG_1,frac058,1216.7267156266794,9482,484.912631617637
S-30,V,cen6,PR,CORTANTE_APOIO_INICIO_LONG_1,frac058,1294.099234138235,3528,545.9454972371816
S-30,V,cen8,MG,CORTANTE_APOIO_INICIO_LONG_1,frac058,1288.0388297495533,2107,561.1779198964643
S-30,V,cen8,MT,CORTANTE_APOIO_INICIO_LONG_1,frac058,1327.8685242925974,3102,579.8868349842492
S-30,V,cen8,PB,CORTANTE_APOIO_INICIO_LONG_1,frac058,966.5667438469777,2431,438.46558033986145
S-30,V,cen8,RJ,CORTANTE_APOIO_INICIO_LONG_1,frac058,1225.8435784159592,499,558.9627228569319
S-30,V,cen8,SP,CORTANTE_APOIO_INICIO_LONG_1,frac058,1619.3981055250601,243,627.5122699128597
S-30,V,cen8,SC,CORTANTE_APOIO_INICIO_LONG_1,frac058,1205.7436462217347,7322,505.70093427181126
S-30,V,cen8,PR,CORTANTE_APOIO_INICIO_LONG_1,frac058,1286.9178447440966,4094,545.9454972371816
S-30,M+,cen2,MG,MOMENTO_MEIO_VAO_LONG_1,q85,8437.851962872173,7755,3548.8175184849256
S-30,M+,cen2,MT,MOMENTO_MEIO_VAO_LONG_1,q85,8503.230207617455,9605,3714.964386308144
S-30,M+,cen2,PB,MOMENTO_MEIO_VAO_LONG_1,q85,7800.106424469814,1057,3453.0978220456786
S-30,M+,cen2,RJ,MOMENTO_MEIO_VAO_LONG_1,q85,7954.979784383169,3377,3289.1828642427963
S-30,M+,cen2,SP,MOMENTO_MEIO_VAO_LONG_1,q85,8031.346048619256,5815,3439.4175583093283
S-30,M+,cen2,SC,MOMENTO_MEIO_VAO_LONG_1,q85,7965.972912125994,9185,3498.8950312936904
S-30,M+,cen2,PR,MOMENTO_MEIO_VAO_LONG_1,q85,8328.024269953277,10238,3565.283886144746
S-30,M+,cen4,MG,MOMENTO_MEIO_VAO_LONG_1,q85,8276.845238812206,6337,3510.338721475717
S-30,M+,cen4,MT,MOMENTO_MEIO_VAO_LONG_1,q85,8437.933795313389,8043,3687.7574039266506
S-30,M+,cen4,PB,MOMENTO_MEIO_VAO_LONG_1,q85,6890.515994105679,886,3449.268223695887
S-30,M+,cen4,RJ,MOMENTO_MEIO_VAO_LONG_1,q85,7544.868885203272,2771,3250.6938332463637
S-30,M+,cen4,SP,MOMENTO_MEIO_VAO_LONG_1,q85,8012.200441951385,4668,3406.655117789439
S-30,M+,cen4,SC,MOMENTO_MEIO_VAO_LONG_1,q85,7815.4870383607395,7393,3449.6627243396747
S-30,M+,cen4,PR,MOMENTO_MEIO_VAO_LONG_1,q85,8441.493326116659,8280,3512.506003914521
S-30,M+,cen6,MG,MOMENTO_MEIO_VAO_LONG_1,q85,9322.000263281074,6061,3525.382327886461
S-30,M+,cen6,MT,MOMENTO_MEIO_VAO_LONG_1,q85,9509.029998450551,7648,3698.8514655017802
S-30,M+,cen6,PB,MOMENTO_MEIO_VAO_LONG_1,q85,6875.713881507021,839,3447.3653860906497
S-30,M+,cen6,RJ,MOMENTO_MEIO_VAO_LONG_1,q85,7438.353783888751,2648,3265.089892336292
S-30,M+,cen6,SP,MOMENTO_MEIO_VAO_LONG_1,q85,8888.436027330044,4491,3419.2093085062106
S-30,M+,cen6,SC,MOMENTO_MEIO_VAO_LONG_1,q85,8732.078552130308,7094,3468.6070207537214
S-30,M+,cen6,PR,MOMENTO_MEIO_VAO_LONG_1,q85,9547.746982428282,7933,3531.862156428642
S-30,M+,cen8,MG,MOMENTO_MEIO_VAO_LONG_1,q85,9035.117403930484,6607,3542.3899109637273
S-30,M+,cen8,MT,MOMENTO_MEIO_VAO_LONG_1,q85,9514.426350285907,8219,3715.742152244522
S-30,M+,cen8,PB,MOMENTO_MEIO_VAO_LONG_1,q85,7061.412777584972,899,3457.6281491050936
S-30,M+,cen8,RJ,MOMENTO_MEIO_VAO_LONG_1,q85,8000.752937845267,2892,3281.5996998955284
S-30,M+,cen8,SP,MOMENTO_MEIO_VAO_LONG_1,q85,8492.77408439263,4939,3437.990915157686
S-30,M+,cen8,SC,MOMENTO_MEIO_VAO_LONG_1,q85,8353.989945011737,7802,3495.013823384091
S-30,M+,cen8,PR,MOMENTO_MEIO_VAO_LONG_1,q85,9193.338791539523,8717,3557.133847609752
S-30,M+,cen2,MG,MOMENTO_MEIO_VAO_LONG_1,q90,8455.342933566015,5170,3682.7256839599017
S-30,M+,cen2,MT,MOMENTO_MEIO_VAO_LONG_1,q90,8388.806179393563,6404,3842.839747284485
S-30,M+,cen2,PB,MOMENTO_MEIO_VAO_LONG_1,q90,7942.300120418583,705,3581.332890958677
S-30,M+,cen2,RJ,MOMENTO_MEIO_VAO_LONG_1,q90,8058.697606988407,2252,3445.9020614341393
S-30,M+,cen2,SP,MOMENTO_MEIO_VAO_LONG_1,q90,8039.510258470627,3877,3578.828214247676
S-30,M+,cen2,SC,MOMENTO_MEIO_VAO_LONG_1,q90,7984.855132695835,6124,3641.8755652080586
S-30,M+,cen2,PR,MOMENTO_MEIO_VAO_LONG_1,q90,8317.478342560158,6826,3705.274308043767
S-30,M+,cen4,MG,MOMENTO_MEIO_VAO_LONG_1,q90,8320.33609058988,4225,3635.3556665684337
S-30,M+,cen4,MT,MOMENTO_MEIO_VAO_LONG_1,q90,8384.44413727049,5362,3805.559199400572
S-30,M+,cen4,PB,MOMENTO_MEIO_VAO_LONG_1,q90,6832.419075688509,591,3574.2492042753765
S-30,M+,cen4,RJ,MOMENTO_MEIO_VAO_LONG_1,q90,7688.221636657994,1848,3414.763553525677
S-30,M+,cen4,SP,MOMENTO_MEIO_VAO_LONG_1,q90,8218.277217992574,3112,3538.6566172871158
S-30,M+,cen4,SC,MOMENTO_MEIO_VAO_LONG_1,q90,7870.346685444989,4929,3584.093784931401
S-30,M+,cen4,PR,MOMENTO_MEIO_VAO_LONG_1,q90,8487.986586180727,5520,3636.580622796884
S-30,M+,cen6,MG,MOMENTO_MEIO_VAO_LONG_1,q90,9287.89877715094,4041,3655.885876898724
S-30,M+,cen6,MT,MOMENTO_MEIO_VAO_LONG_1,q90,9384.347745302479,5099,3823.500462978375
S-30,M+,cen6,PB,MOMENTO_MEIO_VAO_LONG_1,q90,6797.630136764495,560,3572.3675069337955
S-30,M+,cen6,RJ,MOMENTO_MEIO_VAO_LONG_1,q90,7432.466856486296,1765,3429.901809012787
S-30,M+,cen6,SP,MOMENTO_MEIO_VAO_LONG_1,q90,9106.62053022004,2994,3560.9541568317545
S-30,M+,cen6,SC,MOMENTO_MEIO_VAO_LONG_1,q90,8703.36786650317,4730,3610.409598896677
S-30,M+,cen6,PR,MOMENTO_MEIO_VAO_LONG_1,q90,9454.502013494057,5289,3662.4597597731295
S-30,M+,cen8,MG,MOMENTO_MEIO_VAO_LONG_1,q90,9064.761977842947,4405,3677.9828081255346
S-30,M+,cen8,MT,MOMENTO_MEIO_VAO_LONG_1,q90,9426.00645149533,5480,3844.268096525194
S-30,M+,cen8,PB,MOMENTO_MEIO_VAO_LONG_1,q90,6990.157214322358,600,3581.6687608218153
S-30,M+,cen8,RJ,MOMENTO_MEIO_VAO_LONG_1,q90,8126.518911620473,1928,3437.895875720487
S-30,M+,cen8,SP,MOMENTO_MEIO_VAO_LONG_1,q90,8686.957162723347,3293,3578.7543929118333
S-30,M+,cen8,SC,MOMENTO_MEIO_VAO_LONG_1,q90,8313.201420382782,5201,3638.0645100776937
S-30,M+,cen8,PR,MOMENTO_MEIO_VAO_LONG_1,q90,9164.552978960195,5811,3694.7079009158624
S-30,M+,cen2,MG,MOMENTO_MEIO_VAO_LONG_1,q925,8462.006166465842,3878,3774.0171223420875
S-30,M+,cen2,MT,MOMENTO_MEIO_VAO_LONG_1,q925,8340.936274618003,4803,3935.9385035549635
S-30,M+,cen2,PB,MOMENTO_MEIO_VAO_LONG_1,q925,8004.163941388065,529,3670.370759197119
S-30,M+,cen2,RJ,MOMENTO_MEIO_VAO_LONG_1,q925,8045.669182392305,1689,3545.0982930353694
S-30,M+,cen2,SP,MOMENTO_MEIO_VAO_LONG_1,q925,8008.862545471866,2908,3667.7964159815433
S-30,M+,cen2,SC,MOMENTO_MEIO_VAO_LONG_1,q925,7990.994165487904,4593,3735.9922363123383
S-30,M+,cen2,PR,MOMENTO_MEIO_VAO_LONG_1,q925,8321.51345153237,5119,3798.8234833204087
S-30,M+,cen4,MG,MOMENTO_MEIO_VAO_LONG_1,q925,8323.89116616038,3169,3718.2416474910438
S-30,M+,cen4,MT,MOMENTO_MEIO_VAO_LONG_1,q925,8351.781525592056,4022,3888.2938005898554
S-30,M+,cen4,PB,MOMENTO_MEIO_VAO_LONG_1,q925,6734.8286228176985,443,3652.7608257509983
S-30,M+,cen4,RJ,MOMENTO_MEIO_VAO_LONG_1,q925,7703.605160056903,1386,3516.6006938489695
S-30,M+,cen4,SP,MOMENTO_MEIO_VAO_LONG_1,q925,8318.86832123571,2334,3625.2829024929424
S-30,M+,cen4,SC,MOMENTO_MEIO_VAO_LONG_1,q925,7850.521022070731,3697,3669.2193106246614
S-30,M+,cen4,PR,MOMENTO_MEIO_VAO_LONG_1,q925,8477.29952560247,4140,3720.3209519903053
S-30,M+,cen6,MG,MOMENTO_MEIO_VAO_LONG_1,q925,9214.83433475707,3031,3748.419654543253
S-30,M+,cen6,MT,MOMENTO_MEIO_VAO_LONG_1,q925,9284.52954040835,3824,3914.6073127394066
S-30,M+,cen6,PB,MOMENTO_MEIO_VAO_LONG_1,q925,6696.287199991219,420,3650.9238655304293
S-30,M+,cen6,RJ,MOMENTO_MEIO_VAO_LONG_1,q925,7353.441683928476,1324,3533.662910078782
S-30,M+,cen6,SP,MOMENTO_MEIO_VAO_LONG_1,q925,9178.51298233727,2246,3649.9892737752484
S-30,M+,cen6,SC,MOMENTO_MEIO_VAO_LONG_1,q925,8636.45330661375,3547,3701.868624709565
S-30,M+,cen6,PR,MOMENTO_MEIO_VAO_LONG_1,q925,9348.915992664568,3967,3751.8792164114516
S-30,M+,cen8,MG,MOMENTO_MEIO_VAO_LONG_1,q925,9036.961431853964,3304,3769.639642484177
S-30,M+,cen8,MT,MOMENTO_MEIO_VAO_LONG_1,q925,9351.690425925937,4110,3938.270402846837
S-30,M+,cen8,PB,MOMENTO_MEIO_VAO_LONG_1,q925,6885.648524006316,450,3661.0234185441027
S-30,M+,cen8,RJ,MOMENTO_MEIO_VAO_LONG_1,q925,8129.818441413208,1446,3540.6255075859367
S-30,M+,cen8,SP,MOMENTO_MEIO_VAO_LONG_1,q925,8819.01307369656,2470,3671.962716444759
S-30,M+,cen8,SC,MOMENTO_MEIO_VAO_LONG_1,q925,8249.776170276207,3901,3736.6733424542117
S-30,M+,cen8,PR,MOMENTO_MEIO_VAO_LONG_1,q925,9122.88636800184,4359,3788.320615666368
S-30,M+,cen2,MG,MOMENTO_MEIO_VAO_LONG_1,q95,8490.876050134591,2585,3902.3070755040667
S-30,M+,cen2,MT,MOMENTO_MEIO_VAO_LONG_1,q95,8336.022112240142,3202,4072.202644085639
S-30,M+,cen2,PB,MOMENTO_MEIO_VAO_LONG_1,q95,8101.695367912598,353,3780.7390188480513
S-30,M+,cen2,RJ,MOMENTO_MEIO_VAO_LONG_1,q95,7963.307986102537,1126,3668.7790446610215
S-30,M+,cen2,SP,MOMENTO_MEIO_VAO_LONG_1,q95,7937.560722400694,1939,3791.8439848304997
S-30,M+,cen2,SC,MOMENTO_MEIO_VAO_LONG_1,q95,8017.95077484616,3062,3864.884436031503
S-30,M+,cen2,PR,MOMENTO_MEIO_VAO_LONG_1,q95,8307.055373659361,3413,3932.1934102176597
S-30,M+,cen4,MG,MOMENTO_MEIO_VAO_LONG_1,q95,8289.532334577467,2113,3832.8847952938795
S-30,M+,cen4,MT,MOMENTO_MEIO_VAO_LONG_1,q95,8335.52538036369,2681,4008.8508764675285
S-30,M+,cen4,PB,MOMENTO_MEIO_VAO_LONG_1,q95,6585.816734826729,296,3756.14765083317
S-30,M+,cen4,RJ,MOMENTO_MEIO_VAO_LONG_1,q95,7653.968901169446,924,3641.0644479713837
S-30,M+,cen4,SP,MOMENTO_MEIO_VAO_LONG_1,q95,8429.845520102896,1556,3738.403532142151
S-30,M+,cen4,SC,MOMENTO_MEIO_VAO_LONG_1,q95,7777.578344199301,2465,3781.7913381256626
S-30,M+,cen4,PR,MOMENTO_MEIO_VAO_LONG_1,q95,8451.87490727364,2760,3838.088225480663
S-30,M+,cen6,MG,MOMENTO_MEIO_VAO_LONG_1,q95,9094.076506879595,2021,3869.3679808857905
S-30,M+,cen6,MT,MOMENTO_MEIO_VAO_LONG_1,q95,9153.818134724565,2550,4047.0798707814847
S-30,M+,cen6,PB,MOMENTO_MEIO_VAO_LONG_1,q95,6545.4793142110575,280,3753.2985235609767
S-30,M+,cen6,RJ,MOMENTO_MEIO_VAO_LONG_1,q95,7200.594452239329,883,3663.5008619374657
S-30,M+,cen6,SP,MOMENTO_MEIO_VAO_LONG_1,q95,9213.13011611978,1497,3773.809800124713
S-30,M+,cen6,SC,MOMENTO_MEIO_VAO_LONG_1,q95,8513.557677653036,2365,3826.418823541841
S-30,M+,cen6,PR,MOMENTO_MEIO_VAO_LONG_1,q95,9179.224367475126,2645,3884.4800354598738
S-30,M+,cen8,MG,MOMENTO_MEIO_VAO_LONG_1,q95,8956.319198296918,2203,3896.6339870602487
S-30,M+,cen8,MT,MOMENTO_MEIO_VAO_LONG_1,q95,9201.710709765455,2740,4075.870274668652
S-30,M+,cen8,PB,MOMENTO_MEIO_VAO_LONG_1,q95,6731.785140966261,300,3763.2652603891256
S-30,M+,cen8,RJ,MOMENTO_MEIO_VAO_LONG_1,q95,8101.944536743267,964,3668.0357881082828
S-30,M+,cen8,SP,MOMENTO_MEIO_VAO_LONG_1,q95,8957.690802797963,1647,3796.185374794009
S-30,M+,cen8,SC,MOMENTO_MEIO_VAO_LONG_1,q95,8155.862111600325,2601,3864.022978427115
S-30,M+,cen8,PR,MOMENTO_MEIO_VAO_LONG_1,q95,9032.152530751064,2906,3918.3429746883485
S-30,M+,cen2,MG,MOMENTO_MEIO_VAO_LONG_1,frac058,8495.457191884449,2468,3917.325241103124
S-30,M+,cen2,MT,MOMENTO_MEIO_VAO_LONG_1,frac058,8561.435373088982,11604,3656.4465312662455
S-30,M+,cen2,PB,MOMENTO_MEIO_VAO_LONG_1,frac058,7980.642796752465,611,3626.756355033734
S-30,M+,cen2,RJ,MOMENTO_MEIO_VAO_LONG_1,frac058,8004.88076631848,2949,3343.4841596800725
S-30,M+,cen2,SP,MOMENTO_MEIO_VAO_LONG_1,frac058,8052.280948330821,4470,3532.5049602254203
S-30,M+,cen2,SC,MOMENTO_MEIO_VAO_LONG_1,frac058,7983.660433210054,7186,3587.6185543188153
S-30,M+,cen2,PR,MOMENTO_MEIO_VAO_LONG_1,frac058,8315.064560453167,5994,3746.7126102960106
S-30,M+,cen4,MG,MOMENTO_MEIO_VAO_LONG_1,frac058,8306.627196583362,2460,3789.605313850012
S-30,M+,cen4,MT,MOMENTO_MEIO_VAO_LONG_1,frac058,8450.98045204683,8963,3656.4465312662455
S-30,M+,cen4,PB,MOMENTO_MEIO_VAO_LONG_1,frac058,6601.84440958244,2602,3001.3187366687093
S-30,M+,cen4,RJ,MOMENTO_MEIO_VAO_LONG_1,frac058,7691.2041453478305,1811,3421.6825738980883
S-30,M+,cen4,SP,MOMENTO_MEIO_VAO_LONG_1,frac058,8399.253693428904,1782,3702.0613450003148
S-30,M+,cen4,SC,MOMENTO_MEIO_VAO_LONG_1,frac058,7671.289622659917,10282,3320.8207193899793
S-30,M+,cen4,PR,MOMENTO_MEIO_VAO_LONG_1,frac058,8473.506383401482,3748,3746.712609326074
S-30,M+,cen6,MG,MOMENTO_MEIO_VAO_LONG_1,frac058,9011.602688157478,1463,3971.8959381790555
S-30,M+,cen6,MT,MOMENTO_MEIO_VAO_LONG_1,frac058,9416.648463925212,5640,3793.7107406798314
S-30,M+,cen6,PB,MOMENTO_MEIO_VAO_LONG_1,frac058,6629.952320250259,2461,3001.3187366687093
S-30,M+,cen6,RJ,MOMENTO_MEIO_VAO_LONG_1,frac058,7405.391243403807,3260,3178.2759944333397
S-30,M+,cen6,SP,MOMENTO_MEIO_VAO_LONG_1,frac058,9153.564613226292,2517,3614.460414423645
S-30,M+,cen6,SC,MOMENTO_MEIO_VAO_LONG_1,frac058,8736.334074176844,6174,3519.8093494787395
S-30,M+,cen6,PR,MOMENTO_MEIO_VAO_LONG_1,frac058,9065.42627435989,1922,3984.611159434967
S-30,M+,cen8,MG,MOMENTO_MEIO_VAO_LONG_1,frac058,9027.95294145964,3099,3789.605313850012
S-30,M+,cen8,MT,MOMENTO_MEIO_VAO_LONG_1,frac058,9379.403256726162,4549,3904.7889053683725
S-30,M+,cen8,PB,MOMENTO_MEIO_VAO_LONG_1,frac058,6720.591771538133,2653,3001.3187366687093
S-30,M+,cen8,RJ,MOMENTO_MEIO_VAO_LONG_1,frac058,8128.792857349228,586,3819.8172909049117
S-30,M+,cen8,SP,MOMENTO_MEIO_VAO_LONG_1,frac058,9856.714032389897,424,4220.106106236357
S-30,M+,cen8,SC,MOMENTO_MEIO_VAO_LONG_1,frac058,8322.875320788025,5490,3621.053996204096
S-30,M+,cen8,PR,MOMENTO_MEIO_VAO_LONG_1,frac058,9076.176048212377,3529,3859.6070864257335
S-40,V,cen2,MG,CORTANTE_APOIO_INICIO_LONG_1,q85,713.9642900723306,1678,350.7830319005025
S-40,V,cen2,MT,CORTANTE_APOIO_INICIO_LONG_1,q85,747.7603347337583,3686,352.08183473841297
S-40,V,cen2,PB,CORTANTE_APOIO_INICIO_LONG_1,q85,712.6442986164254,200,348.5128004382525
S-40,V,cen2,RJ,CORTANTE_APOIO_INICIO_LONG_1,q85,687.4669325001198,387,352.6379489881769
S-40,V,cen2,SP,CORTANTE_APOIO_INICIO_LONG_1,q85,763.8292241161104,919,348.4362177012204
S-40,V,cen2,SC,CORTANTE_APOIO_INICIO_LONG_1,q85,710.9944433844212,1643,350.561203539175
S-40,V,cen2,PR,CORTANTE_APOIO_INICIO_LONG_1,q85,757.2176762811271,2182,350.69499543836906
S-40,V,cen4,MG,CORTANTE_APOIO_INICIO_LONG_1,q85,716.5737236027724,1421,350.40290250595876
S-40,V,cen4,MT,CORTANTE_APOIO_INICIO_LONG_1,q85,753.2471592107986,3112,352.3273035777772
S-40,V,cen4,PB,CORTANTE_APOIO_INICIO_LONG_1,q85,570.6659462086895,200,343.72694473066093
S-40,V,cen4,RJ,CORTANTE_APOIO_INICIO_LONG_1,q85,657.0382907023588,328,352.92412907449864
S-40,V,cen4,SP,CORTANTE_APOIO_INICIO_LONG_1,q85,742.0534399464715,773,348.4145799636834
S-40,V,cen4,SC,CORTANTE_APOIO_INICIO_LONG_1,q85,665.4734278669557,1381,350.10984727051533
S-40,V,cen4,PR,CORTANTE_APOIO_INICIO_LONG_1,q85,740.99033713887,1831,350.3225582899699
S-40,V,cen6,MG,CORTANTE_APOIO_INICIO_LONG_1,q85,716.5486629676839,1372,351.8794140653846
S-40,V,cen6,MT,CORTANTE_APOIO_INICIO_LONG_1,q85,764.3290881081166,2968,353.55202952132134
S-40,V,cen6,PB,CORTANTE_APOIO_INICIO_LONG_1,q85,573.881189485477,200,342.0662762589183
S-40,V,cen6,RJ,CORTANTE_APOIO_INICIO_LONG_1,q85,651.480402589079,313,353.67079890941744
S-40,V,cen6,SP,CORTANTE_APOIO_INICIO_LONG_1,q85,747.6485293339767,741,349.7901304350499
S-40,V,cen6,SC,CORTANTE_APOIO_INICIO_LONG_1,q85,666.6796922281492,1337,351.32880697024683
S-40,V,cen6,PR,CORTANTE_APOIO_INICIO_LONG_1,q85,744.6433171108688,1776,351.6471495748299
S-40,V,cen8,MG,CORTANTE_APOIO_INICIO_LONG_1,q85,728.2095456126358,1395,351.27089489508893
S-40,V,cen8,MT,CORTANTE_APOIO_INICIO_LONG_1,q85,742.0682385331656,3058,353.4368599267982
S-40,V,cen8,PB,CORTANTE_APOIO_INICIO_LONG_1,q85,567.9261392029713,200,343.6536457989026
S-40,V,cen8,RJ,CORTANTE_APOIO_INICIO_LONG_1,q85,655.2539679280869,325,352.7047837478438
S-40,V,cen8,SP,CORTANTE_APOIO_INICIO_LONG_1,q85,765.9405147523146,761,348.92085073179186
S-40,V,cen8,SC,CORTANTE_APOIO_INICIO_LONG_1,q85,656.2779605654353,1346,350.89028759048057
S-40,V,cen8,PR,CORTANTE_APOIO_INICIO_LONG_1,q85,747.8093601432222,1772,351.28890602514065
S-40,V,cen2,MG,CORTANTE_APOIO_INICIO_LONG_1,q90,704.2319757016332,1119,361.2191064858958
S-40,V,cen2,MT,CORTANTE_APOIO_INICIO_LONG_1,q90,747.7875712194596,2458,363.28021428323814
S-40,V,cen2,PB,CORTANTE_APOIO_INICIO_LONG_1,q90,712.6442986164254,200,348.5128004382525
S-40,V,cen2,RJ,CORTANTE_APOIO_INICIO_LONG_1,q90,682.2766126861823,258,364.40576648092167
S-40,V,cen2,SP,CORTANTE_APOIO_INICIO_LONG_1,q90,766.6837830522211,613,359.80446102069294
S-40,V,cen2,SC,CORTANTE_APOIO_INICIO_LONG_1,q90,710.9654374463894,1095,360.5884119670192
S-40,V,cen2,PR,CORTANTE_APOIO_INICIO_LONG_1,q90,752.2729386839665,1455,360.38959106370817
S-40,V,cen4,MG,CORTANTE_APOIO_INICIO_LONG_1,q90,705.4378979475119,948,360.4624220139087
S-40,V,cen4,MT,CORTANTE_APOIO_INICIO_LONG_1,q90,750.2201639793357,2075,363.2337177227242
S-40,V,cen4,PB,CORTANTE_APOIO_INICIO_LONG_1,q90,570.6659462086895,200,343.72694473066093
S-40,V,cen4,RJ,CORTANTE_APOIO_INICIO_LONG_1,q90,649.785386418582,219,364.07877174176633
S-40,V,cen4,SP,CORTANTE_APOIO_INICIO_LONG_1,q90,750.1616495888682,515,358.63431582784466
S-40,V,cen4,SC,CORTANTE_APOIO_INICIO_LONG_1,q90,659.232249583062,921,360.1287750537859
S-40,V,cen4,PR,CORTANTE_APOIO_INICIO_LONG_1,q90,733.3281173439955,1221,360.14453224072696
S-40,V,cen6,MG,CORTANTE_APOIO_INICIO_LONG_1,q90,706.8274627676788,915,361.9712272816021
S-40,V,cen6,MT,CORTANTE_APOIO_INICIO_LONG_1,q90,765.6522718283986,1979,364.6091706641808
S-40,V,cen6,PB,CORTANTE_APOIO_INICIO_LONG_1,q90,573.881189485477,200,342.0662762589183
S-40,V,cen6,RJ,CORTANTE_APOIO_INICIO_LONG_1,q90,644.8894098382764,209,364.5313384132386
S-40,V,cen6,SP,CORTANTE_APOIO_INICIO_LONG_1,q90,754.3960545895536,494,360.7442600136629
S-40,V,cen6,SC,CORTANTE_APOIO_INICIO_LONG_1,q90,659.2122982859836,892,362.089877502208
S-40,V,cen6,PR,CORTANTE_APOIO_INICIO_LONG_1,q90,740.7883907733265,1184,362.021179607995
S-40,V,cen8,MG,CORTANTE_APOIO_INICIO_LONG_1,q90,720.71035884932,930,361.5605140535938
S-40,V,cen8,MT,CORTANTE_APOIO_INICIO_LONG_1,q90,739.4724463051768,2039,364.4300181357765
S-40,V,cen8,PB,CORTANTE_APOIO_INICIO_LONG_1,q90,567.9261392029713,200,343.6536457989026
S-40,V,cen8,RJ,CORTANTE_APOIO_INICIO_LONG_1,q90,648.9781543408446,217,363.95144335029505
S-40,V,cen8,SP,CORTANTE_APOIO_INICIO_LONG_1,q90,777.1687551272894,508,359.5530179544709
S-40,V,cen8,SC,CORTANTE_APOIO_INICIO_LONG_1,q90,650.3591709703292,897,361.77097601633636
S-40,V,cen8,PR,CORTANTE_APOIO_INICIO_LONG_1,q90,742.9714722917544,1182,361.2389587303701
S-40,V,cen2,MG,CORTANTE_APOIO_INICIO_LONG_1,q925,697.2063538025334,839,368.29724973988266
S-40,V,cen2,MT,CORTANTE_APOIO_INICIO_LONG_1,q925,745.8851425767555,1843,370.7487246884815
S-40,V,cen2,PB,CORTANTE_APOIO_INICIO_LONG_1,q925,712.6442986164254,200,348.5128004382525
S-40,V,cen2,RJ,CORTANTE_APOIO_INICIO_LONG_1,q925,677.953045193151,200,370.63056193390014
S-40,V,cen2,SP,CORTANTE_APOIO_INICIO_LONG_1,q925,761.4129625112853,460,367.14288548039974
S-40,V,cen2,SC,CORTANTE_APOIO_INICIO_LONG_1,q925,710.4101654380622,822,368.42808193319865
S-40,V,cen2,PR,CORTANTE_APOIO_INICIO_LONG_1,q925,750.7929131742683,1091,368.4751977939447
S-40,V,cen4,MG,CORTANTE_APOIO_INICIO_LONG_1,q925,699.3268592668478,711,367.54589076919996
S-40,V,cen4,MT,CORTANTE_APOIO_INICIO_LONG_1,q925,746.5553305681758,1556,370.5407719209214
S-40,V,cen4,PB,CORTANTE_APOIO_INICIO_LONG_1,q925,570.6659462086895,200,343.72694473066093
S-40,V,cen4,RJ,CORTANTE_APOIO_INICIO_LONG_1,q925,648.0929678640426,200,365.9926114999287
S-40,V,cen4,SP,CORTANTE_APOIO_INICIO_LONG_1,q925,754.3956590291109,387,366.37279941012395
S-40,V,cen4,SC,CORTANTE_APOIO_INICIO_LONG_1,q925,654.8862452158019,691,367.8046705812806
S-40,V,cen4,PR,CORTANTE_APOIO_INICIO_LONG_1,q925,730.5775973158386,916,367.9855407198277
S-40,V,cen6,MG,CORTANTE_APOIO_INICIO_LONG_1,q925,702.3238435760012,686,369.2210535923824
S-40,V,cen6,MT,CORTANTE_APOIO_INICIO_LONG_1,q925,764.5524747439683,1484,372.20217993790135
S-40,V,cen6,PB,CORTANTE_APOIO_INICIO_LONG_1,q925,573.881189485477,200,342.0662762589183
S-40,V,cen6,RJ,CORTANTE_APOIO_INICIO_LONG_1,q925,644.4240776759191,200,365.4775754254934
S-40,V,cen6,SP,CORTANTE_APOIO_INICIO_LONG_1,q925,753.3167159834835,371,368.0133743020437
S-40,V,cen6,SC,CORTANTE_APOIO_INICIO_LONG_1,q925,654.7600428629723,669,369.64117011316756
S-40,V,cen6,PR,CORTANTE_APOIO_INICIO_LONG_1,q925,740.1591604949249,888,370.23163934139706
S-40,V,cen8,MG,CORTANTE_APOIO_INICIO_LONG_1,q925,716.9914408460826,698,369.08846736275297
S-40,V,cen8,MT,CORTANTE_APOIO_INICIO_LONG_1,q925,737.1532841486674,1529,372.0853121751826
S-40,V,cen8,PB,CORTANTE_APOIO_INICIO_LONG_1,q925,567.9261392029713,200,343.6536457989026
S-40,V,cen8,RJ,CORTANTE_APOIO_INICIO_LONG_1,q925,647.657679972399,200,365.703312101061
S-40,V,cen8,SP,CORTANTE_APOIO_INICIO_LONG_1,q925,782.8564682542001,381,367.6672269784313
S-40,V,cen8,SC,CORTANTE_APOIO_INICIO_LONG_1,q925,645.2850185327744,673,369.1790284466052
S-40,V,cen8,PR,CORTANTE_APOIO_INICIO_LONG_1,q925,742.241719128911,886,369.06433015063084
S-40,V,cen2,MG,CORTANTE_APOIO_INICIO_LONG_1,q95,692.4423035099555,560,378.16766737446784
S-40,V,cen2,MT,CORTANTE_APOIO_INICIO_LONG_1,q95,740.2772423607146,1229,381.47606339883737
S-40,V,cen2,PB,CORTANTE_APOIO_INICIO_LONG_1,q95,712.6442986164254,200,348.5128004382525
S-40,V,cen2,RJ,CORTANTE_APOIO_INICIO_LONG_1,q95,677.953045193151,200,370.63056193390014
S-40,V,cen2,SP,CORTANTE_APOIO_INICIO_LONG_1,q95,753.9717747892314,307,376.6070217048479
S-40,V,cen2,SC,CORTANTE_APOIO_INICIO_LONG_1,q95,703.576375063669,548,378.4792590250483
S-40,V,cen2,PR,CORTANTE_APOIO_INICIO_LONG_1,q95,743.079052404612,728,379.3547220344494
S-40,V,cen4,MG,CORTANTE_APOIO_INICIO_LONG_1,q95,697.4685214303681,474,377.9371956120333
S-40,V,cen4,MT,CORTANTE_APOIO_INICIO_LONG_1,q95,738.9511716104366,1038,381.07283691186865
S-40,V,cen4,PB,CORTANTE_APOIO_INICIO_LONG_1,q95,570.6659462086895,200,343.72694473066093
S-40,V,cen4,RJ,CORTANTE_APOIO_INICIO_LONG_1,q95,648.0929678640426,200,365.9926114999287
S-40,V,cen4,SP,CORTANTE_APOIO_INICIO_LONG_1,q95,753.6499212566575,258,376.5432742008951
S-40,V,cen4,SC,CORTANTE_APOIO_INICIO_LONG_1,q95,646.7430223669412,461,378.62278720971386
S-40,V,cen4,PR,CORTANTE_APOIO_INICIO_LONG_1,q95,721.699307899237,611,379.2023702218094
S-40,V,cen6,MG,CORTANTE_APOIO_INICIO_LONG_1,q95,702.4264919595599,458,379.88644099327803
S-40,V,cen6,MT,CORTANTE_APOIO_INICIO_LONG_1,q95,758.5397365530246,990,382.66516157842864
S-40,V,cen6,PB,CORTANTE_APOIO_INICIO_LONG_1,q95,573.881189485477,200,342.0662762589183
S-40,V,cen6,RJ,CORTANTE_APOIO_INICIO_LONG_1,q95,644.4240776759191,200,365.4775754254934
S-40,V,cen6,SP,CORTANTE_APOIO_INICIO_LONG_1,q95,749.7408779482214,247,376.7517773997017
S-40,V,cen6,SC,CORTANTE_APOIO_INICIO_LONG_1,q95,643.9010507268796,446,380.79841074794706
S-40,V,cen6,PR,CORTANTE_APOIO_INICIO_LONG_1,q95,730.2597897545998,592,381.326441517234
S-40,V,cen8,MG,CORTANTE_APOIO_INICIO_LONG_1,q95,720.3429455209979,465,378.93404522860476
S-40,V,cen8,MT,CORTANTE_APOIO_INICIO_LONG_1,q95,730.8089009875474,1020,383.2037792207165
S-40,V,cen8,PB,CORTANTE_APOIO_INICIO_LONG_1,q95,567.9261392029713,200,343.6536457989026
S-40,V,cen8,RJ,CORTANTE_APOIO_INICIO_LONG_1,q95,647.657679972399,200,365.703312101061
S-40,V,cen8,SP,CORTANTE_APOIO_INICIO_LONG_1,q95,778.4825069354015,254,377.48146730856894
S-40,V,cen8,SC,CORTANTE_APOIO_INICIO_LONG_1,q95,633.9677513677982,449,379.7399168395498
S-40,V,cen8,PR,CORTANTE_APOIO_INICIO_LONG_1,q95,731.589485872262,591,380.3338211498229
S-40,V,cen2,MG,CORTANTE_APOIO_INICIO_LONG_1,frac058,722.164671444864,3177,334.6716631032544
S-40,V,cen2,MT,CORTANTE_APOIO_INICIO_LONG_1,frac058,750.7610478272453,6912,335.9700821558328
S-40,V,cen2,PB,CORTANTE_APOIO_INICIO_LONG_1,frac058,696.5966770209625,708,317.5701896150004
S-40,V,cen2,RJ,CORTANTE_APOIO_INICIO_LONG_1,frac058,711.1830595637509,2575,298.6913148370418
S-40,V,cen2,SP,CORTANTE_APOIO_INICIO_LONG_1,frac058,759.0965485650538,2950,320.97454388656337
S-40,V,cen2,SC,CORTANTE_APOIO_INICIO_LONG_1,frac058,714.231597456675,5300,321.18646336482703
S-40,V,cen2,PR,CORTANTE_APOIO_INICIO_LONG_1,frac058,764.0731533114035,3968,335.5001587367267
S-40,V,cen4,MG,CORTANTE_APOIO_INICIO_LONG_1,frac058,726.5452259932533,2699,334.4056547237818
S-40,V,cen4,MT,CORTANTE_APOIO_INICIO_LONG_1,frac058,755.4477932275006,5873,335.9700821558328
S-40,V,cen4,PB,CORTANTE_APOIO_INICIO_LONG_1,frac058,615.060825528476,1104,269.1777621716376
S-40,V,cen4,RJ,CORTANTE_APOIO_INICIO_LONG_1,frac058,687.4765561265453,2182,298.6913148370418
S-40,V,cen4,SP,CORTANTE_APOIO_INICIO_LONG_1,frac058,730.833150428138,2462,320.97454388656337
S-40,V,cen4,SC,CORTANTE_APOIO_INICIO_LONG_1,frac058,687.4523221461546,9203,294.0593401588287
S-40,V,cen4,PR,CORTANTE_APOIO_INICIO_LONG_1,frac058,748.8388223816057,3274,335.50015932031386
S-40,V,cen6,MG,CORTANTE_APOIO_INICIO_LONG_1,frac058,724.8853714930799,2677,334.4056547237818
S-40,V,cen6,MT,CORTANTE_APOIO_INICIO_LONG_1,frac058,759.7551235940392,5701,335.9700821558328
S-40,V,cen6,PB,CORTANTE_APOIO_INICIO_LONG_1,frac058,609.8435756029733,1021,269.1777621716376
S-40,V,cen6,RJ,CORTANTE_APOIO_INICIO_LONG_1,frac058,684.0423536406267,2085,298.6913148370418
S-40,V,cen6,SP,CORTANTE_APOIO_INICIO_LONG_1,frac058,729.0468532706906,2393,320.97454388656337
S-40,V,cen6,SC,CORTANTE_APOIO_INICIO_LONG_1,frac058,694.1344995285415,8912,294.0593401588287
S-40,V,cen6,PR,CORTANTE_APOIO_INICIO_LONG_1,frac058,750.6868044349387,3284,335.50015932031386
S-40,V,cen8,MG,CORTANTE_APOIO_INICIO_LONG_1,frac058,733.9629883140872,2667,334.4056547237818
S-40,V,cen8,MT,CORTANTE_APOIO_INICIO_LONG_1,frac058,748.1485834450458,6857,331.8972446377487
S-40,V,cen8,PB,CORTANTE_APOIO_INICIO_LONG_1,frac058,615.0117195412821,1109,269.1777621716376
S-40,V,cen8,RJ,CORTANTE_APOIO_INICIO_LONG_1,frac058,688.5389247224361,2165,298.6913148370418
S-40,V,cen8,SP,CORTANTE_APOIO_INICIO_LONG_1,frac058,747.4036320295519,2426,320.97454388656337
S-40,V,cen8,SC,CORTANTE_APOIO_INICIO_LONG_1,frac058,685.3109093464215,8970,287.9152386459991
S-40,V,cen8,PR,CORTANTE_APOIO_INICIO_LONG_1,frac058,751.0674791180284,3220,335.50015932031386
S-40,M+,cen2,MG,MOMENTO_MEIO_VAO_LONG_1,q85,5588.425886713384,12180,2385.292103381661
S-40,M+,cen2,MT,MOMENTO_MEIO_VAO_LONG_1,q85,6036.776937850173,12376,2609.90309716333
S-40,M+,cen2,PB,MOMENTO_MEIO_VAO_LONG_1,q85,5153.762228254319,1891,2292.1871364545136
S-40,M+,cen2,RJ,MOMENTO_MEIO_VAO_LONG_1,q85,5255.156044911006,6385,2093.946114512956
S-40,M+,cen2,SP,MOMENTO_MEIO_VAO_LONG_1,q85,5087.323853385613,10646,2185.8289891864492
S-40,M+,cen2,SC,MOMENTO_MEIO_VAO_LONG_1,q85,5250.755888144606,14849,2289.117992852402
S-40,M+,cen2,PR,MOMENTO_MEIO_VAO_LONG_1,q85,5876.655209133109,15688,2403.7155473533016
S-40,M+,cen4,MG,MOMENTO_MEIO_VAO_LONG_1,q85,5600.039406637337,10304,2382.4292247868343
S-40,M+,cen4,MT,MOMENTO_MEIO_VAO_LONG_1,q85,6034.864328363742,10495,2605.2940824885018
S-40,M+,cen4,PB,MOMENTO_MEIO_VAO_LONG_1,q85,4677.5398873117265,1604,2292.0873341506835
S-40,M+,cen4,RJ,MOMENTO_MEIO_VAO_LONG_1,q85,5114.181055989744,5406,2087.2566372913566
S-40,M+,cen4,SP,MOMENTO_MEIO_VAO_LONG_1,q85,5007.080023284005,8979,2182.5680057578024
S-40,M+,cen4,SC,MOMENTO_MEIO_VAO_LONG_1,q85,5154.9639448649195,12556,2282.336513618223
S-40,M+,cen4,PR,MOMENTO_MEIO_VAO_LONG_1,q85,5755.300838833056,13281,2396.0049500155806
S-40,M+,cen6,MG,MOMENTO_MEIO_VAO_LONG_1,q85,6206.548280090837,10025,2385.6190114504075
S-40,M+,cen6,MT,MOMENTO_MEIO_VAO_LONG_1,q85,6724.556197094924,10477,2600.219676729208
S-40,M+,cen6,PB,MOMENTO_MEIO_VAO_LONG_1,q85,4638.181872170023,1551,2282.0374368076964
S-40,M+,cen6,RJ,MOMENTO_MEIO_VAO_LONG_1,q85,5236.0405736585035,5204,2091.1991606925253
S-40,M+,cen6,SP,MOMENTO_MEIO_VAO_LONG_1,q85,5224.402500899258,8682,2189.034645498337
S-40,M+,cen6,SC,MOMENTO_MEIO_VAO_LONG_1,q85,5731.98742167427,12184,2292.1150529732863
S-40,M+,cen6,PR,MOMENTO_MEIO_VAO_LONG_1,q85,6298.672068550632,12924,2402.143941574374
S-40,M+,cen8,MG,MOMENTO_MEIO_VAO_LONG_1,q85,6016.536082292636,10366,2375.4681024423
S-40,M+,cen8,MT,MOMENTO_MEIO_VAO_LONG_1,q85,6639.388085046035,10887,2594.33567469157
S-40,M+,cen8,PB,MOMENTO_MEIO_VAO_LONG_1,q85,4740.587667918075,1630,2284.882602466495
S-40,M+,cen8,RJ,MOMENTO_MEIO_VAO_LONG_1,q85,5242.887464651164,5408,2085.61921324834
S-40,M+,cen8,SP,MOMENTO_MEIO_VAO_LONG_1,q85,5579.492908529988,8935,2184.605858315825
S-40,M+,cen8,SC,MOMENTO_MEIO_VAO_LONG_1,q85,5484.030493807601,12487,2281.3724716592606
S-40,M+,cen8,PR,MOMENTO_MEIO_VAO_LONG_1,q85,6095.621080919065,13271,2385.7426976057477
S-40,M+,cen2,MG,MOMENTO_MEIO_VAO_LONG_1,q90,5773.207713968608,8120,2508.5164887379365
S-40,M+,cen2,MT,MOMENTO_MEIO_VAO_LONG_1,q90,5992.159315535904,8251,2689.7778602268277
S-40,M+,cen2,PB,MOMENTO_MEIO_VAO_LONG_1,q90,5483.924152810303,1261,2435.718162913202
S-40,M+,cen2,RJ,MOMENTO_MEIO_VAO_LONG_1,q90,5200.3894236807355,4257,2196.571856531559
S-40,M+,cen2,SP,MOMENTO_MEIO_VAO_LONG_1,q90,5561.938869573207,7097,2356.266032653207
S-40,M+,cen2,SC,MOMENTO_MEIO_VAO_LONG_1,q90,5535.543883802971,9900,2437.5003719138667
S-40,M+,cen2,PR,MOMENTO_MEIO_VAO_LONG_1,q90,6085.860771655349,10459,2518.158938183944
S-40,M+,cen4,MG,MOMENTO_MEIO_VAO_LONG_1,q90,5788.243955018719,6869,2504.104514145112
S-40,M+,cen4,MT,MOMENTO_MEIO_VAO_LONG_1,q90,6009.880690011003,6997,2685.980143297155
S-40,M+,cen4,PB,MOMENTO_MEIO_VAO_LONG_1,q90,4851.543832313565,1069,2433.240603249569
S-40,M+,cen4,RJ,MOMENTO_MEIO_VAO_LONG_1,q90,5026.224058304175,3604,2190.3347047692587
S-40,M+,cen4,SP,MOMENTO_MEIO_VAO_LONG_1,q90,5483.094930276633,5986,2353.284514666574
S-40,M+,cen4,SC,MOMENTO_MEIO_VAO_LONG_1,q90,5416.258574181045,8371,2431.529986761762
S-40,M+,cen4,PR,MOMENTO_MEIO_VAO_LONG_1,q90,5930.218005929537,8854,2509.7824930277748
S-40,M+,cen6,MG,MOMENTO_MEIO_VAO_LONG_1,q90,6407.942382695797,6683,2508.2876426232183
S-40,M+,cen6,MT,MOMENTO_MEIO_VAO_LONG_1,q90,6669.1607310492855,6985,2683.4232833466776
S-40,M+,cen6,PB,MOMENTO_MEIO_VAO_LONG_1,q90,4800.476178074541,1034,2426.474950310518
S-40,M+,cen6,RJ,MOMENTO_MEIO_VAO_LONG_1,q90,5153.394112016675,3470,2198.1419096033114
S-40,M+,cen6,SP,MOMENTO_MEIO_VAO_LONG_1,q90,5676.4232008424715,5788,2363.442062006057
S-40,M+,cen6,SC,MOMENTO_MEIO_VAO_LONG_1,q90,6031.888466466229,8123,2443.9835128817626
S-40,M+,cen6,PR,MOMENTO_MEIO_VAO_LONG_1,q90,6402.964397119467,8616,2518.381495799753
S-40,M+,cen8,MG,MOMENTO_MEIO_VAO_LONG_1,q90,6182.123820363936,6911,2498.3594629420804
S-40,M+,cen8,MT,MOMENTO_MEIO_VAO_LONG_1,q90,6548.612549643794,7258,2678.7492605025022
S-40,M+,cen8,PB,MOMENTO_MEIO_VAO_LONG_1,q90,4932.48475782251,1087,2428.0526993350186
S-40,M+,cen8,RJ,MOMENTO_MEIO_VAO_LONG_1,q90,5197.623142951414,3605,2191.9192877859023
S-40,M+,cen8,SP,MOMENTO_MEIO_VAO_LONG_1,q90,6205.097017494712,5957,2352.7367233631476
S-40,M+,cen8,SC,MOMENTO_MEIO_VAO_LONG_1,q90,5713.2720684387095,8325,2431.5148419153998
S-40,M+,cen8,PR,MOMENTO_MEIO_VAO_LONG_1,q90,6233.184810864321,8848,2502.5528918375485
S-40,M+,cen2,MG,MOMENTO_MEIO_VAO_LONG_1,q925,5807.880740589311,6090,2575.2007090719458
S-40,M+,cen2,MT,MOMENTO_MEIO_VAO_LONG_1,q925,5967.065549481093,6188,2746.368888746859
S-40,M+,cen2,PB,MOMENTO_MEIO_VAO_LONG_1,q925,5604.604150974757,946,2509.8556678532404
S-40,M+,cen2,RJ,MOMENTO_MEIO_VAO_LONG_1,q925,5374.068246105827,3193,2294.1598605891363
S-40,M+,cen2,SP,MOMENTO_MEIO_VAO_LONG_1,q925,5801.471389721693,5323,2452.255165262755
S-40,M+,cen2,SC,MOMENTO_MEIO_VAO_LONG_1,q925,5605.602725124805,7425,2515.6383061197153
S-40,M+,cen2,PR,MOMENTO_MEIO_VAO_LONG_1,q925,6148.507268800625,7844,2582.6906481256924
S-40,M+,cen4,MG,MOMENTO_MEIO_VAO_LONG_1,q925,5827.602104401514,5152,2569.592733820882
S-40,M+,cen4,MT,MOMENTO_MEIO_VAO_LONG_1,q925,6004.590485979696,5248,2743.250640448504
S-40,M+,cen4,PB,MOMENTO_MEIO_VAO_LONG_1,q925,4882.094737802205,802,2508.8462204065067
S-40,M+,cen4,RJ,MOMENTO_MEIO_VAO_LONG_1,q925,5174.359846447198,2703,2289.9678698655384
S-40,M+,cen4,SP,MOMENTO_MEIO_VAO_LONG_1,q925,5721.257735854542,4490,2446.476288866691
S-40,M+,cen4,SC,MOMENTO_MEIO_VAO_LONG_1,q925,5454.5903588864485,6278,2510.5307626325994
S-40,M+,cen4,PR,MOMENTO_MEIO_VAO_LONG_1,q925,5971.088108012414,6641,2572.9398294980247
S-40,M+,cen6,MG,MOMENTO_MEIO_VAO_LONG_1,q925,6449.746859505734,5013,2576.464230230754
S-40,M+,cen6,MT,MOMENTO_MEIO_VAO_LONG_1,q925,6644.632925968133,5239,2743.792840345126
S-40,M+,cen6,PB,MOMENTO_MEIO_VAO_LONG_1,q925,4824.706910950286,776,2501.940770833508
S-40,M+,cen6,RJ,MOMENTO_MEIO_VAO_LONG_1,q925,5284.030905826258,2602,2302.5768701912043
S-40,M+,cen6,SP,MOMENTO_MEIO_VAO_LONG_1,q925,5855.254584189535,4341,2455.3160296811807
S-40,M+,cen6,SC,MOMENTO_MEIO_VAO_LONG_1,q925,6074.104909619168,6092,2522.0296210034835
S-40,M+,cen6,PR,MOMENTO_MEIO_VAO_LONG_1,q925,6382.290740530958,6462,2585.0291660034395
S-40,M+,cen8,MG,MOMENTO_MEIO_VAO_LONG_1,q925,6186.072179836435,5183,2567.038207647791
S-40,M+,cen8,MT,MOMENTO_MEIO_VAO_LONG_1,q925,6487.502775042409,5444,2738.438367819287
S-40,M+,cen8,PB,MOMENTO_MEIO_VAO_LONG_1,q925,4957.607914072925,815,2504.6713327725233
S-40,M+,cen8,RJ,MOMENTO_MEIO_VAO_LONG_1,q925,5384.9505112992265,2704,2296.011740625754
S-40,M+,cen8,SP,MOMENTO_MEIO_VAO_LONG_1,q925,6513.885469412714,4468,2445.2837059167973
S-40,M+,cen8,SC,MOMENTO_MEIO_VAO_LONG_1,q925,5721.068915854887,6244,2510.3792469453806
S-40,M+,cen8,PR,MOMENTO_MEIO_VAO_LONG_1,q925,6247.261640305269,6636,2567.7698098470887
S-40,M+,cen2,MG,MOMENTO_MEIO_VAO_LONG_1,q95,5822.180330108091,4060,2661.1741357121855
S-40,M+,cen2,MT,MOMENTO_MEIO_VAO_LONG_1,q95,5943.8831894872565,4126,2828.6526756029634
S-40,M+,cen2,PB,MOMENTO_MEIO_VAO_LONG_1,q95,5649.319521848598,631,2596.088231714672
S-40,M+,cen2,RJ,MOMENTO_MEIO_VAO_LONG_1,q95,5592.148142290507,2129,2438.9952213575584
S-40,M+,cen2,SP,MOMENTO_MEIO_VAO_LONG_1,q95,5958.012313663889,3549,2553.2727116309156
S-40,M+,cen2,SC,MOMENTO_MEIO_VAO_LONG_1,q95,5638.14446126196,4950,2607.4820018549894
S-40,M+,cen2,PR,MOMENTO_MEIO_VAO_LONG_1,q95,6210.630608256125,5230,2667.6780590323087
S-40,M+,cen4,MG,MOMENTO_MEIO_VAO_LONG_1,q95,5850.9389784891055,3435,2654.186526948611
S-40,M+,cen4,MT,MOMENTO_MEIO_VAO_LONG_1,q95,6003.012306133969,3499,2827.212863507283
S-40,M+,cen4,PB,MOMENTO_MEIO_VAO_LONG_1,q95,4800.809377029511,535,2593.396368694422
S-40,M+,cen4,RJ,MOMENTO_MEIO_VAO_LONG_1,q95,5341.731794447574,1802,2437.293292409378
S-40,M+,cen4,SP,MOMENTO_MEIO_VAO_LONG_1,q95,5898.583485133705,2993,2547.9627653458992
S-40,M+,cen4,SC,MOMENTO_MEIO_VAO_LONG_1,q95,5442.062239215178,4186,2598.5031921580817
S-40,M+,cen4,PR,MOMENTO_MEIO_VAO_LONG_1,q95,5995.9386941610055,4427,2655.912551915436
S-40,M+,cen6,MG,MOMENTO_MEIO_VAO_LONG_1,q95,6471.860882108151,3342,2667.0681250119483
S-40,M+,cen6,MT,MOMENTO_MEIO_VAO_LONG_1,q95,6611.17997589243,3493,2834.6089052226134
S-40,M+,cen6,PB,MOMENTO_MEIO_VAO_LONG_1,q95,4738.363766058017,517,2587.802722081719
S-40,M+,cen6,RJ,MOMENTO_MEIO_VAO_LONG_1,q95,5363.731441357115,1735,2446.978584622138
S-40,M+,cen6,SP,MOMENTO_MEIO_VAO_LONG_1,q95,5963.963929039499,2894,2555.8920111794146
S-40,M+,cen6,SC,MOMENTO_MEIO_VAO_LONG_1,q95,6052.437112125886,4062,2616.8730076826173
S-40,M+,cen6,PR,MOMENTO_MEIO_VAO_LONG_1,q95,6315.1004019988295,4308,2673.1960569770818
S-40,M+,cen8,MG,MOMENTO_MEIO_VAO_LONG_1,q95,6129.870212456419,3456,2654.970777517357
S-40,M+,cen8,MT,MOMENTO_MEIO_VAO_LONG_1,q95,6398.6384307831795,3629,2828.0843209268496
S-40,M+,cen8,PB,MOMENTO_MEIO_VAO_LONG_1,q95,4864.847748583901,544,2590.1351985375536
S-40,M+,cen8,RJ,MOMENTO_MEIO_VAO_LONG_1,q95,5541.745856152966,1803,2442.7043300983646
S-40,M+,cen8,SP,MOMENTO_MEIO_VAO_LONG_1,q95,6783.986312876594,2979,2547.214634846455
S-40,M+,cen8,SC,MOMENTO_MEIO_VAO_LONG_1,q95,5663.539608398949,4163,2601.7959001962126
S-40,M+,cen8,PR,MOMENTO_MEIO_VAO_LONG_1,q95,6230.872544024103,4424,2657.1406586940284
S-40,M+,cen2,MG,MOMENTO_MEIO_VAO_LONG_1,frac058,5826.891535680534,3255,2704.174614813914
S-40,M+,cen2,MT,MOMENTO_MEIO_VAO_LONG_1,frac058,6021.342633694575,10646,2640.688509349846
S-40,M+,cen2,PB,MOMENTO_MEIO_VAO_LONG_1,frac058,5646.798948784866,719,2571.958296222999
S-40,M+,cen2,RJ,MOMENTO_MEIO_VAO_LONG_1,frac058,5527.443816818725,2513,2386.8313807360196
S-40,M+,cen2,SP,MOMENTO_MEIO_VAO_LONG_1,frac058,5927.702796962638,3993,2527.101953455188
S-40,M+,cen2,SC,MOMENTO_MEIO_VAO_LONG_1,frac058,5635.6597596688325,5433,2588.0971673807812
S-40,M+,cen2,PR,MOMENTO_MEIO_VAO_LONG_1,frac058,6212.912652727458,5086,2673.5390989711414
S-40,M+,cen4,MG,MOMENTO_MEIO_VAO_LONG_1,frac058,5855.867214276541,2675,2704.1895330852967
S-40,M+,cen4,MT,MOMENTO_MEIO_VAO_LONG_1,frac058,6023.8702576439755,8847,2640.688509349846
S-40,M+,cen4,PB,MOMENTO_MEIO_VAO_LONG_1,frac058,4503.409918981852,2304,2142.4845129479536
S-40,M+,cen4,RJ,MOMENTO_MEIO_VAO_LONG_1,frac058,5228.863926775843,2479,2326.4676494025625
S-40,M+,cen4,SP,MOMENTO_MEIO_VAO_LONG_1,frac058,5881.178553915777,3159,2535.3007027090243
S-40,M+,cen4,SC,MOMENTO_MEIO_VAO_LONG_1,frac058,5346.781067050812,9667,2382.357103168288
S-40,M+,cen4,PR,MOMENTO_MEIO_VAO_LONG_1,frac058,5994.614189843307,4067,2673.5390990894343
S-40,M+,cen6,MG,MOMENTO_MEIO_VAO_LONG_1,frac058,6475.22257350711,2416,2737.479055031663
S-40,M+,cen6,MT,MOMENTO_MEIO_VAO_LONG_1,frac058,6652.244288930266,5778,2723.3971293698496
S-40,M+,cen6,PB,MOMENTO_MEIO_VAO_LONG_1,frac058,4485.450478165287,2179,2142.4845129479536
S-40,M+,cen6,RJ,MOMENTO_MEIO_VAO_LONG_1,frac058,5309.2483045129575,2462,2326.4676494025625
S-40,M+,cen6,SP,MOMENTO_MEIO_VAO_LONG_1,frac058,5938.377681555519,3305,2527.101953455188
S-40,M+,cen6,SC,MOMENTO_MEIO_VAO_LONG_1,frac058,6066.204072008002,4587,2590.382366016418
S-40,M+,cen6,PR,MOMENTO_MEIO_VAO_LONG_1,frac058,6314.80542299981,4302,2673.5390990894343
S-40,M+,cen8,MG,MOMENTO_MEIO_VAO_LONG_1,frac058,6084.1865812021115,2717,2704.1895330852967
S-40,M+,cen8,MT,MOMENTO_MEIO_VAO_LONG_1,frac058,6417.127426943436,3913,2810.7668105053485
S-40,M+,cen8,PB,MOMENTO_MEIO_VAO_LONG_1,frac058,4552.796394199769,2289,2142.4845129479536
S-40,M+,cen8,RJ,MOMENTO_MEIO_VAO_LONG_1,frac058,5438.903053764917,2498,2329.769904450288
S-40,M+,cen8,SP,MOMENTO_MEIO_VAO_LONG_1,frac058,7625.30668364455,337,3006.1821843637063
S-40,M+,cen8,SC,MOMENTO_MEIO_VAO_LONG_1,frac058,5729.1851215816105,7244,2471.3082662268066
S-40,M+,cen8,PR,MOMENTO_MEIO_VAO_LONG_1,frac058,6221.883164005836,4092,2673.5390990894343
S-50,V,cen2,MG,CORTANTE_APOIO_INICIO_LONG_1,q85,739.6213152032328,550,400.45145223716037
S-50,V,cen2,MT,CORTANTE_APOIO_INICIO_LONG_1,q85,782.0797734969224,1296,402.00319297279066
S-50,V,cen2,PB,CORTANTE_APOIO_INICIO_LONG_1,q85,745.0664735102058,200,368.71345576053386
S-50,V,cen2,RJ,CORTANTE_APOIO_INICIO_LONG_1,q85,718.9841441714848,200,390.357023228785
S-50,V,cen2,SP,CORTANTE_APOIO_INICIO_LONG_1,q85,796.834121432863,286,398.7313638385503
S-50,V,cen2,SC,CORTANTE_APOIO_INICIO_LONG_1,q85,739.6476426570381,523,401.5967001309236
S-50,V,cen2,PR,CORTANTE_APOIO_INICIO_LONG_1,q85,789.2734558165946,710,401.4509480767699
S-50,V,cen4,MG,CORTANTE_APOIO_INICIO_LONG_1,q85,732.713375626357,460,400.289265014329
S-50,V,cen4,MT,CORTANTE_APOIO_INICIO_LONG_1,q85,782.7109386607584,1089,402.12156780178566
S-50,V,cen4,PB,CORTANTE_APOIO_INICIO_LONG_1,q85,595.3153376570001,200,362.9664707726511
S-50,V,cen4,RJ,CORTANTE_APOIO_INICIO_LONG_1,q85,687.2088613656234,200,385.5630767439287
S-50,V,cen4,SP,CORTANTE_APOIO_INICIO_LONG_1,q85,806.9712049636565,237,398.68286297373345
S-50,V,cen4,SC,CORTANTE_APOIO_INICIO_LONG_1,q85,669.288215959678,428,401.42248826493085
S-50,V,cen4,PR,CORTANTE_APOIO_INICIO_LONG_1,q85,778.8893689247298,586,400.8693760424744
S-50,V,cen6,MG,CORTANTE_APOIO_INICIO_LONG_1,q85,745.2013157236534,455,401.84690052460684
S-50,V,cen6,MT,CORTANTE_APOIO_INICIO_LONG_1,q85,836.527969972427,1058,403.4856893281341
S-50,V,cen6,PB,CORTANTE_APOIO_INICIO_LONG_1,q85,598.8077615168781,200,361.2693443268055
S-50,V,cen6,RJ,CORTANTE_APOIO_INICIO_LONG_1,q85,696.4418890648278,200,384.6830725893519
S-50,V,cen6,SP,CORTANTE_APOIO_INICIO_LONG_1,q85,835.1253880851691,234,400.26293620285554
S-50,V,cen6,SC,CORTANTE_APOIO_INICIO_LONG_1,q85,667.5333831468397,428,403.18536407341287
S-50,V,cen6,PR,CORTANTE_APOIO_INICIO_LONG_1,q85,766.0514282498045,584,404.0841191247267
S-50,V,cen8,MG,CORTANTE_APOIO_INICIO_LONG_1,q85,733.409213300881,451,402.1404242232286
S-50,V,cen8,MT,CORTANTE_APOIO_INICIO_LONG_1,q85,793.7322761392732,1081,403.6413926447595
S-50,V,cen8,PB,CORTANTE_APOIO_INICIO_LONG_1,q85,590.9760549770348,200,363.1314798839136
S-50,V,cen8,RJ,CORTANTE_APOIO_INICIO_LONG_1,q85,684.885710214702,200,385.4813859061738
S-50,V,cen8,SP,CORTANTE_APOIO_INICIO_LONG_1,q85,814.6167539944197,235,398.3557326899
S-50,V,cen8,SC,CORTANTE_APOIO_INICIO_LONG_1,q85,665.8789209822187,425,401.6552705496162
S-50,V,cen8,PR,CORTANTE_APOIO_INICIO_LONG_1,q85,778.1443792646395,580,402.88619666922494
S-50,V,cen2,MG,CORTANTE_APOIO_INICIO_LONG_1,q90,737.9343769180855,367,412.13482328330724
S-50,V,cen2,MT,CORTANTE_APOIO_INICIO_LONG_1,q90,772.4861762589119,864,412.22286885944465
S-50,V,cen2,PB,CORTANTE_APOIO_INICIO_LONG_1,q90,745.0664735102058,200,368.71345576053386
S-50,V,cen2,RJ,CORTANTE_APOIO_INICIO_LONG_1,q90,718.9841441714848,200,390.357023228785
S-50,V,cen2,SP,CORTANTE_APOIO_INICIO_LONG_1,q90,790.9226328656198,200,408.4851349642558
S-50,V,cen2,SC,CORTANTE_APOIO_INICIO_LONG_1,q90,732.0426672762621,349,411.1009005524208
S-50,V,cen2,PR,CORTANTE_APOIO_INICIO_LONG_1,q90,783.5929930613258,473,412.8553325462954
S-50,V,cen4,MG,CORTANTE_APOIO_INICIO_LONG_1,q90,732.6408899478749,307,412.4035476934488
S-50,V,cen4,MT,CORTANTE_APOIO_INICIO_LONG_1,q90,772.7565529282379,726,412.3179776032137
S-50,V,cen4,PB,CORTANTE_APOIO_INICIO_LONG_1,q90,595.3153376570001,200,362.9664707726511
S-50,V,cen4,RJ,CORTANTE_APOIO_INICIO_LONG_1,q90,687.2088613656234,200,385.5630767439287
S-50,V,cen4,SP,CORTANTE_APOIO_INICIO_LONG_1,q90,805.4949410188731,200,402.8746001878053
S-50,V,cen4,SC,CORTANTE_APOIO_INICIO_LONG_1,q90,659.0624061340689,286,410.6134407504288
S-50,V,cen4,PR,CORTANTE_APOIO_INICIO_LONG_1,q90,768.5312360943282,391,411.8923248137279
S-50,V,cen6,MG,CORTANTE_APOIO_INICIO_LONG_1,q90,740.3351419818132,303,414.2514635441436
S-50,V,cen6,MT,CORTANTE_APOIO_INICIO_LONG_1,q90,837.5376412544706,706,414.0076845327224
S-50,V,cen6,PB,CORTANTE_APOIO_INICIO_LONG_1,q90,598.8077615168781,200,361.2693443268055
S-50,V,cen6,RJ,CORTANTE_APOIO_INICIO_LONG_1,q90,696.4418890648278,200,384.6830725893519
S-50,V,cen6,SP,CORTANTE_APOIO_INICIO_LONG_1,q90,832.8316444445787,200,403.8195124165123
S-50,V,cen6,SC,CORTANTE_APOIO_INICIO_LONG_1,q90,660.9528413795952,286,412.9149556232083
S-50,V,cen6,PR,CORTANTE_APOIO_INICIO_LONG_1,q90,755.5777637265887,390,414.2715951340521
S-50,V,cen8,MG,CORTANTE_APOIO_INICIO_LONG_1,q90,728.341605606661,301,413.8409569738375
S-50,V,cen8,MT,CORTANTE_APOIO_INICIO_LONG_1,q90,789.9640082570352,721,414.3663965333993
S-50,V,cen8,PB,CORTANTE_APOIO_INICIO_LONG_1,q90,590.9760549770348,200,363.1314798839136
S-50,V,cen8,RJ,CORTANTE_APOIO_INICIO_LONG_1,q90,684.885710214702,200,385.4813859061738
S-50,V,cen8,SP,CORTANTE_APOIO_INICIO_LONG_1,q90,813.8969058865209,200,401.9489368923684
S-50,V,cen8,SC,CORTANTE_APOIO_INICIO_LONG_1,q90,655.4783514785845,284,411.8962214282927
S-50,V,cen8,PR,CORTANTE_APOIO_INICIO_LONG_1,q90,772.0755227643931,387,413.65396863259355
S-50,V,cen2,MG,CORTANTE_APOIO_INICIO_LONG_1,q925,733.2256036165566,275,419.9357582022334
S-50,V,cen2,MT,CORTANTE_APOIO_INICIO_LONG_1,q925,765.8202168688222,648,420.3382935295727
S-50,V,cen2,PB,CORTANTE_APOIO_INICIO_LONG_1,q925,745.0664735102058,200,368.71345576053386
S-50,V,cen2,RJ,CORTANTE_APOIO_INICIO_LONG_1,q925,718.9841441714848,200,390.357023228785
S-50,V,cen2,SP,CORTANTE_APOIO_INICIO_LONG_1,q925,790.9226328656198,200,408.4851349642558
S-50,V,cen2,SC,CORTANTE_APOIO_INICIO_LONG_1,q925,729.8117366440324,262,419.0997654695867
S-50,V,cen2,PR,CORTANTE_APOIO_INICIO_LONG_1,q925,780.536341008987,355,421.24234411013606
S-50,V,cen4,MG,CORTANTE_APOIO_INICIO_LONG_1,q925,728.3324792259882,230,420.17215639762964
S-50,V,cen4,MT,CORTANTE_APOIO_INICIO_LONG_1,q925,764.9701999766802,545,420.7620380762862
S-50,V,cen4,PB,CORTANTE_APOIO_INICIO_LONG_1,q925,595.3153376570001,200,362.9664707726511
S-50,V,cen4,RJ,CORTANTE_APOIO_INICIO_LONG_1,q925,687.2088613656234,200,385.5630767439287
S-50,V,cen4,SP,CORTANTE_APOIO_INICIO_LONG_1,q925,805.4949410188731,200,402.8746001878053
S-50,V,cen4,SC,CORTANTE_APOIO_INICIO_LONG_1,q925,654.5315801222043,214,419.18588798588377
S-50,V,cen4,PR,CORTANTE_APOIO_INICIO_LONG_1,q925,760.6329952787639,293,420.60947470847674
S-50,V,cen6,MG,CORTANTE_APOIO_INICIO_LONG_1,q925,732.6372323680448,228,421.7225395395825
S-50,V,cen6,MT,CORTANTE_APOIO_INICIO_LONG_1,q925,836.8348542858806,529,422.60437410751075
S-50,V,cen6,PB,CORTANTE_APOIO_INICIO_LONG_1,q925,598.8077615168781,200,361.2693443268055
S-50,V,cen6,RJ,CORTANTE_APOIO_INICIO_LONG_1,q925,696.4418890648278,200,384.6830725893519
S-50,V,cen6,SP,CORTANTE_APOIO_INICIO_LONG_1,q925,832.8316444445787,200,403.8195124165123
S-50,V,cen6,SC,CORTANTE_APOIO_INICIO_LONG_1,q925,653.6439639938783,214,421.5417154769926
S-50,V,cen6,PR,CORTANTE_APOIO_INICIO_LONG_1,q925,744.9181381007625,292,423.18494202739873
S-50,V,cen8,MG,CORTANTE_APOIO_INICIO_LONG_1,q925,724.1256899696966,226,420.6826527130299
S-50,V,cen8,MT,CORTANTE_APOIO_INICIO_LONG_1,q925,787.3255181974931,541,423.53344668533333
S-50,V,cen8,PB,CORTANTE_APOIO_INICIO_LONG_1,q925,590.9760549770348,200,363.1314798839136
S-50,V,cen8,RJ,CORTANTE_APOIO_INICIO_LONG_1,q925,684.885710214702,200,385.4813859061738
S-50,V,cen8,SP,CORTANTE_APOIO_INICIO_LONG_1,q925,813.8969058865209,200,401.9489368923684
S-50,V,cen8,SC,CORTANTE_APOIO_INICIO_LONG_1,q925,648.650725475536,213,420.46742956156385
S-50,V,cen8,PR,CORTANTE_APOIO_INICIO_LONG_1,q925,767.4089367282759,290,421.2404095062682
S-50,V,cen2,MG,CORTANTE_APOIO_INICIO_LONG_1,q95,732.6685201971131,200,428.3607038152882
S-50,V,cen2,MT,CORTANTE_APOIO_INICIO_LONG_1,q95,752.9693648072487,432,430.941238596194
S-50,V,cen2,PB,CORTANTE_APOIO_INICIO_LONG_1,q95,745.0664735102058,200,368.71345576053386
S-50,V,cen2,RJ,CORTANTE_APOIO_INICIO_LONG_1,q95,718.9841441714848,200,390.357023228785
S-50,V,cen2,SP,CORTANTE_APOIO_INICIO_LONG_1,q95,790.9226328656198,200,408.4851349642558
S-50,V,cen2,SC,CORTANTE_APOIO_INICIO_LONG_1,q95,724.1313615212277,200,426.1922744830385
S-50,V,cen2,PR,CORTANTE_APOIO_INICIO_LONG_1,q95,771.3974814488967,237,433.0248782714404
S-50,V,cen4,MG,CORTANTE_APOIO_INICIO_LONG_1,q95,727.9603326403903,200,423.4508839258929
S-50,V,cen4,MT,CORTANTE_APOIO_INICIO_LONG_1,q95,752.0526656330126,363,431.1911277515341
S-50,V,cen4,PB,CORTANTE_APOIO_INICIO_LONG_1,q95,595.3153376570001,200,362.9664707726511
S-50,V,cen4,RJ,CORTANTE_APOIO_INICIO_LONG_1,q95,687.2088613656234,200,385.5630767439287
S-50,V,cen4,SP,CORTANTE_APOIO_INICIO_LONG_1,q95,805.4949410188731,200,402.8746001878053
S-50,V,cen4,SC,CORTANTE_APOIO_INICIO_LONG_1,q95,652.3175940529077,200,421.508865718187
S-50,V,cen4,PR,CORTANTE_APOIO_INICIO_LONG_1,q95,747.6875012065218,200,429.009461311004
S-50,V,cen6,MG,CORTANTE_APOIO_INICIO_LONG_1,q95,730.060381668548,200,424.9209316361114
S-50,V,cen6,MT,CORTANTE_APOIO_INICIO_LONG_1,q95,831.068340990994,353,433.34725500942915
S-50,V,cen6,PB,CORTANTE_APOIO_INICIO_LONG_1,q95,598.8077615168781,200,361.2693443268055
S-50,V,cen6,RJ,CORTANTE_APOIO_INICIO_LONG_1,q95,696.4418890648278,200,384.6830725893519
S-50,V,cen6,SP,CORTANTE_APOIO_INICIO_LONG_1,q95,832.8316444445787,200,403.8195124165123
S-50,V,cen6,SC,CORTANTE_APOIO_INICIO_LONG_1,q95,651.2809907919458,200,422.5537863476839
S-50,V,cen6,PR,CORTANTE_APOIO_INICIO_LONG_1,q95,732.0593742379424,200,433.10939222079503
S-50,V,cen8,MG,CORTANTE_APOIO_INICIO_LONG_1,q95,725.4958058979554,200,423.56884815375287
S-50,V,cen8,MT,CORTANTE_APOIO_INICIO_LONG_1,q95,780.9405490519109,361,434.4277721855582
S-50,V,cen8,PB,CORTANTE_APOIO_INICIO_LONG_1,q95,590.9760549770348,200,363.1314798839136
S-50,V,cen8,RJ,CORTANTE_APOIO_INICIO_LONG_1,q95,684.885710214702,200,385.4813859061738
S-50,V,cen8,SP,CORTANTE_APOIO_INICIO_LONG_1,q95,813.8969058865209,200,401.9489368923684
S-50,V,cen8,SC,CORTANTE_APOIO_INICIO_LONG_1,q95,646.218692487578,200,422.0579642858381
S-50,V,cen8,PR,CORTANTE_APOIO_INICIO_LONG_1,q95,761.9953663214669,200,430.7059304510812
S-50,V,cen2,MG,CORTANTE_APOIO_INICIO_LONG_1,frac058,764.4878056109801,3335,352.47235125718817
S-50,V,cen2,MT,CORTANTE_APOIO_INICIO_LONG_1,frac058,790.3622522784647,7031,355.2063889887377
S-50,V,cen2,PB,CORTANTE_APOIO_INICIO_LONG_1,frac058,730.7550086369105,394,333.825163780975
S-50,V,cen2,RJ,CORTANTE_APOIO_INICIO_LONG_1,frac058,732.5145368914968,794,315.5175474918369
S-50,V,cen2,SP,CORTANTE_APOIO_INICIO_LONG_1,frac058,804.6022750443617,1905,340.20439899642355
S-50,V,cen2,SC,CORTANTE_APOIO_INICIO_LONG_1,frac058,740.2867005376501,3481,332.18430150313765
S-50,V,cen2,PR,CORTANTE_APOIO_INICIO_LONG_1,frac058,806.2961422526873,4280,352.7514964933261
S-50,V,cen4,MG,CORTANTE_APOIO_INICIO_LONG_1,frac058,760.7409581506669,2779,352.47235125718817
S-50,V,cen4,MT,CORTANTE_APOIO_INICIO_LONG_1,frac058,797.4267262210217,5942,355.2063889887377
S-50,V,cen4,PB,CORTANTE_APOIO_INICIO_LONG_1,frac058,609.7288269741229,327,282.9243785655801
S-50,V,cen4,RJ,CORTANTE_APOIO_INICIO_LONG_1,frac058,702.3648413455446,665,315.54352200844255
S-50,V,cen4,SP,CORTANTE_APOIO_INICIO_LONG_1,frac058,775.8910185589202,1577,340.20439899642355
S-50,V,cen4,SC,CORTANTE_APOIO_INICIO_LONG_1,frac058,705.2935374132885,2851,310.6179625267388
S-50,V,cen4,PR,CORTANTE_APOIO_INICIO_LONG_1,frac058,795.8525430737136,3486,353.153404391097
S-50,V,cen6,MG,CORTANTE_APOIO_INICIO_LONG_1,frac058,770.0691527183469,2753,352.43382124604136
S-50,V,cen6,MT,CORTANTE_APOIO_INICIO_LONG_1,frac058,818.107181067679,4978,359.4633444830588
S-50,V,cen6,PB,CORTANTE_APOIO_INICIO_LONG_1,frac058,608.149175852086,301,282.9243785655801
S-50,V,cen6,RJ,CORTANTE_APOIO_INICIO_LONG_1,frac058,704.1499517618004,640,315.54352200844255
S-50,V,cen6,SP,CORTANTE_APOIO_INICIO_LONG_1,frac058,781.4387614501479,1559,340.20439899642355
S-50,V,cen6,SC,CORTANTE_APOIO_INICIO_LONG_1,frac058,699.0869866155432,2851,310.6179625267388
S-50,V,cen6,PR,CORTANTE_APOIO_INICIO_LONG_1,frac058,789.6791101987744,3542,352.7514967390503
S-50,V,cen8,MG,CORTANTE_APOIO_INICIO_LONG_1,frac058,755.2312254419985,2727,352.4904898722776
S-50,V,cen8,MT,CORTANTE_APOIO_INICIO_LONG_1,frac058,805.5963547456527,6937,350.9961393554657
S-50,V,cen8,PB,CORTANTE_APOIO_INICIO_LONG_1,frac058,605.2754623678495,325,282.9243785655801
S-50,V,cen8,RJ,CORTANTE_APOIO_INICIO_LONG_1,frac058,702.0596537091535,654,315.54352200844255
S-50,V,cen8,SP,CORTANTE_APOIO_INICIO_LONG_1,frac058,776.9327127804296,1561,340.20439899642355
S-50,V,cen8,SC,CORTANTE_APOIO_INICIO_LONG_1,frac058,706.6384065905345,2833,310.6179625267388
S-50,V,cen8,PR,CORTANTE_APOIO_INICIO_LONG_1,frac058,777.2953838544216,3304,354.4046353359038
S-50,M+,cen2,MG,MOMENTO_MEIO_VAO_LONG_1,q85,7283.988056821648,11458,3131.428737907331
S-50,M+,cen2,MT,MOMENTO_MEIO_VAO_LONG_1,q85,7805.444038711999,12047,3408.7628643903986
S-50,M+,cen2,PB,MOMENTO_MEIO_VAO_LONG_1,q85,6689.890261348466,1724,3014.615574370334
S-50,M+,cen2,RJ,MOMENTO_MEIO_VAO_LONG_1,q85,6625.295570342569,5840,2689.4725530362343
S-50,M+,cen2,SP,MOMENTO_MEIO_VAO_LONG_1,q85,6436.308648101067,9743,2845.307840317495
S-50,M+,cen2,SC,MOMENTO_MEIO_VAO_LONG_1,q85,6741.180109087407,13727,2990.049143629588
S-50,M+,cen2,PR,MOMENTO_MEIO_VAO_LONG_1,q85,7668.713249117063,14656,3163.487737647547
S-50,M+,cen4,MG,MOMENTO_MEIO_VAO_LONG_1,q85,7290.719662754155,9681,3124.618914377217
S-50,M+,cen4,MT,MOMENTO_MEIO_VAO_LONG_1,q85,7952.118776673968,10211,3396.6479639198087
S-50,M+,cen4,PB,MOMENTO_MEIO_VAO_LONG_1,q85,6041.052833774123,1460,3011.307884650179
S-50,M+,cen4,RJ,MOMENTO_MEIO_VAO_LONG_1,q85,6431.967550179328,4936,2678.1293988815555
S-50,M+,cen4,SP,MOMENTO_MEIO_VAO_LONG_1,q85,6303.220440050058,8173,2833.1559015207195
S-50,M+,cen4,SC,MOMENTO_MEIO_VAO_LONG_1,q85,6642.532053022664,11617,2978.4645975913795
S-50,M+,cen4,PR,MOMENTO_MEIO_VAO_LONG_1,q85,7545.58455190602,12391,3149.0852858959424
S-50,M+,cen6,MG,MOMENTO_MEIO_VAO_LONG_1,q85,8363.82180688522,9514,3127.15411907176
S-50,M+,cen6,MT,MOMENTO_MEIO_VAO_LONG_1,q85,9439.565361506631,10358,3387.3253079054825
S-50,M+,cen6,PB,MOMENTO_MEIO_VAO_LONG_1,q85,5977.753232098152,1426,2990.344557052702
S-50,M+,cen6,RJ,MOMENTO_MEIO_VAO_LONG_1,q85,6503.131043877453,4782,2681.5824119835434
S-50,M+,cen6,SP,MOMENTO_MEIO_VAO_LONG_1,q85,7033.500573562757,7985,2843.538487538825
S-50,M+,cen6,SC,MOMENTO_MEIO_VAO_LONG_1,q85,7527.896129528117,11390,2990.469490991553
S-50,M+,cen6,PR,MOMENTO_MEIO_VAO_LONG_1,q85,8617.961658696011,12212,3150.340734557678
S-50,M+,cen8,MG,MOMENTO_MEIO_VAO_LONG_1,q85,8004.637074323966,9801,3112.1746211601358
S-50,M+,cen8,MT,MOMENTO_MEIO_VAO_LONG_1,q85,9584.499954974968,10704,3379.5521195973106
S-50,M+,cen8,PB,MOMENTO_MEIO_VAO_LONG_1,q85,6135.529028892268,1497,2996.3658077994473
S-50,M+,cen8,RJ,MOMENTO_MEIO_VAO_LONG_1,q85,6708.208918345856,4965,2677.741050548245
S-50,M+,cen8,SP,MOMENTO_MEIO_VAO_LONG_1,q85,6829.467643904959,8195,2840.9741462329503
S-50,M+,cen8,SC,MOMENTO_MEIO_VAO_LONG_1,q85,7195.092029885483,11618,2976.5787470836344
S-50,M+,cen8,PR,MOMENTO_MEIO_VAO_LONG_1,q85,8174.244427009058,12450,3132.9189620994625
S-50,M+,cen2,MG,MOMENTO_MEIO_VAO_LONG_1,q90,7497.086226450391,7639,3289.0158418855835
S-50,M+,cen2,MT,MOMENTO_MEIO_VAO_LONG_1,q90,7748.350561824849,8031,3511.9589205876428
S-50,M+,cen2,PB,MOMENTO_MEIO_VAO_LONG_1,q90,7109.943008362881,1150,3205.323343862608
S-50,M+,cen2,RJ,MOMENTO_MEIO_VAO_LONG_1,q90,6568.647296816642,3893,2831.4932359516083
S-50,M+,cen2,SP,MOMENTO_MEIO_VAO_LONG_1,q90,7197.916557289781,6495,3100.2224291184534
S-50,M+,cen2,SC,MOMENTO_MEIO_VAO_LONG_1,q90,7135.4466011897275,9151,3199.8188231199492
S-50,M+,cen2,PR,MOMENTO_MEIO_VAO_LONG_1,q90,7898.502599045662,9771,3306.8759770213883
S-50,M+,cen4,MG,MOMENTO_MEIO_VAO_LONG_1,q90,7490.389124000138,6454,3278.2706648784756
S-50,M+,cen4,MT,MOMENTO_MEIO_VAO_LONG_1,q90,7922.9650233795965,6807,3500.8952860567815
S-50,M+,cen4,PB,MOMENTO_MEIO_VAO_LONG_1,q90,6263.591506390796,973,3200.6758960711104
S-50,M+,cen4,RJ,MOMENTO_MEIO_VAO_LONG_1,q90,6344.859821535075,3291,2821.4488670014384
S-50,M+,cen4,SP,MOMENTO_MEIO_VAO_LONG_1,q90,7093.738044903869,5449,3091.343419520786
S-50,M+,cen4,SC,MOMENTO_MEIO_VAO_LONG_1,q90,7017.817085486591,7745,3184.4614985837625
S-50,M+,cen4,PR,MOMENTO_MEIO_VAO_LONG_1,q90,7745.041600427144,8261,3289.0450522987167
S-50,M+,cen6,MG,MOMENTO_MEIO_VAO_LONG_1,q90,8676.550895843851,6343,3283.51611182602
S-50,M+,cen6,MT,MOMENTO_MEIO_VAO_LONG_1,q90,9408.771566194595,6906,3497.1469266469962
S-50,M+,cen6,PB,MOMENTO_MEIO_VAO_LONG_1,q90,6200.671361861422,951,3184.0155669808137
S-50,M+,cen6,RJ,MOMENTO_MEIO_VAO_LONG_1,q90,6433.4478811996205,3188,2829.72866989686
S-50,M+,cen6,SP,MOMENTO_MEIO_VAO_LONG_1,q90,7941.134831159009,5324,3102.1053092328493
S-50,M+,cen6,SC,MOMENTO_MEIO_VAO_LONG_1,q90,7908.637105514415,7593,3201.020814363497
S-50,M+,cen6,PR,MOMENTO_MEIO_VAO_LONG_1,q90,8657.999294355164,8142,3296.2770673473588
S-50,M+,cen8,MG,MOMENTO_MEIO_VAO_LONG_1,q90,8218.808680070835,6534,3269.9033174368315
S-50,M+,cen8,MT,MOMENTO_MEIO_VAO_LONG_1,q90,9535.757714365192,7136,3489.551737083528
S-50,M+,cen8,PB,MOMENTO_MEIO_VAO_LONG_1,q90,6394.303633540889,998,3190.1641905250995
S-50,M+,cen8,RJ,MOMENTO_MEIO_VAO_LONG_1,q90,6767.457664653099,3310,2830.9129536356104
S-50,M+,cen8,SP,MOMENTO_MEIO_VAO_LONG_1,q90,7616.986795066139,5463,3088.2755543901485
S-50,M+,cen8,SC,MOMENTO_MEIO_VAO_LONG_1,q90,7579.906166087201,7746,3181.4861092751744
S-50,M+,cen8,PR,MOMENTO_MEIO_VAO_LONG_1,q90,8270.814632270884,8300,3279.590559472761
S-50,M+,cen2,MG,MOMENTO_MEIO_VAO_LONG_1,q925,7540.068750386179,5729,3371.0786027518175
S-50,M+,cen2,MT,MOMENTO_MEIO_VAO_LONG_1,q925,7718.59078840304,6024,3585.102997668779
S-50,M+,cen2,PB,MOMENTO_MEIO_VAO_LONG_1,q925,7239.482983695749,862,3297.332409390465
S-50,M+,cen2,RJ,MOMENTO_MEIO_VAO_LONG_1,q925,6898.162510505734,2920,2987.7279622731335
S-50,M+,cen2,SP,MOMENTO_MEIO_VAO_LONG_1,q925,7514.09132238018,4872,3223.9118652391935
S-50,M+,cen2,SC,MOMENTO_MEIO_VAO_LONG_1,q925,7194.374578643656,6864,3297.979453251997
S-50,M+,cen2,PR,MOMENTO_MEIO_VAO_LONG_1,q925,7950.756345073287,7328,3387.373345653109
S-50,M+,cen4,MG,MOMENTO_MEIO_VAO_LONG_1,q925,7510.996505682082,4841,3358.0487146634155
S-50,M+,cen4,MT,MOMENTO_MEIO_VAO_LONG_1,q925,7928.39273027651,5106,3574.8276698166837
S-50,M+,cen4,PB,MOMENTO_MEIO_VAO_LONG_1,q925,6271.330925050956,730,3295.775175311192
S-50,M+,cen4,RJ,MOMENTO_MEIO_VAO_LONG_1,q925,6645.258137297422,2468,2982.9419752374165
S-50,M+,cen4,SP,MOMENTO_MEIO_VAO_LONG_1,q925,7418.430223780617,4087,3215.674720634671
S-50,M+,cen4,SC,MOMENTO_MEIO_VAO_LONG_1,q925,7041.515425608841,5809,3281.2715154692405
S-50,M+,cen4,PR,MOMENTO_MEIO_VAO_LONG_1,q925,7787.138127846268,6196,3365.903392990154
S-50,M+,cen6,MG,MOMENTO_MEIO_VAO_LONG_1,q925,8781.026852383508,4757,3365.665293066556
S-50,M+,cen6,MT,MOMENTO_MEIO_VAO_LONG_1,q925,9399.223629932252,5179,3575.9181574215677
S-50,M+,cen6,PB,MOMENTO_MEIO_VAO_LONG_1,q925,6215.074340690246,713,3283.2627941090045
S-50,M+,cen6,RJ,MOMENTO_MEIO_VAO_LONG_1,q925,6700.518806132368,2391,2996.7609931766856
S-50,M+,cen6,SP,MOMENTO_MEIO_VAO_LONG_1,q925,8263.88155520313,3993,3223.270333536488
S-50,M+,cen6,SC,MOMENTO_MEIO_VAO_LONG_1,q925,7898.725397605711,5695,3298.6118706457546
S-50,M+,cen6,PR,MOMENTO_MEIO_VAO_LONG_1,q925,8557.01335345631,6106,3377.7413105626592
S-50,M+,cen8,MG,MOMENTO_MEIO_VAO_LONG_1,q925,8232.074251485332,4901,3353.725816889572
S-50,M+,cen8,MT,MOMENTO_MEIO_VAO_LONG_1,q925,9505.644751145752,5352,3563.9892044327776
S-50,M+,cen8,PB,MOMENTO_MEIO_VAO_LONG_1,q925,6398.664581130026,749,3288.2474815640285
S-50,M+,cen8,RJ,MOMENTO_MEIO_VAO_LONG_1,q925,7168.210459039549,2483,2997.4293743780554
S-50,M+,cen8,SP,MOMENTO_MEIO_VAO_LONG_1,q925,7923.145637836129,4098,3208.611742749633
S-50,M+,cen8,SC,MOMENTO_MEIO_VAO_LONG_1,q925,7619.118691003823,5809,3280.694965833226
S-50,M+,cen8,PR,MOMENTO_MEIO_VAO_LONG_1,q925,8217.482928092262,6225,3361.6516589020894
S-50,M+,cen2,MG,MOMENTO_MEIO_VAO_LONG_1,q95,7570.848101711799,3820,3480.6606733799704
S-50,M+,cen2,MT,MOMENTO_MEIO_VAO_LONG_1,q95,7694.947730897338,4016,3691.76500052613
S-50,M+,cen2,PB,MOMENTO_MEIO_VAO_LONG_1,q95,7258.504445246639,575,3399.1178813133465
S-50,M+,cen2,RJ,MOMENTO_MEIO_VAO_LONG_1,q95,7254.601718256892,1947,3194.1614933791875
S-50,M+,cen2,SP,MOMENTO_MEIO_VAO_LONG_1,q95,7717.150258055093,3248,3354.783016899302
S-50,M+,cen2,SC,MOMENTO_MEIO_VAO_LONG_1,q95,7187.174036729561,4576,3414.432189454901
S-50,M+,cen2,PR,MOMENTO_MEIO_VAO_LONG_1,q95,8010.587869547929,4886,3493.7785877407728
S-50,M+,cen4,MG,MOMENTO_MEIO_VAO_LONG_1,q95,7525.050477471526,3227,3465.686105735447
S-50,M+,cen4,MT,MOMENTO_MEIO_VAO_LONG_1,q95,7952.798033854433,3404,3684.8228857370736
S-50,M+,cen4,PB,MOMENTO_MEIO_VAO_LONG_1,q95,6130.387999769847,487,3395.3574164363927
S-50,M+,cen4,RJ,MOMENTO_MEIO_VAO_LONG_1,q95,6910.765254530976,1646,3192.493169464538
S-50,M+,cen4,SP,MOMENTO_MEIO_VAO_LONG_1,q95,7625.318570435918,2725,3339.523781063673
S-50,M+,cen4,SC,MOMENTO_MEIO_VAO_LONG_1,q95,6989.553483028554,3873,3393.1389352512238
S-50,M+,cen4,PR,MOMENTO_MEIO_VAO_LONG_1,q95,7852.882241154887,4131,3470.866262729721
S-50,M+,cen6,MG,MOMENTO_MEIO_VAO_LONG_1,q95,8907.246829548916,3172,3480.8566360376144
S-50,M+,cen6,MT,MOMENTO_MEIO_VAO_LONG_1,q95,9380.628825883674,3453,3694.7658794556546
S-50,M+,cen6,PB,MOMENTO_MEIO_VAO_LONG_1,q95,6077.4397556818985,476,3383.275273844315
S-50,M+,cen6,RJ,MOMENTO_MEIO_VAO_LONG_1,q95,6870.995088973281,1594,3196.3874605820283
S-50,M+,cen6,SP,MOMENTO_MEIO_VAO_LONG_1,q95,8458.054605587165,2662,3348.348733479842
S-50,M+,cen6,SC,MOMENTO_MEIO_VAO_LONG_1,q95,7805.681625184453,3797,3416.5430866220727
S-50,M+,cen6,PR,MOMENTO_MEIO_VAO_LONG_1,q95,8392.060967803525,4071,3491.0669373102774
S-50,M+,cen8,MG,MOMENTO_MEIO_VAO_LONG_1,q95,8195.751424650283,3267,3466.5688377701135
S-50,M+,cen8,MT,MOMENTO_MEIO_VAO_LONG_1,q95,9461.840973949082,3568,3682.3849785888888
S-50,M+,cen8,PB,MOMENTO_MEIO_VAO_LONG_1,q95,6247.255613427326,499,3386.9829331490746
S-50,M+,cen8,RJ,MOMENTO_MEIO_VAO_LONG_1,q95,7455.974918334676,1655,3196.3415906706005
S-50,M+,cen8,SP,MOMENTO_MEIO_VAO_LONG_1,q95,8114.622439776027,2732,3337.0920766716345
S-50,M+,cen8,SC,MOMENTO_MEIO_VAO_LONG_1,q95,7599.339562657717,3873,3399.457347090676
S-50,M+,cen8,PR,MOMENTO_MEIO_VAO_LONG_1,q95,8129.902018384275,4150,3475.5700952836205
S-50,M+,cen2,MG,MOMENTO_MEIO_VAO_LONG_1,frac058,7573.806610808121,3656,3491.698448664882
S-50,M+,cen2,MT,MOMENTO_MEIO_VAO_LONG_1,frac058,7786.868415805262,10346,3449.2076338151683
S-50,M+,cen2,PB,MOMENTO_MEIO_VAO_LONG_1,frac058,7249.481412353212,827,3309.733620260951
S-50,M+,cen2,RJ,MOMENTO_MEIO_VAO_LONG_1,frac058,7088.512100922624,2480,3082.9527253873416
S-50,M+,cen2,SP,MOMENTO_MEIO_VAO_LONG_1,frac058,7613.908542450035,4248,3271.243770649077
S-50,M+,cen2,SC,MOMENTO_MEIO_VAO_LONG_1,frac058,7167.877216653558,8173,3240.2730370700097
S-50,M+,cen2,PR,MOMENTO_MEIO_VAO_LONG_1,frac058,7989.786112998541,5731,3451.19727706724
S-50,M+,cen4,MG,MOMENTO_MEIO_VAO_LONG_1,frac058,7524.281211951531,2910,3491.698448664882
S-50,M+,cen4,MT,MOMENTO_MEIO_VAO_LONG_1,frac058,7940.835706179947,8415,3449.2076338151683
S-50,M+,cen4,PB,MOMENTO_MEIO_VAO_LONG_1,frac058,5671.733539874332,2128,2766.149913310074
S-50,M+,cen4,RJ,MOMENTO_MEIO_VAO_LONG_1,frac058,6746.877986186586,2240,3041.1364569694824
S-50,M+,cen4,SP,MOMENTO_MEIO_VAO_LONG_1,frac058,7532.041789851182,3461,3271.243770649077
S-50,M+,cen4,SC,MOMENTO_MEIO_VAO_LONG_1,frac058,6873.734989920004,9574,3085.314472671082
S-50,M+,cen4,PR,MOMENTO_MEIO_VAO_LONG_1,frac058,7912.030903199775,2713,3582.560506936405
S-50,M+,cen6,MG,MOMENTO_MEIO_VAO_LONG_1,frac058,10176.678673914783,309,4158.973067053081
S-50,M+,cen6,MT,MOMENTO_MEIO_VAO_LONG_1,frac058,9222.680933420077,942,4089.584242807877
S-50,M+,cen6,PB,MOMENTO_MEIO_VAO_LONG_1,frac058,5646.467726678158,2017,2766.149913310074
S-50,M+,cen6,RJ,MOMENTO_MEIO_VAO_LONG_1,frac058,6761.299374721438,2211,3041.1364569694824
S-50,M+,cen6,SP,MOMENTO_MEIO_VAO_LONG_1,frac058,8655.27206858421,1274,3543.8526820588795
S-50,M+,cen6,SC,MOMENTO_MEIO_VAO_LONG_1,frac058,7904.7892253718455,5945,3283.7992306662745
S-50,M+,cen6,PR,MOMENTO_MEIO_VAO_LONG_1,frac058,8451.382806220028,4680,3451.197277368881
S-50,M+,cen8,MG,MOMENTO_MEIO_VAO_LONG_1,frac058,8179.96240386122,2977,3491.7295422477905
S-50,M+,cen8,MT,MOMENTO_MEIO_VAO_LONG_1,frac058,9286.859724469521,1512,3940.6469944993455
S-50,M+,cen8,PB,MOMENTO_MEIO_VAO_LONG_1,frac058,5749.465209863697,2123,2766.149913310074
S-50,M+,cen8,RJ,MOMENTO_MEIO_VAO_LONG_1,frac058,7307.617997260465,2198,3069.4913768588403
S-50,M+,cen8,SP,MOMENTO_MEIO_VAO_LONG_1,frac058,8533.376180379864,833,3642.1811456143973
S-50,M+,cen8,SC,MOMENTO_MEIO_VAO_LONG_1,frac058,7586.0867454967265,7608,3188.5818303394794
S-50,M+,cen8,PR,MOMENTO_MEIO_VAO_LONG_1,frac058,7876.306102348732,1737,3725.379135856643
C-10,M+,cen2,MG,MOMENTO_(+)_FIM_LONG_1,q85,1227.9694101228556,10725,468.6019030505391
C-10,M+,cen2,MT,MOMENTO_(+)_FIM_LONG_1,q85,1186.2501565922057,10492,472.541145878254
C-10,M+,cen2,PB,MOMENTO_(+)_FIM_LONG_1,q85,1096.985448654797,1771,446.150331857899
C-10,M+,cen2,RJ,MOMENTO_(+)_FIM_LONG_1,q85,1255.8502623060863,5809,458.4657946955812
C-10,M+,cen2,SP,MOMENTO_(+)_FIM_LONG_1,q85,1233.3807525931861,9601,462.50148478852736
C-10,M+,cen2,SC,MOMENTO_(+)_FIM_LONG_1,q85,1239.4365211265285,12998,463.8817950182124
C-10,M+,cen2,PR,MOMENTO_(+)_FIM_LONG_1,q85,1232.6801079111328,13620,464.9652895233557
C-10,M+,cen4,MG,MOMENTO_(+)_FIM_LONG_1,q85,1220.868113162936,8986,464.59538382820983
C-10,M+,cen4,MT,MOMENTO_(+)_FIM_LONG_1,q85,1147.3167668092628,8852,469.55405249947984
C-10,M+,cen4,PB,MOMENTO_(+)_FIM_LONG_1,q85,1084.641634695716,1496,445.8328681937719
C-10,M+,cen4,RJ,MOMENTO_(+)_FIM_LONG_1,q85,1285.5987270207993,4890,456.4182961678766
C-10,M+,cen4,SP,MOMENTO_(+)_FIM_LONG_1,q85,1231.8097230447845,8008,458.9991488113046
C-10,M+,cen4,SC,MOMENTO_(+)_FIM_LONG_1,q85,1235.3780583566074,10812,459.43207578032366
C-10,M+,cen4,PR,MOMENTO_(+)_FIM_LONG_1,q85,1245.94241556793,11334,459.7551378069674
C-10,M+,cen6,MG,MOMENTO_(+)_FIM_LONG_1,q85,1321.710644704521,8552,466.3273762197549
C-10,M+,cen6,MT,MOMENTO_(+)_FIM_LONG_1,q85,1176.2020087921464,8399,470.9355496654253
C-10,M+,cen6,PB,MOMENTO_(+)_FIM_LONG_1,q85,1093.6847435138704,1416,445.85851562566177
C-10,M+,cen6,RJ,MOMENTO_(+)_FIM_LONG_1,q85,1290.4504548292407,4645,456.8463464561365
C-10,M+,cen6,SP,MOMENTO_(+)_FIM_LONG_1,q85,1291.4096389838946,7625,460.43408927060557
C-10,M+,cen6,SC,MOMENTO_(+)_FIM_LONG_1,q85,1258.4501640985795,10310,461.3029443111221
C-10,M+,cen6,PR,MOMENTO_(+)_FIM_LONG_1,q85,1279.8722494230533,10777,461.9001226127485
C-10,M+,cen8,MG,MOMENTO_(+)_FIM_LONG_1,q85,1239.2238735793856,9151,467.4937557365613
C-10,M+,cen8,MT,MOMENTO_(+)_FIM_LONG_1,q85,1181.932515260918,8950,472.08784639694755
C-10,M+,cen8,PB,MOMENTO_(+)_FIM_LONG_1,q85,1080.8569084463227,1507,446.55620259643547
C-10,M+,cen8,RJ,MOMENTO_(+)_FIM_LONG_1,q85,1300.3580797469053,4967,458.06412909734814
C-10,M+,cen8,SP,MOMENTO_(+)_FIM_LONG_1,q85,1262.294155630378,8185,462.0774563712871
C-10,M+,cen8,SC,MOMENTO_(+)_FIM_LONG_1,q85,1252.593431413853,11070,463.4427109615639
C-10,M+,cen8,PR,MOMENTO_(+)_FIM_LONG_1,q85,1288.0129313075217,11601,463.95804723637696
C-10,M+,cen2,MG,MOMENTO_(+)_FIM_LONG_1,q90,1247.097950256014,7150,487.3617689564515
C-10,M+,cen2,MT,MOMENTO_(+)_FIM_LONG_1,q90,1204.774998254106,6995,492.2294900896699
C-10,M+,cen2,PB,MOMENTO_(+)_FIM_LONG_1,q90,1114.7573479884,1181,462.1442290420911
C-10,M+,cen2,RJ,MOMENTO_(+)_FIM_LONG_1,q90,1258.6138960511153,3873,476.6567353981132
C-10,M+,cen2,SP,MOMENTO_(+)_FIM_LONG_1,q90,1241.53661339582,6401,480.55841002400814
C-10,M+,cen2,SC,MOMENTO_(+)_FIM_LONG_1,q90,1249.4946937736026,8666,483.0555628347887
C-10,M+,cen2,PR,MOMENTO_(+)_FIM_LONG_1,q90,1234.461791425067,9080,483.88185522384083
C-10,M+,cen4,MG,MOMENTO_(+)_FIM_LONG_1,q90,1241.9056230937008,5991,482.83651748905123
C-10,M+,cen4,MT,MOMENTO_(+)_FIM_LONG_1,q90,1159.0632516698297,5901,488.50817511017783
C-10,M+,cen4,PB,MOMENTO_(+)_FIM_LONG_1,q90,1106.6813674946545,998,461.64067630913087
C-10,M+,cen4,RJ,MOMENTO_(+)_FIM_LONG_1,q90,1287.3435108965737,3260,474.2640137696577
C-10,M+,cen4,SP,MOMENTO_(+)_FIM_LONG_1,q90,1243.0206488847446,5339,476.9708735337868
C-10,M+,cen4,SC,MOMENTO_(+)_FIM_LONG_1,q90,1242.3561908325576,7208,477.99674779778667
C-10,M+,cen4,PR,MOMENTO_(+)_FIM_LONG_1,q90,1253.2542994722826,7556,477.78537769278864
C-10,M+,cen6,MG,MOMENTO_(+)_FIM_LONG_1,q90,1338.932457235773,5702,485.40052836708645
C-10,M+,cen6,MT,MOMENTO_(+)_FIM_LONG_1,q90,1178.680279097222,5600,491.2216217237323
C-10,M+,cen6,PB,MOMENTO_(+)_FIM_LONG_1,q90,1119.3339620062393,944,462.089331716684
C-10,M+,cen6,RJ,MOMENTO_(+)_FIM_LONG_1,q90,1281.5239893553505,3097,475.2258028580261
C-10,M+,cen6,SP,MOMENTO_(+)_FIM_LONG_1,q90,1298.8640771220641,5084,479.00818438813997
C-10,M+,cen6,SC,MOMENTO_(+)_FIM_LONG_1,q90,1246.5194318015224,6874,480.660695191145
C-10,M+,cen6,PR,MOMENTO_(+)_FIM_LONG_1,q90,1276.7728807512167,7185,480.9258668210013
C-10,M+,cen8,MG,MOMENTO_(+)_FIM_LONG_1,q90,1247.317060932195,6101,486.2188791322728
C-10,M+,cen8,MT,MOMENTO_(+)_FIM_LONG_1,q90,1183.1449487585965,5967,492.26257527170844
C-10,M+,cen8,PB,MOMENTO_(+)_FIM_LONG_1,q90,1101.266291865061,1005,462.5555618354741
C-10,M+,cen8,RJ,MOMENTO_(+)_FIM_LONG_1,q90,1295.7205217458848,3312,476.2879570687277
C-10,M+,cen8,SP,MOMENTO_(+)_FIM_LONG_1,q90,1264.8448683119,5457,480.6587799158051
C-10,M+,cen8,SC,MOMENTO_(+)_FIM_LONG_1,q90,1240.6830467953196,7380,482.72236075239925
C-10,M+,cen8,PR,MOMENTO_(+)_FIM_LONG_1,q90,1282.5585639282936,7734,483.0730938381716
C-10,M+,cen2,MG,MOMENTO_(+)_FIM_LONG_1,q925,1259.9839542483671,5363,500.4727129842704
C-10,M+,cen2,MT,MOMENTO_(+)_FIM_LONG_1,q925,1211.6162267055595,5246,505.4187737268849
C-10,M+,cen2,PB,MOMENTO_(+)_FIM_LONG_1,q925,1131.111681770506,886,475.92435074748795
C-10,M+,cen2,RJ,MOMENTO_(+)_FIM_LONG_1,q925,1251.9543696863414,2905,488.6278931717367
C-10,M+,cen2,SP,MOMENTO_(+)_FIM_LONG_1,q925,1240.606341633792,4801,492.3673157242108
C-10,M+,cen2,SC,MOMENTO_(+)_FIM_LONG_1,q925,1255.222327063734,6499,496.0156256908298
C-10,M+,cen2,PR,MOMENTO_(+)_FIM_LONG_1,q925,1229.7297671036845,6810,496.7253908328229
C-10,M+,cen4,MG,MOMENTO_(+)_FIM_LONG_1,q925,1258.8435848098006,4493,496.0745298517192
C-10,M+,cen4,MT,MOMENTO_(+)_FIM_LONG_1,q925,1164.3502104069005,4426,501.34359455602504
C-10,M+,cen4,PB,MOMENTO_(+)_FIM_LONG_1,q925,1127.4511773052689,748,474.99389475227485
C-10,M+,cen4,RJ,MOMENTO_(+)_FIM_LONG_1,q925,1279.1121271514494,2445,485.85524697735985
C-10,M+,cen4,SP,MOMENTO_(+)_FIM_LONG_1,q925,1243.9336267969272,4004,488.9128011146298
C-10,M+,cen4,SC,MOMENTO_(+)_FIM_LONG_1,q925,1246.8825962829574,5406,490.39746847478517
C-10,M+,cen4,PR,MOMENTO_(+)_FIM_LONG_1,q925,1254.3824361960342,5667,490.76834125342003
C-10,M+,cen6,MG,MOMENTO_(+)_FIM_LONG_1,q925,1352.0697421994903,4276,499.18158938938757
C-10,M+,cen6,MT,MOMENTO_(+)_FIM_LONG_1,q925,1176.0656634573695,4200,504.71764024652265
C-10,M+,cen6,PB,MOMENTO_(+)_FIM_LONG_1,q925,1138.5901094542266,708,475.9112234334419
C-10,M+,cen6,RJ,MOMENTO_(+)_FIM_LONG_1,q925,1266.2385821024186,2323,487.18572266819416
C-10,M+,cen6,SP,MOMENTO_(+)_FIM_LONG_1,q925,1298.4046615603463,3813,491.13152165078435
C-10,M+,cen6,SC,MOMENTO_(+)_FIM_LONG_1,q925,1237.4681348381173,5155,493.9656390964017
C-10,M+,cen6,PR,MOMENTO_(+)_FIM_LONG_1,q925,1270.5895026789658,5389,494.6314077739156
C-10,M+,cen8,MG,MOMENTO_(+)_FIM_LONG_1,q925,1253.726209548501,4576,499.7978431838424
C-10,M+,cen8,MT,MOMENTO_(+)_FIM_LONG_1,q925,1179.19285326152,4475,505.828029137017
C-10,M+,cen8,PB,MOMENTO_(+)_FIM_LONG_1,q925,1119.5702469318067,754,476.00457996066433
C-10,M+,cen8,RJ,MOMENTO_(+)_FIM_LONG_1,q925,1286.419023731672,2484,488.00361695320424
C-10,M+,cen8,SP,MOMENTO_(+)_FIM_LONG_1,q925,1262.0622718752634,4093,492.9639286305391
C-10,M+,cen8,SC,MOMENTO_(+)_FIM_LONG_1,q925,1231.7538630235467,5535,496.1385497234353
C-10,M+,cen8,PR,MOMENTO_(+)_FIM_LONG_1,q925,1274.2385359102748,5801,496.50741786180606
C-10,M+,cen2,MG,MOMENTO_(+)_FIM_LONG_1,q95,1266.3487065827258,3575,518.2809776032107
C-10,M+,cen2,MT,MOMENTO_(+)_FIM_LONG_1,q95,1211.467554566137,3498,523.4605546777075
C-10,M+,cen2,PB,MOMENTO_(+)_FIM_LONG_1,q95,1148.4021952008798,591,491.58020259529155
C-10,M+,cen2,RJ,MOMENTO_(+)_FIM_LONG_1,q95,1234.5277963416127,1937,505.635782038464
C-10,M+,cen2,SP,MOMENTO_(+)_FIM_LONG_1,q95,1237.3595721660836,3201,509.98824826702617
C-10,M+,cen2,SC,MOMENTO_(+)_FIM_LONG_1,q95,1259.7638187462085,4333,514.0708254591859
C-10,M+,cen2,PR,MOMENTO_(+)_FIM_LONG_1,q95,1216.4836975291987,4540,514.4665720966233
C-10,M+,cen4,MG,MOMENTO_(+)_FIM_LONG_1,q95,1270.3427932326117,2996,514.2497966512238
C-10,M+,cen4,MT,MOMENTO_(+)_FIM_LONG_1,q95,1166.8219748251163,2951,519.4816617348581
C-10,M+,cen4,PB,MOMENTO_(+)_FIM_LONG_1,q95,1148.970066456088,499,490.8242006910617
C-10,M+,cen4,RJ,MOMENTO_(+)_FIM_LONG_1,q95,1266.8382817667762,1630,502.5779471223993
C-10,M+,cen4,SP,MOMENTO_(+)_FIM_LONG_1,q95,1244.0394133457999,2670,506.03535743773926
C-10,M+,cen4,SC,MOMENTO_(+)_FIM_LONG_1,q95,1254.003826744759,3604,508.9476059226359
C-10,M+,cen4,PR,MOMENTO_(+)_FIM_LONG_1,q95,1243.388666197917,3778,508.3240034784155
C-10,M+,cen6,MG,MOMENTO_(+)_FIM_LONG_1,q95,1360.6866023725033,2851,518.3453719436816
C-10,M+,cen6,MT,MOMENTO_(+)_FIM_LONG_1,q95,1161.6414275810416,2800,524.0360584427075
C-10,M+,cen6,PB,MOMENTO_(+)_FIM_LONG_1,q95,1159.7634668679768,472,491.169397263015
C-10,M+,cen6,RJ,MOMENTO_(+)_FIM_LONG_1,q95,1243.3498172101633,1549,504.6676949658167
C-10,M+,cen6,SP,MOMENTO_(+)_FIM_LONG_1,q95,1292.991785626517,2542,509.8506095029338
C-10,M+,cen6,SC,MOMENTO_(+)_FIM_LONG_1,q95,1225.839437707526,3437,513.5099228914306
C-10,M+,cen6,PR,MOMENTO_(+)_FIM_LONG_1,q95,1252.0604172031244,3593,513.3853601324614
C-10,M+,cen8,MG,MOMENTO_(+)_FIM_LONG_1,q95,1252.5836968932363,3051,518.7920771219955
C-10,M+,cen8,MT,MOMENTO_(+)_FIM_LONG_1,q95,1166.3168403979735,2984,524.9781786114909
C-10,M+,cen8,PB,MOMENTO_(+)_FIM_LONG_1,q95,1139.7772755346232,503,492.37429850794086
C-10,M+,cen8,RJ,MOMENTO_(+)_FIM_LONG_1,q95,1276.7534443878537,1656,505.5913707764367
C-10,M+,cen8,SP,MOMENTO_(+)_FIM_LONG_1,q95,1256.2459560604138,2729,511.26019505920135
C-10,M+,cen8,SC,MOMENTO_(+)_FIM_LONG_1,q95,1219.395371224883,3690,515.3043994158108
C-10,M+,cen8,PR,MOMENTO_(+)_FIM_LONG_1,q95,1255.1380786602526,3867,515.4576598400414
C-10,M+,cen2,MG,MOMENTO_(+)_FIM_LONG_1,frac058,1255.3237085520304,6059,494.9699903584182
C-10,M+,cen2,MT,MOMENTO_(+)_FIM_LONG_1,frac058,1212.4138794620776,3675,521.2460142882928
C-10,M+,cen2,PB,MOMENTO_(+)_FIM_LONG_1,frac058,1136.6026878167604,758,482.1589914887883
C-10,M+,cen2,RJ,MOMENTO_(+)_FIM_LONG_1,frac058,1221.2084165740553,1462,517.3811987578722
C-10,M+,cen2,SP,MOMENTO_(+)_FIM_LONG_1,frac058,1234.653320685226,2794,515.2226266329629
C-10,M+,cen2,SC,MOMENTO_(+)_FIM_LONG_1,frac058,1261.436709159053,4046,517.0835064409283
C-10,M+,cen2,PR,MOMENTO_(+)_FIM_LONG_1,frac058,1205.4655309137656,3500,525.8220156848465
C-10,M+,cen4,MG,MOMENTO_(+)_FIM_LONG_1,frac058,1257.8246280660958,4587,494.9699903584182
C-10,M+,cen4,MT,MOMENTO_(+)_FIM_LONG_1,frac058,1166.78835784908,2908,520.063039757786
C-10,M+,cen4,PB,MOMENTO_(+)_FIM_LONG_1,frac058,1136.2892029270986,627,482.1589914887883
C-10,M+,cen4,RJ,MOMENTO_(+)_FIM_LONG_1,frac058,1253.8245333299892,1153,517.3811987578722
C-10,M+,cen4,SP,MOMENTO_(+)_FIM_LONG_1,frac058,1244.9623671630338,3166,498.78082095887896
C-10,M+,cen4,SC,MOMENTO_(+)_FIM_LONG_1,frac058,1257.6450997568236,2986,517.0835064409283
C-10,M+,cen4,PR,MOMENTO_(+)_FIM_LONG_1,frac058,1226.916545787834,2502,525.8220156848465
C-10,M+,cen6,MG,MOMENTO_(+)_FIM_LONG_1,frac058,1352.5285248506598,1469,548.5187156674408
C-10,M+,cen6,MT,MOMENTO_(+)_FIM_LONG_1,frac058,1178.2223303301034,5392,493.10943030784455
C-10,M+,cen6,PB,MOMENTO_(+)_FIM_LONG_1,frac058,1146.002416555201,602,482.1589914887883
C-10,M+,cen6,RJ,MOMENTO_(+)_FIM_LONG_1,frac058,1225.3584359221643,1156,517.3811987578722
C-10,M+,cen6,SP,MOMENTO_(+)_FIM_LONG_1,frac058,1287.2783639086274,2070,517.905103846202
C-10,M+,cen6,SC,MOMENTO_(+)_FIM_LONG_1,frac058,1224.5605136202582,3195,517.0835064409283
C-10,M+,cen6,PR,MOMENTO_(+)_FIM_LONG_1,frac058,1239.875270811774,2746,525.8220156848465
C-10,M+,cen8,MG,MOMENTO_(+)_FIM_LONG_1,frac058,1252.36966523156,4949,496.1517689758411
C-10,M+,cen8,MT,MOMENTO_(+)_FIM_LONG_1,frac058,1170.6565027238207,3296,520.063039757786
C-10,M+,cen8,PB,MOMENTO_(+)_FIM_LONG_1,frac058,1126.5236647337474,653,482.1589914887883
C-10,M+,cen8,RJ,MOMENTO_(+)_FIM_LONG_1,frac058,1259.5757643952352,964,531.3536337488321
C-10,M+,cen8,SP,MOMENTO_(+)_FIM_LONG_1,frac058,1246.4328981047631,1828,528.8256691039217
C-10,M+,cen8,SC,MOMENTO_(+)_FIM_LONG_1,frac058,1218.7490431397478,3566,517.0835064409283
C-10,M+,cen8,PR,MOMENTO_(+)_FIM_LONG_1,frac058,1241.9573669049748,3111,525.8220156848465
C-10,V,cen2,MG,CORTANTE_APOIO_CENTRAL_LONG_1,q85,703.9435275865943,11225,287.5272659702307
C-10,V,cen2,MT,CORTANTE_APOIO_CENTRAL_LONG_1,q85,729.2658904621393,11566,298.79297562506116
C-10,V,cen2,PB,CORTANTE_APOIO_CENTRAL_LONG_1,q85,653.4988650843975,1777,278.8925416665466
C-10,V,cen2,RJ,CORTANTE_APOIO_CENTRAL_LONG_1,q85,708.590309955759,5791,274.59363814748514
C-10,V,cen2,SP,CORTANTE_APOIO_CENTRAL_LONG_1,q85,710.6567282494797,9686,279.4799025814858
C-10,V,cen2,SC,CORTANTE_APOIO_CENTRAL_LONG_1,q85,691.6993137513723,13613,285.12171236410154
C-10,V,cen2,PR,CORTANTE_APOIO_CENTRAL_LONG_1,q85,708.9755424911777,14474,288.8304789423934
C-10,V,cen4,MG,CORTANTE_APOIO_CENTRAL_LONG_1,q85,691.0821133710695,9363,285.2763950391068
C-10,V,cen4,MT,CORTANTE_APOIO_CENTRAL_LONG_1,q85,725.1919947931483,9761,297.0388696545346
C-10,V,cen4,PB,CORTANTE_APOIO_CENTRAL_LONG_1,q85,619.9638336720532,1504,278.38125151743907
C-10,V,cen4,RJ,CORTANTE_APOIO_CENTRAL_LONG_1,q85,711.0303151251944,4839,273.3483932827976
C-10,V,cen4,SP,CORTANTE_APOIO_CENTRAL_LONG_1,q85,687.9880757458939,8004,277.8109872443743
C-10,V,cen4,SC,CORTANTE_APOIO_CENTRAL_LONG_1,q85,689.9980448383754,11275,282.15621479295316
C-10,V,cen4,PR,CORTANTE_APOIO_CENTRAL_LONG_1,q85,717.7031447703473,11999,285.6836785967245
C-10,V,cen6,MG,CORTANTE_APOIO_CENTRAL_LONG_1,q85,790.6609241644462,9012,286.4523670680552
C-10,V,cen6,MT,CORTANTE_APOIO_CENTRAL_LONG_1,q85,773.1665916672259,9401,297.9031682466886
C-10,V,cen6,PB,CORTANTE_APOIO_CENTRAL_LONG_1,q85,630.4918743691778,1437,278.1579892124464
C-10,V,cen6,RJ,CORTANTE_APOIO_CENTRAL_LONG_1,q85,733.6214531265186,4639,273.7397775704932
C-10,V,cen6,SP,CORTANTE_APOIO_CENTRAL_LONG_1,q85,749.3696780669252,7707,278.8146279749295
C-10,V,cen6,SC,CORTANTE_APOIO_CENTRAL_LONG_1,q85,761.0685134901835,10880,283.57108183933076
C-10,V,cen6,PR,CORTANTE_APOIO_CENTRAL_LONG_1,q85,788.3599613262711,11539,286.9326405399124
C-10,V,cen8,MG,CORTANTE_APOIO_CENTRAL_LONG_1,q85,736.7212921394395,9635,287.2312338848613
C-10,V,cen8,MT,CORTANTE_APOIO_CENTRAL_LONG_1,q85,756.6793313341163,9994,298.5023437258372
C-10,V,cen8,PB,CORTANTE_APOIO_CENTRAL_LONG_1,q85,630.1826544428616,1527,278.5741957881226
C-10,V,cen8,RJ,CORTANTE_APOIO_CENTRAL_LONG_1,q85,733.4282162230813,4963,274.4715921852736
C-10,V,cen8,SP,CORTANTE_APOIO_CENTRAL_LONG_1,q85,729.901959670009,8285,279.6240237970225
C-10,V,cen8,SC,CORTANTE_APOIO_CENTRAL_LONG_1,q85,740.3964057826502,11682,284.9128716942414
C-10,V,cen8,PR,CORTANTE_APOIO_CENTRAL_LONG_1,q85,761.7672659334846,12406,288.25036558406026
C-10,V,cen2,MG,CORTANTE_APOIO_CENTRAL_LONG_1,q90,717.0844671688561,7483,299.05068900261574
C-10,V,cen2,MT,CORTANTE_APOIO_CENTRAL_LONG_1,q90,734.5068330427406,7711,310.28228337224704
C-10,V,cen2,PB,CORTANTE_APOIO_CENTRAL_LONG_1,q90,663.3019178950561,1185,288.417658998403
C-10,V,cen2,RJ,CORTANTE_APOIO_CENTRAL_LONG_1,q90,701.8438055922459,3861,284.11109492719135
C-10,V,cen2,SP,CORTANTE_APOIO_CENTRAL_LONG_1,q90,721.9725818917016,6458,290.47057140994144
C-10,V,cen2,SC,CORTANTE_APOIO_CENTRAL_LONG_1,q90,697.9112900101378,9076,296.3212845305219
C-10,V,cen2,PR,CORTANTE_APOIO_CENTRAL_LONG_1,q90,713.7671741297655,9649,299.80444519895184
C-10,V,cen4,MG,CORTANTE_APOIO_CENTRAL_LONG_1,q90,703.6398058454708,6242,296.5379802542319
C-10,V,cen4,MT,CORTANTE_APOIO_CENTRAL_LONG_1,q90,733.243478394174,6508,308.05704381041267
C-10,V,cen4,PB,CORTANTE_APOIO_CENTRAL_LONG_1,q90,624.3570429864297,1003,287.96618691282725
C-10,V,cen4,RJ,CORTANTE_APOIO_CENTRAL_LONG_1,q90,700.5366902772505,3226,282.31737965796594
C-10,V,cen4,SP,CORTANTE_APOIO_CENTRAL_LONG_1,q90,697.0694253059801,5336,288.18451095700686
C-10,V,cen4,SC,CORTANTE_APOIO_CENTRAL_LONG_1,q90,697.5634740833403,7517,292.9064625342242
C-10,V,cen4,PR,CORTANTE_APOIO_CENTRAL_LONG_1,q90,723.5222336642496,8000,296.2562715304222
C-10,V,cen6,MG,CORTANTE_APOIO_CENTRAL_LONG_1,q90,804.0076802766309,6008,298.198393005977
C-10,V,cen6,MT,CORTANTE_APOIO_CENTRAL_LONG_1,q90,771.3427336164523,6267,309.4239877580038
C-10,V,cen6,PB,CORTANTE_APOIO_CENTRAL_LONG_1,q90,633.8623162485169,958,287.8243134882332
C-10,V,cen6,RJ,CORTANTE_APOIO_CENTRAL_LONG_1,q90,719.9389040020791,3093,283.1734913079183
C-10,V,cen6,SP,CORTANTE_APOIO_CENTRAL_LONG_1,q90,757.2725933300944,5138,289.9499259117298
C-10,V,cen6,SC,CORTANTE_APOIO_CENTRAL_LONG_1,q90,756.7983261003272,7254,295.131041034629
C-10,V,cen6,PR,CORTANTE_APOIO_CENTRAL_LONG_1,q90,784.1119995310144,7693,298.3287227320167
C-10,V,cen8,MG,CORTANTE_APOIO_CENTRAL_LONG_1,q90,742.2037131091331,6423,299.00084364231685
C-10,V,cen8,MT,CORTANTE_APOIO_CENTRAL_LONG_1,q90,749.9719680823179,6663,310.04567755622486
C-10,V,cen8,PB,CORTANTE_APOIO_CENTRAL_LONG_1,q90,633.670532893284,1018,288.3644828761975
C-10,V,cen8,RJ,CORTANTE_APOIO_CENTRAL_LONG_1,q90,720.3826138254032,3309,283.9128561952015
C-10,V,cen8,SP,CORTANTE_APOIO_CENTRAL_LONG_1,q90,733.2075992349703,5523,290.73544647431726
C-10,V,cen8,SC,CORTANTE_APOIO_CENTRAL_LONG_1,q90,735.8032252901555,7788,296.35038964010636
C-10,V,cen8,PR,CORTANTE_APOIO_CENTRAL_LONG_1,q90,754.5252290763977,8271,299.5637681296444
C-10,V,cen2,MG,CORTANTE_APOIO_CENTRAL_LONG_1,q925,723.104489729282,5613,306.8024529261082
C-10,V,cen2,MT,CORTANTE_APOIO_CENTRAL_LONG_1,q925,735.0018449963964,5783,317.7556357922374
C-10,V,cen2,PB,CORTANTE_APOIO_CENTRAL_LONG_1,q925,672.7946753278253,889,295.3614051508308
C-10,V,cen2,RJ,CORTANTE_APOIO_CENTRAL_LONG_1,q925,698.936292660625,2896,291.2909650246751
C-10,V,cen2,SP,CORTANTE_APOIO_CENTRAL_LONG_1,q925,729.0512740528363,4843,297.8928834930253
C-10,V,cen2,SC,CORTANTE_APOIO_CENTRAL_LONG_1,q925,702.9618949004251,6807,304.24721991698533
C-10,V,cen2,PR,CORTANTE_APOIO_CENTRAL_LONG_1,q925,714.8893311660042,7237,307.4127394357901
C-10,V,cen4,MG,CORTANTE_APOIO_CENTRAL_LONG_1,q925,709.7955148670987,4682,303.87340611428033
C-10,V,cen4,MT,CORTANTE_APOIO_CENTRAL_LONG_1,q925,735.2409179767794,4881,315.2815612995429
C-10,V,cen4,PB,CORTANTE_APOIO_CENTRAL_LONG_1,q925,629.8376631073402,752,294.59276355811136
C-10,V,cen4,RJ,CORTANTE_APOIO_CENTRAL_LONG_1,q925,697.1846167220444,2420,289.26283081852256
C-10,V,cen4,SP,CORTANTE_APOIO_CENTRAL_LONG_1,q925,703.2725970530391,4002,295.5803191833041
C-10,V,cen4,SC,CORTANTE_APOIO_CENTRAL_LONG_1,q925,702.918987478791,5638,300.38634079180724
C-10,V,cen4,PR,CORTANTE_APOIO_CENTRAL_LONG_1,q925,723.749286690562,6000,303.3460116830391
C-10,V,cen6,MG,CORTANTE_APOIO_CENTRAL_LONG_1,q925,811.4165380053228,4506,306.247197646387
C-10,V,cen6,MT,CORTANTE_APOIO_CENTRAL_LONG_1,q925,767.1917039144835,4701,317.525909312803
C-10,V,cen6,PB,CORTANTE_APOIO_CENTRAL_LONG_1,q925,638.2754890740175,719,294.4668552136008
C-10,V,cen6,RJ,CORTANTE_APOIO_CENTRAL_LONG_1,q925,714.4405599372228,2320,290.71219362994105
C-10,V,cen6,SP,CORTANTE_APOIO_CENTRAL_LONG_1,q925,762.3881045918727,3854,297.6217940707938
C-10,V,cen6,SC,CORTANTE_APOIO_CENTRAL_LONG_1,q925,752.8171905508268,5440,303.22562976611374
C-10,V,cen6,PR,CORTANTE_APOIO_CENTRAL_LONG_1,q925,777.5415233729524,5770,306.1865203212081
C-10,V,cen8,MG,CORTANTE_APOIO_CENTRAL_LONG_1,q925,742.5871091240297,4818,306.9811608637171
C-10,V,cen8,MT,CORTANTE_APOIO_CENTRAL_LONG_1,q925,741.286375812186,4997,318.0059236821141
C-10,V,cen8,PB,CORTANTE_APOIO_CENTRAL_LONG_1,q925,637.753819785295,764,295.10590169806477
C-10,V,cen8,RJ,CORTANTE_APOIO_CENTRAL_LONG_1,q925,712.9758074765828,2482,291.3244150171368
C-10,V,cen8,SP,CORTANTE_APOIO_CENTRAL_LONG_1,q925,735.1450311051753,4143,298.4248753071576
C-10,V,cen8,SC,CORTANTE_APOIO_CENTRAL_LONG_1,q925,731.7493311562814,5841,304.47037468126183
C-10,V,cen8,PR,CORTANTE_APOIO_CENTRAL_LONG_1,q925,745.6978721285816,6203,307.46164528668055
C-10,V,cen2,MG,CORTANTE_APOIO_CENTRAL_LONG_1,q95,725.0078116540809,3742,317.1862172293029
C-10,V,cen2,MT,CORTANTE_APOIO_CENTRAL_LONG_1,q95,730.836073994092,3856,328.033319485642
C-10,V,cen2,PB,CORTANTE_APOIO_CENTRAL_LONG_1,q95,684.3421075499191,593,305.2329087208731
C-10,V,cen2,RJ,CORTANTE_APOIO_CENTRAL_LONG_1,q95,696.9620080503548,1931,301.8579052844724
C-10,V,cen2,SP,CORTANTE_APOIO_CENTRAL_LONG_1,q95,735.2844443926385,3229,308.26238334507156
C-10,V,cen2,SC,CORTANTE_APOIO_CENTRAL_LONG_1,q95,707.1498328301326,4538,314.78835192864403
C-10,V,cen2,PR,CORTANTE_APOIO_CENTRAL_LONG_1,q95,711.6969755401492,4825,317.73086477865155
C-10,V,cen4,MG,CORTANTE_APOIO_CENTRAL_LONG_1,q95,712.386728261129,3121,314.20879268447345
C-10,V,cen4,MT,CORTANTE_APOIO_CENTRAL_LONG_1,q95,731.6667994222332,3254,325.4147307429471
C-10,V,cen4,PB,CORTANTE_APOIO_CENTRAL_LONG_1,q95,639.5560106761034,502,304.5758370277009
C-10,V,cen4,RJ,CORTANTE_APOIO_CENTRAL_LONG_1,q95,693.270634158247,1613,299.70473778520204
C-10,V,cen4,SP,CORTANTE_APOIO_CENTRAL_LONG_1,q95,710.3026845806035,2668,305.8663832128756
C-10,V,cen4,SC,CORTANTE_APOIO_CENTRAL_LONG_1,q95,709.6515121161467,3759,310.9162091647343
C-10,V,cen4,PR,CORTANTE_APOIO_CENTRAL_LONG_1,q95,720.7934952277885,4000,313.3538436608537
C-10,V,cen6,MG,CORTANTE_APOIO_CENTRAL_LONG_1,q95,814.4169473370048,3004,317.3116146130874
C-10,V,cen6,MT,CORTANTE_APOIO_CENTRAL_LONG_1,q95,755.5544823879541,3134,328.4014110380953
C-10,V,cen6,PB,CORTANTE_APOIO_CENTRAL_LONG_1,q95,645.5774601884493,479,304.59577854623484
C-10,V,cen6,RJ,CORTANTE_APOIO_CENTRAL_LONG_1,q95,708.2477755914954,1547,302.1577180961055
C-10,V,cen6,SP,CORTANTE_APOIO_CENTRAL_LONG_1,q95,769.9823634332138,2569,308.6062526912025
C-10,V,cen6,SC,CORTANTE_APOIO_CENTRAL_LONG_1,q95,745.2905213662267,3627,314.54090521702483
C-10,V,cen6,PR,CORTANTE_APOIO_CENTRAL_LONG_1,q95,767.4695362859391,3847,317.27151694608784
C-10,V,cen8,MG,CORTANTE_APOIO_CENTRAL_LONG_1,q95,736.2349107934319,3212,317.65870222768524
C-10,V,cen8,MT,CORTANTE_APOIO_CENTRAL_LONG_1,q95,722.7133032337238,3332,328.6465884145263
C-10,V,cen8,PB,CORTANTE_APOIO_CENTRAL_LONG_1,q95,644.2512292049787,509,305.2735113133365
C-10,V,cen8,RJ,CORTANTE_APOIO_CENTRAL_LONG_1,q95,705.5629612502897,1655,302.39982065523026
C-10,V,cen8,SP,CORTANTE_APOIO_CENTRAL_LONG_1,q95,737.8329766045922,2762,309.52860867558036
C-10,V,cen8,SC,CORTANTE_APOIO_CENTRAL_LONG_1,q95,724.5343109842829,3894,315.71639932584065
C-10,V,cen8,PR,CORTANTE_APOIO_CENTRAL_LONG_1,q95,732.306824077781,4136,318.2996742607987
C-10,V,cen2,MG,CORTANTE_APOIO_CENTRAL_LONG_1,frac058,717.4046109079691,7394,299.35655076533465
C-10,V,cen2,MT,CORTANTE_APOIO_CENTRAL_LONG_1,frac058,734.3274080726385,8261,308.35034255031496
C-10,V,cen2,PB,CORTANTE_APOIO_CENTRAL_LONG_1,frac058,661.9346025814474,1243,287.35031862932266
C-10,V,cen2,RJ,CORTANTE_APOIO_CENTRAL_LONG_1,frac058,697.2898839341381,2215,298.1283549571108
C-10,V,cen2,SP,CORTANTE_APOIO_CENTRAL_LONG_1,frac058,731.7583486203396,4193,301.62013850541166
C-10,V,cen2,SC,CORTANTE_APOIO_CENTRAL_LONG_1,frac058,698.4429886707946,8806,297.14420292738316
C-10,V,cen2,PR,CORTANTE_APOIO_CENTRAL_LONG_1,frac058,714.4903706391208,6478,310.29650546038806
C-10,V,cen4,MG,CORTANTE_APOIO_CENTRAL_LONG_1,frac058,702.0861800483528,6631,294.9131812594159
C-10,V,cen4,MT,CORTANTE_APOIO_CENTRAL_LONG_1,frac058,732.7615128667178,6810,306.7887878973832
C-10,V,cen4,PB,CORTANTE_APOIO_CENTRAL_LONG_1,frac058,619.9950324687355,1760,275.0772738388709
C-10,V,cen4,RJ,CORTANTE_APOIO_CENTRAL_LONG_1,frac058,693.835770988578,1725,298.1283549571108
C-10,V,cen4,SP,CORTANTE_APOIO_CENTRAL_LONG_1,frac058,696.2751173940767,5510,287.2818815443718
C-10,V,cen4,SC,CORTANTE_APOIO_CENTRAL_LONG_1,frac058,700.4901844802109,6400,297.14420292738316
C-10,V,cen4,PR,CORTANTE_APOIO_CENTRAL_LONG_1,frac058,722.2574425637373,4511,310.2965056004953
C-10,V,cen6,MG,CORTANTE_APOIO_CENTRAL_LONG_1,frac058,813.5669913780644,705,355.7973560965431
C-10,V,cen6,MT,CORTANTE_APOIO_CENTRAL_LONG_1,frac058,743.2660337994739,2095,339.39168271317936
C-10,V,cen6,PB,CORTANTE_APOIO_CENTRAL_LONG_1,frac058,630.9043043034824,1665,275.0772738388709
C-10,V,cen6,RJ,CORTANTE_APOIO_CENTRAL_LONG_1,frac058,709.7616764308493,1773,298.1283549571108
C-10,V,cen6,SP,CORTANTE_APOIO_CENTRAL_LONG_1,frac058,765.1451882498612,3359,301.2978726748496
C-10,V,cen6,SC,CORTANTE_APOIO_CENTRAL_LONG_1,frac058,738.7404994622343,2769,322.66046244404924
C-10,V,cen6,PR,CORTANTE_APOIO_CENTRAL_LONG_1,frac058,771.3189287098356,4443,313.35538238077226
C-10,V,cen8,MG,CORTANTE_APOIO_CENTRAL_LONG_1,frac058,739.630157634161,3872,312.7978088903008
C-10,V,cen8,MT,CORTANTE_APOIO_CENTRAL_LONG_1,frac058,752.9246395966345,7493,306.7887878973832
C-10,V,cen8,PB,CORTANTE_APOIO_CENTRAL_LONG_1,frac058,630.2096381527492,1800,275.0772738388709
C-10,V,cen8,RJ,CORTANTE_APOIO_CENTRAL_LONG_1,frac058,707.0500555064261,1813,299.4998458323922
C-10,V,cen8,SP,CORTANTE_APOIO_CENTRAL_LONG_1,frac058,724.9389985571215,694,345.39389666094576
C-10,V,cen8,SC,CORTANTE_APOIO_CENTRAL_LONG_1,frac058,706.9619068296806,1935,335.1392732923847
C-10,V,cen8,PR,CORTANTE_APOIO_CENTRAL_LONG_1,frac058,742.054570769619,5562,310.2965056004953
C-10,M-,cen2,MG,MOMENTO_(-)_APOIO_CENTRAL_LONG_1,q85,1221.5426415698198,10067,504.96828427342274
C-10,M-,cen2,MT,MOMENTO_(-)_APOIO_CENTRAL_LONG_1,q85,1235.3343411154622,11244,520.6985212480265
C-10,M-,cen2,PB,MOMENTO_(-)_APOIO_CENTRAL_LONG_1,q85,1142.7605167755332,1421,489.80043188672585
C-10,M-,cen2,RJ,MOMENTO_(-)_APOIO_CENTRAL_LONG_1,q85,1230.6131451458944,4810,487.0254341678557
C-10,M-,cen2,SP,MOMENTO_(-)_APOIO_CENTRAL_LONG_1,q85,1228.5324734718793,8065,494.7236288400534
C-10,M-,cen2,SC,MOMENTO_(-)_APOIO_CENTRAL_LONG_1,q85,1224.5934203230422,11819,502.35912628653693
C-10,M-,cen2,PR,MOMENTO_(-)_APOIO_CENTRAL_LONG_1,q85,1219.762661026311,12916,505.40611493939593
C-10,M-,cen4,MG,MOMENTO_(-)_APOIO_CENTRAL_LONG_1,q85,1233.4313556450213,8419,499.48389867322044
C-10,M-,cen4,MT,MOMENTO_(-)_APOIO_CENTRAL_LONG_1,q85,1214.7376007385194,9500,516.1892900848744
C-10,M-,cen4,PB,MOMENTO_(-)_APOIO_CENTRAL_LONG_1,q85,1060.048058961741,1201,489.0707086620363
C-10,M-,cen4,RJ,MOMENTO_(-)_APOIO_CENTRAL_LONG_1,q85,1229.7287563678965,4044,483.9482549279453
C-10,M-,cen4,SP,MOMENTO_(-)_APOIO_CENTRAL_LONG_1,q85,1230.275089223307,6702,490.44610319995166
C-10,M-,cen4,SC,MOMENTO_(-)_APOIO_CENTRAL_LONG_1,q85,1171.1177462645371,9830,495.602078742827
C-10,M-,cen4,PR,MOMENTO_(-)_APOIO_CENTRAL_LONG_1,q85,1224.9733988820071,10762,497.7856558797352
C-10,M-,cen6,MG,MOMENTO_(-)_APOIO_CENTRAL_LONG_1,q85,1383.3284174092275,8044,500.8873384716233
C-10,M-,cen6,MT,MOMENTO_(-)_APOIO_CENTRAL_LONG_1,q85,1386.9008645177855,9046,517.5505313309792
C-10,M-,cen6,PB,MOMENTO_(-)_APOIO_CENTRAL_LONG_1,q85,1069.4289971363685,1135,489.0143832022234
C-10,M-,cen6,RJ,MOMENTO_(-)_APOIO_CENTRAL_LONG_1,q85,1249.5022767545086,3849,484.27944240185144
C-10,M-,cen6,SP,MOMENTO_(-)_APOIO_CENTRAL_LONG_1,q85,1337.5872997491547,6403,491.50733889415545
C-10,M-,cen6,SC,MOMENTO_(-)_APOIO_CENTRAL_LONG_1,q85,1321.712883006191,9421,497.1799935558787
C-10,M-,cen6,PR,MOMENTO_(-)_APOIO_CENTRAL_LONG_1,q85,1375.8736369378016,10266,499.6182429331797
C-10,M-,cen8,MG,MOMENTO_(-)_APOIO_CENTRAL_LONG_1,q85,1328.1050237276481,8589,503.1276274888861
C-10,M-,cen8,MT,MOMENTO_(-)_APOIO_CENTRAL_LONG_1,q85,1327.531967171027,9629,519.5172194003661
C-10,M-,cen8,PB,MOMENTO_(-)_APOIO_CENTRAL_LONG_1,q85,1069.2182360159632,1214,489.7185512848921
C-10,M-,cen8,RJ,MOMENTO_(-)_APOIO_CENTRAL_LONG_1,q85,1280.8081267580417,4116,486.42542602157647
C-10,M-,cen8,SP,MOMENTO_(-)_APOIO_CENTRAL_LONG_1,q85,1333.075214311167,6876,493.929540719309
C-10,M-,cen8,SC,MOMENTO_(-)_APOIO_CENTRAL_LONG_1,q85,1283.6184201630738,10087,500.70416310903596
C-10,M-,cen8,PR,MOMENTO_(-)_APOIO_CENTRAL_LONG_1,q85,1324.9830438965894,11036,503.4141832416219
C-10,M-,cen2,MG,MOMENTO_(-)_APOIO_CENTRAL_LONG_1,q90,1228.6200657040429,6712,523.2813132752988
C-10,M-,cen2,MT,MOMENTO_(-)_APOIO_CENTRAL_LONG_1,q90,1235.1541257770186,7496,538.9817749861079
C-10,M-,cen2,PB,MOMENTO_(-)_APOIO_CENTRAL_LONG_1,q90,1141.7141666927014,947,505.4336773956708
C-10,M-,cen2,RJ,MOMENTO_(-)_APOIO_CENTRAL_LONG_1,q90,1221.882480050442,3207,502.91002586535234
C-10,M-,cen2,SP,MOMENTO_(-)_APOIO_CENTRAL_LONG_1,q90,1234.5908846971658,5377,511.68189241955736
C-10,M-,cen2,SC,MOMENTO_(-)_APOIO_CENTRAL_LONG_1,q90,1231.1550532757283,7879,520.8140644334745
C-10,M-,cen2,PR,MOMENTO_(-)_APOIO_CENTRAL_LONG_1,q90,1222.3033216399058,8611,524.1907612074003
C-10,M-,cen4,MG,MOMENTO_(-)_APOIO_CENTRAL_LONG_1,q90,1242.9889924196366,5613,516.7449252979234
C-10,M-,cen4,MT,MOMENTO_(-)_APOIO_CENTRAL_LONG_1,q90,1212.0262532432835,6334,533.5371653892247
C-10,M-,cen4,PB,MOMENTO_(-)_APOIO_CENTRAL_LONG_1,q90,1048.3051130139067,801,503.2716831523185
C-10,M-,cen4,RJ,MOMENTO_(-)_APOIO_CENTRAL_LONG_1,q90,1215.5140536206277,2696,498.51598984822425
C-10,M-,cen4,SP,MOMENTO_(-)_APOIO_CENTRAL_LONG_1,q90,1242.0258465785982,4468,506.51624857338106
C-10,M-,cen4,SC,MOMENTO_(-)_APOIO_CENTRAL_LONG_1,q90,1166.4733960952117,6553,512.6357019524029
C-10,M-,cen4,PR,MOMENTO_(-)_APOIO_CENTRAL_LONG_1,q90,1219.9443243344342,7175,514.8169664451748
C-10,M-,cen6,MG,MOMENTO_(-)_APOIO_CENTRAL_LONG_1,q90,1378.911193822249,5363,518.8883385781751
C-10,M-,cen6,MT,MOMENTO_(-)_APOIO_CENTRAL_LONG_1,q90,1375.7069146185277,6031,535.5960249719341
C-10,M-,cen6,PB,MOMENTO_(-)_APOIO_CENTRAL_LONG_1,q90,1054.6588904762814,757,503.18059264659047
C-10,M-,cen6,RJ,MOMENTO_(-)_APOIO_CENTRAL_LONG_1,q90,1225.6655264879903,2566,499.6117718961744
C-10,M-,cen6,SP,MOMENTO_(-)_APOIO_CENTRAL_LONG_1,q90,1351.9045519959625,4269,508.45977439953936
C-10,M-,cen6,SC,MOMENTO_(-)_APOIO_CENTRAL_LONG_1,q90,1310.248454232911,6281,515.0195378017974
C-10,M-,cen6,PR,MOMENTO_(-)_APOIO_CENTRAL_LONG_1,q90,1356.0506675806619,6844,517.2978749661481
C-10,M-,cen8,MG,MOMENTO_(-)_APOIO_CENTRAL_LONG_1,q90,1328.7859386523978,5726,521.5289354506708
C-10,M-,cen8,MT,MOMENTO_(-)_APOIO_CENTRAL_LONG_1,q90,1308.5112277057256,6419,537.793358522223
C-10,M-,cen8,PB,MOMENTO_(-)_APOIO_CENTRAL_LONG_1,q90,1054.4707122739321,809,504.15681337454953
C-10,M-,cen8,RJ,MOMENTO_(-)_APOIO_CENTRAL_LONG_1,q90,1264.1393639362618,2744,501.60980883411884
C-10,M-,cen8,SP,MOMENTO_(-)_APOIO_CENTRAL_LONG_1,q90,1350.9121562576179,4584,511.47373844931
C-10,M-,cen8,SC,MOMENTO_(-)_APOIO_CENTRAL_LONG_1,q90,1271.047012152238,6725,518.8307247055293
C-10,M-,cen8,PR,MOMENTO_(-)_APOIO_CENTRAL_LONG_1,q90,1310.5549807013672,7358,521.5340494828092
C-10,M-,cen2,MG,MOMENTO_(-)_APOIO_CENTRAL_LONG_1,q925,1230.2596313732524,5034,536.0394891034757
C-10,M-,cen2,MT,MOMENTO_(-)_APOIO_CENTRAL_LONG_1,q925,1238.5703839915755,5622,552.0424700710774
C-10,M-,cen2,PB,MOMENTO_(-)_APOIO_CENTRAL_LONG_1,q925,1143.7497868337732,711,516.6794105644882
C-10,M-,cen2,RJ,MOMENTO_(-)_APOIO_CENTRAL_LONG_1,q925,1215.1045031254878,2405,514.8788147829557
C-10,M-,cen2,SP,MOMENTO_(-)_APOIO_CENTRAL_LONG_1,q925,1239.6326398853075,4033,523.9602784370582
C-10,M-,cen2,SC,MOMENTO_(-)_APOIO_CENTRAL_LONG_1,q925,1238.7880352369568,5910,533.4640390014309
C-10,M-,cen2,PR,MOMENTO_(-)_APOIO_CENTRAL_LONG_1,q925,1220.1469422513173,6458,536.7251639450742
C-10,M-,cen4,MG,MOMENTO_(-)_APOIO_CENTRAL_LONG_1,q925,1242.7126128621198,4210,528.7231918685357
C-10,M-,cen4,MT,MOMENTO_(-)_APOIO_CENTRAL_LONG_1,q925,1209.368076224339,4750,545.6175844831447
C-10,M-,cen4,PB,MOMENTO_(-)_APOIO_CENTRAL_LONG_1,q925,1045.507204781266,601,514.137250593981
C-10,M-,cen4,RJ,MOMENTO_(-)_APOIO_CENTRAL_LONG_1,q925,1209.2852150444198,2022,510.602577906063
C-10,M-,cen4,SP,MOMENTO_(-)_APOIO_CENTRAL_LONG_1,q925,1251.7436304275775,3351,518.3208393663239
C-10,M-,cen4,SC,MOMENTO_(-)_APOIO_CENTRAL_LONG_1,q925,1164.3475978392853,4915,524.027479796834
C-10,M-,cen4,PR,MOMENTO_(-)_APOIO_CENTRAL_LONG_1,q925,1213.2434438129685,5381,526.7113299089427
C-10,M-,cen6,MG,MOMENTO_(-)_APOIO_CENTRAL_LONG_1,q925,1368.0726050748096,4022,531.3618686730468
C-10,M-,cen6,MT,MOMENTO_(-)_APOIO_CENTRAL_LONG_1,q925,1365.1739399676364,4523,548.4867027771218
C-10,M-,cen6,PB,MOMENTO_(-)_APOIO_CENTRAL_LONG_1,q925,1051.5455968885706,568,513.8071917026144
C-10,M-,cen6,RJ,MOMENTO_(-)_APOIO_CENTRAL_LONG_1,q925,1211.5983612153902,1925,512.0431166773346
C-10,M-,cen6,SP,MOMENTO_(-)_APOIO_CENTRAL_LONG_1,q925,1363.8405351867304,3202,520.5806838156338
C-10,M-,cen6,SC,MOMENTO_(-)_APOIO_CENTRAL_LONG_1,q925,1300.9067470519685,4711,527.3324561423302
C-10,M-,cen6,PR,MOMENTO_(-)_APOIO_CENTRAL_LONG_1,q925,1337.224600608619,5133,530.4913054347018
C-10,M-,cen8,MG,MOMENTO_(-)_APOIO_CENTRAL_LONG_1,q925,1320.828555028618,4295,533.6588872942732
C-10,M-,cen8,MT,MOMENTO_(-)_APOIO_CENTRAL_LONG_1,q925,1291.7727602818388,4815,550.5240252665948
C-10,M-,cen8,PB,MOMENTO_(-)_APOIO_CENTRAL_LONG_1,q925,1048.3140894260314,607,515.1261508207655
C-10,M-,cen8,RJ,MOMENTO_(-)_APOIO_CENTRAL_LONG_1,q925,1252.7482959108236,2058,513.8151541017056
C-10,M-,cen8,SP,MOMENTO_(-)_APOIO_CENTRAL_LONG_1,q925,1360.6134764146877,3438,523.7135142809335
C-10,M-,cen8,SC,MOMENTO_(-)_APOIO_CENTRAL_LONG_1,q925,1261.803837015213,5044,531.7034130514712
C-10,M-,cen8,PR,MOMENTO_(-)_APOIO_CENTRAL_LONG_1,q925,1296.353632533811,5518,534.5767580513275
C-10,M-,cen2,MG,MOMENTO_(-)_APOIO_CENTRAL_LONG_1,q95,1222.3465990046643,3356,553.3690064758256
C-10,M-,cen2,MT,MOMENTO_(-)_APOIO_CENTRAL_LONG_1,q95,1243.9354424295295,3748,570.4477477724033
C-10,M-,cen2,PB,MOMENTO_(-)_APOIO_CENTRAL_LONG_1,q95,1140.1917955408046,474,534.0693932086842
C-10,M-,cen2,RJ,MOMENTO_(-)_APOIO_CENTRAL_LONG_1,q95,1202.8532527167858,1604,532.3116240418121
C-10,M-,cen2,SP,MOMENTO_(-)_APOIO_CENTRAL_LONG_1,q95,1238.606598020796,2689,541.377380615894
C-10,M-,cen2,SC,MOMENTO_(-)_APOIO_CENTRAL_LONG_1,q95,1247.0933990730791,3940,551.6109790732073
C-10,M-,cen2,PR,MOMENTO_(-)_APOIO_CENTRAL_LONG_1,q95,1218.1957573111226,4306,554.3766090924688
C-10,M-,cen4,MG,MOMENTO_(-)_APOIO_CENTRAL_LONG_1,q95,1235.155913210372,2807,544.8151047484029
C-10,M-,cen4,MT,MOMENTO_(-)_APOIO_CENTRAL_LONG_1,q95,1204.8826207874577,3167,562.7876384736252
C-10,M-,cen4,PB,MOMENTO_(-)_APOIO_CENTRAL_LONG_1,q95,1040.8280753324852,401,530.8959434505571
C-10,M-,cen4,RJ,MOMENTO_(-)_APOIO_CENTRAL_LONG_1,q95,1198.9035196302536,1348,528.2074491213154
C-10,M-,cen4,SP,MOMENTO_(-)_APOIO_CENTRAL_LONG_1,q95,1261.1211015088497,2234,535.4404114334442
C-10,M-,cen4,SC,MOMENTO_(-)_APOIO_CENTRAL_LONG_1,q95,1167.388839557756,3277,541.4968896483767
C-10,M-,cen4,PR,MOMENTO_(-)_APOIO_CENTRAL_LONG_1,q95,1199.7581235979437,3588,543.2662903020259
C-10,M-,cen6,MG,MOMENTO_(-)_APOIO_CENTRAL_LONG_1,q95,1343.9978371394823,2682,549.3999313362849
C-10,M-,cen6,MT,MOMENTO_(-)_APOIO_CENTRAL_LONG_1,q95,1344.5047454118912,3016,567.1985887827054
C-10,M-,cen6,PB,MOMENTO_(-)_APOIO_CENTRAL_LONG_1,q95,1046.8363459948055,379,531.1733665892601
C-10,M-,cen6,RJ,MOMENTO_(-)_APOIO_CENTRAL_LONG_1,q95,1189.1067710725106,1283,530.4544757217004
C-10,M-,cen6,SP,MOMENTO_(-)_APOIO_CENTRAL_LONG_1,q95,1375.823663927235,2135,538.4449156542371
C-10,M-,cen6,SC,MOMENTO_(-)_APOIO_CENTRAL_LONG_1,q95,1289.2086873571077,3141,546.615589195068
C-10,M-,cen6,PR,MOMENTO_(-)_APOIO_CENTRAL_LONG_1,q95,1306.7700577776914,3422,548.8018330329619
C-10,M-,cen8,MG,MOMENTO_(-)_APOIO_CENTRAL_LONG_1,q95,1299.1257748482985,2863,550.8784190363826
C-10,M-,cen8,MT,MOMENTO_(-)_APOIO_CENTRAL_LONG_1,q95,1262.6905337876951,3210,569.0365217042474
C-10,M-,cen8,PB,MOMENTO_(-)_APOIO_CENTRAL_LONG_1,q95,1038.9595713134988,405,532.1548435127189
C-10,M-,cen8,RJ,MOMENTO_(-)_APOIO_CENTRAL_LONG_1,q95,1233.974416559956,1372,531.7682293881808
C-10,M-,cen8,SP,MOMENTO_(-)_APOIO_CENTRAL_LONG_1,q95,1369.8358138084284,2292,541.174003346
C-10,M-,cen8,SC,MOMENTO_(-)_APOIO_CENTRAL_LONG_1,q95,1247.5838839920398,3363,550.2753297265509
C-10,M-,cen8,PR,MOMENTO_(-)_APOIO_CENTRAL_LONG_1,q95,1269.0989498106142,3679,553.1948114543841
C-10,M-,cen2,MG,MOMENTO_(-)_APOIO_CENTRAL_LONG_1,frac058,1230.0765443203272,4892,537.3026806335283
C-10,M-,cen2,MT,MOMENTO_(-)_APOIO_CENTRAL_LONG_1,frac058,1238.4021641343734,5697,551.4329628954612
C-10,M-,cen2,PB,MOMENTO_(-)_APOIO_CENTRAL_LONG_1,frac058,1141.4885253607335,991,503.4324069400244
C-10,M-,cen2,RJ,MOMENTO_(-)_APOIO_CENTRAL_LONG_1,frac058,1220.909732475912,3060,504.9088694888117
C-10,M-,cen2,SP,MOMENTO_(-)_APOIO_CENTRAL_LONG_1,frac058,1240.8048252291537,3279,533.1260628687662
C-10,M-,cen2,SC,MOMENTO_(-)_APOIO_CENTRAL_LONG_1,frac058,1240.7620741013423,5410,537.3278398471244
C-10,M-,cen2,PR,MOMENTO_(-)_APOIO_CENTRAL_LONG_1,frac058,1219.2046133164483,5250,545.8048106228564
C-10,M-,cen4,MG,MOMENTO_(-)_APOIO_CENTRAL_LONG_1,frac058,1240.0036455717068,3389,537.3026806335283
C-10,M-,cen4,MT,MOMENTO_(-)_APOIO_CENTRAL_LONG_1,frac058,1208.0689240475372,4143,551.4329628954612
C-10,M-,cen4,PB,MOMENTO_(-)_APOIO_CENTRAL_LONG_1,frac058,1071.1561401984713,1785,474.431097141429
C-10,M-,cen4,RJ,MOMENTO_(-)_APOIO_CENTRAL_LONG_1,frac058,1212.3513862316286,2309,504.9088694888117
C-10,M-,cen4,SP,MOMENTO_(-)_APOIO_CENTRAL_LONG_1,frac058,1260.7210226355946,2348,533.1260628687662
C-10,M-,cen4,SC,MOMENTO_(-)_APOIO_CENTRAL_LONG_1,frac058,1168.4256112554913,7918,504.4164343314275
C-10,M-,cen4,PR,MOMENTO_(-)_APOIO_CENTRAL_LONG_1,frac058,1216.1963337387238,6006,522.0260230997868
C-10,M-,cen6,MG,MOMENTO_(-)_APOIO_CENTRAL_LONG_1,frac058,1310.9182952719698,1755,567.0469074223492
C-10,M-,cen6,MT,MOMENTO_(-)_APOIO_CENTRAL_LONG_1,frac058,1329.7552764586605,2281,580.035562943815
C-10,M-,cen6,PB,MOMENTO_(-)_APOIO_CENTRAL_LONG_1,frac058,1082.4760537769257,1674,474.431097141429
C-10,M-,cen6,RJ,MOMENTO_(-)_APOIO_CENTRAL_LONG_1,frac058,1219.655280286925,2263,504.9088694888117
C-10,M-,cen6,SP,MOMENTO_(-)_APOIO_CENTRAL_LONG_1,frac058,1385.265228666213,779,581.4456363900808
C-10,M-,cen6,SC,MOMENTO_(-)_APOIO_CENTRAL_LONG_1,frac058,1286.9295430702457,2982,549.2305976533845
C-10,M-,cen6,PR,MOMENTO_(-)_APOIO_CENTRAL_LONG_1,frac058,1305.0941270629328,3349,549.7266416108022
C-10,M-,cen8,MG,MOMENTO_(-)_APOIO_CENTRAL_LONG_1,frac058,1318.1370057102963,3968,537.3026806335283
C-10,M-,cen8,MT,MOMENTO_(-)_APOIO_CENTRAL_LONG_1,frac058,1290.8089838003305,4743,551.4422466663485
C-10,M-,cen8,PB,MOMENTO_(-)_APOIO_CENTRAL_LONG_1,frac058,1081.4785407780191,1826,474.431097141429
C-10,M-,cen8,RJ,MOMENTO_(-)_APOIO_CENTRAL_LONG_1,frac058,1249.568398765552,1901,517.4183959421723
C-10,M-,cen8,SP,MOMENTO_(-)_APOIO_CENTRAL_LONG_1,frac058,1460.3402496012545,345,626.642026619568
C-10,M-,cen8,SC,MOMENTO_(-)_APOIO_CENTRAL_LONG_1,frac058,1263.884289186527,5362,528.81250555037
C-10,M-,cen8,PR,MOMENTO_(-)_APOIO_CENTRAL_LONG_1,frac058,1310.0657572401237,7274,522.0260230997868
C-20,M+,cen2,MG,MOMENTO_(+)_INICIO_LONG_1,q85,3226.592340868776,19000,1280.6699618957646
C-20,M+,cen2,MT,MOMENTO_(+)_FIM_LONG_1,q85,3323.6791265273846,15064,1345.9138062504896
C-20,M+,cen2,PB,MOMENTO_(+)_INICIO_LONG_1,q85,2952.9384896602533,4190,1198.1237763308168
C-20,M+,cen2,RJ,MOMENTO_(+)_INICIO_LONG_1,q85,3215.5048062473993,12237,1208.2252200350515
C-20,M+,cen2,SP,MOMENTO_(+)_INICIO_LONG_1,q85,3233.2221319748687,19488,1225.3621704450504
C-20,M+,cen2,SC,MOMENTO_(+)_INICIO_LONG_1,q85,3279.9127491566096,24785,1263.6534545540137
C-20,M+,cen2,PR,MOMENTO_(+)_INICIO_LONG_1,q85,3353.370833179446,24204,1287.384947119426
C-20,M+,cen4,MG,MOMENTO_(+)_INICIO_LONG_1,q85,3225.2259521274927,16064,1269.8290775527064
C-20,M+,cen4,MT,MOMENTO_(+)_FIM_LONG_1,q85,3295.5660250711107,12752,1335.977513517882
C-20,M+,cen4,PB,MOMENTO_(+)_INICIO_LONG_1,q85,2834.6224733688878,3538,1197.9312842893964
C-20,M+,cen4,RJ,MOMENTO_(+)_INICIO_LONG_1,q85,3282.3638472693583,10310,1202.5913087599058
C-20,M+,cen4,SP,MOMENTO_(+)_INICIO_LONG_1,q85,3260.200358929745,16486,1215.046374712071
C-20,M+,cen4,SC,MOMENTO_(+)_INICIO_LONG_1,q85,3311.299429794035,21070,1249.917627308249
C-20,M+,cen4,PR,MOMENTO_(+)_INICIO_LONG_1,q85,3332.8807348760456,20547,1271.899535708608
C-20,M+,cen6,MG,MOMENTO_(+)_FIM_LONG_1,q85,3585.044554464883,16085,1219.512390551029
C-20,M+,cen6,MT,MOMENTO_(+)_FIM_LONG_1,q85,3753.96970161175,13590,1322.4376017488028
C-20,M+,cen6,PB,MOMENTO_(+)_INICIO_LONG_1,q85,2907.3796416840905,3604,1185.2433380423543
C-20,M+,cen6,RJ,MOMENTO_(+)_INICIO_LONG_1,q85,3472.698385291088,10548,1193.017508176746
C-20,M+,cen6,SP,MOMENTO_(+)_INICIO_LONG_1,q85,3458.462387909939,16806,1207.5457756628487
C-20,M+,cen6,SC,MOMENTO_(+)_INICIO_LONG_1,q85,3668.9837304516386,21512,1243.408258456848
C-20,M+,cen6,PR,MOMENTO_(+)_INICIO_LONG_1,q85,3855.648699566812,21135,1264.6524086725194
C-20,M+,cen8,MG,MOMENTO_(+)_INICIO_LONG_1,q85,3541.1092592807554,17372,1269.3656171928164
C-20,M+,cen8,MT,MOMENTO_(+)_FIM_LONG_1,q85,3662.2499839328575,14071,1332.872107245306
C-20,M+,cen8,PB,MOMENTO_(+)_INICIO_LONG_1,q85,2896.917238340954,3778,1190.4103243918498
C-20,M+,cen8,RJ,MOMENTO_(+)_INICIO_LONG_1,q85,3452.559852895952,11070,1198.5481144190594
C-20,M+,cen8,SP,MOMENTO_(+)_INICIO_LONG_1,q85,3526.766858934262,17610,1215.3154194679346
C-20,M+,cen8,SC,MOMENTO_(+)_INICIO_LONG_1,q85,3551.0372461587426,22460,1253.1481708643068
C-20,M+,cen8,PR,MOMENTO_(+)_INICIO_LONG_1,q85,3633.737357235724,22020,1276.4072226100473
C-20,M+,cen2,MG,MOMENTO_(+)_INICIO_LONG_1,q90,3263.29421442837,12667,1337.4952591425247
C-20,M+,cen2,MT,MOMENTO_(+)_FIM_LONG_1,q90,3315.9813092025856,10043,1400.2846767006422
C-20,M+,cen2,PB,MOMENTO_(+)_INICIO_LONG_1,q90,3017.458478821075,2793,1253.0013277217133
C-20,M+,cen2,RJ,MOMENTO_(+)_INICIO_LONG_1,q90,3231.624935196892,8158,1261.9288690426804
C-20,M+,cen2,SP,MOMENTO_(+)_INICIO_LONG_1,q90,3259.110603449518,12992,1283.565854465029
C-20,M+,cen2,SC,MOMENTO_(+)_INICIO_LONG_1,q90,3288.6812581391787,16524,1319.9421918840512
C-20,M+,cen2,PR,MOMENTO_(+)_INICIO_LONG_1,q90,3360.7799255277077,16136,1343.9178792517991
C-20,M+,cen4,MG,MOMENTO_(+)_INICIO_LONG_1,q90,3257.9581785130304,10709,1321.799987139417
C-20,M+,cen4,MT,MOMENTO_(+)_FIM_LONG_1,q90,3321.4019032526535,8502,1389.0639496251474
C-20,M+,cen4,PB,MOMENTO_(+)_INICIO_LONG_1,q90,2873.5459092193632,2359,1251.7303401286092
C-20,M+,cen4,RJ,MOMENTO_(+)_INICIO_LONG_1,q90,3304.0183712853504,6874,1254.2589632017332
C-20,M+,cen4,SP,MOMENTO_(+)_INICIO_LONG_1,q90,3313.034555501864,10991,1270.3169765532268
C-20,M+,cen4,SC,MOMENTO_(+)_INICIO_LONG_1,q90,3339.1608917748217,14047,1301.3498665532663
C-20,M+,cen4,PR,MOMENTO_(+)_INICIO_LONG_1,q90,3362.7336313565,13698,1322.0982756432843
C-20,M+,cen6,MG,MOMENTO_(+)_FIM_LONG_1,q90,3673.0458924961495,10724,1280.3503781140594
C-20,M+,cen6,MT,MOMENTO_(+)_FIM_LONG_1,q90,3772.7282969163994,9060,1377.7383658587114
C-20,M+,cen6,PB,MOMENTO_(+)_INICIO_LONG_1,q90,2968.266761236861,2403,1242.4696574374343
C-20,M+,cen6,RJ,MOMENTO_(+)_INICIO_LONG_1,q90,3477.2762179976103,7032,1247.3867329625493
C-20,M+,cen6,SP,MOMENTO_(+)_INICIO_LONG_1,q90,3490.407358618785,11204,1265.369711686599
C-20,M+,cen6,SC,MOMENTO_(+)_INICIO_LONG_1,q90,3653.531993712547,14342,1298.111719206658
C-20,M+,cen6,PR,MOMENTO_(+)_INICIO_LONG_1,q90,3852.0312231562402,14090,1317.665630135704
C-20,M+,cen8,MG,MOMENTO_(+)_INICIO_LONG_1,q90,3566.403626173717,11581,1325.2433665239469
C-20,M+,cen8,MT,MOMENTO_(+)_FIM_LONG_1,q90,3647.941911504814,9381,1388.8468825712052
C-20,M+,cen8,PB,MOMENTO_(+)_INICIO_LONG_1,q90,2948.0941549706454,2519,1246.6523879418112
C-20,M+,cen8,RJ,MOMENTO_(+)_INICIO_LONG_1,q90,3477.5483259247594,7380,1253.5300767812787
C-20,M+,cen8,SP,MOMENTO_(+)_INICIO_LONG_1,q90,3583.962203435318,11740,1273.8211626205843
C-20,M+,cen8,SC,MOMENTO_(+)_INICIO_LONG_1,q90,3556.314680475839,14973,1309.56997379051
C-20,M+,cen8,PR,MOMENTO_(+)_INICIO_LONG_1,q90,3645.982126782586,14680,1331.469492024456
C-20,M+,cen2,MG,MOMENTO_(+)_INICIO_LONG_1,q925,3296.921393175138,9500,1376.559216542124
C-20,M+,cen2,MT,MOMENTO_(+)_FIM_LONG_1,q925,3301.2016437651764,7532,1436.7406532301864
C-20,M+,cen2,PB,MOMENTO_(+)_INICIO_LONG_1,q925,3046.282951039041,2095,1288.0979072552677
C-20,M+,cen2,RJ,MOMENTO_(+)_INICIO_LONG_1,q925,3222.1792790139816,6119,1298.8882297324624
C-20,M+,cen2,SP,MOMENTO_(+)_INICIO_LONG_1,q925,3267.8738466420446,9744,1321.3950333857622
C-20,M+,cen2,SC,MOMENTO_(+)_INICIO_LONG_1,q925,3289.8113915409267,12393,1358.0185130195387
C-20,M+,cen2,PR,MOMENTO_(+)_INICIO_LONG_1,q925,3364.7826844647716,12102,1382.2582989959242
C-20,M+,cen4,MG,MOMENTO_(+)_INICIO_LONG_1,q925,3283.1858006618268,8032,1358.436398650195
C-20,M+,cen4,MT,MOMENTO_(+)_FIM_LONG_1,q925,3320.935769426331,6376,1422.978737255161
C-20,M+,cen4,PB,MOMENTO_(+)_INICIO_LONG_1,q925,2881.717905807911,1769,1286.5083970875335
C-20,M+,cen4,RJ,MOMENTO_(+)_INICIO_LONG_1,q925,3291.8582733530857,5155,1288.8830800395249
C-20,M+,cen4,SP,MOMENTO_(+)_INICIO_LONG_1,q925,3326.256143104729,8243,1306.226612370675
C-20,M+,cen4,SC,MOMENTO_(+)_INICIO_LONG_1,q925,3353.053647421885,10535,1336.7857354340972
C-20,M+,cen4,PR,MOMENTO_(+)_INICIO_LONG_1,q925,3373.1599561632124,10274,1356.867686997185
C-20,M+,cen6,MG,MOMENTO_(+)_FIM_LONG_1,q925,3705.381066912898,8043,1320.8171771744755
C-20,M+,cen6,MT,MOMENTO_(+)_FIM_LONG_1,q925,3754.3849607560023,6795,1414.6376472458896
C-20,M+,cen6,PB,MOMENTO_(+)_INICIO_LONG_1,q925,2989.9575104880914,1802,1277.0054515820095
C-20,M+,cen6,RJ,MOMENTO_(+)_INICIO_LONG_1,q925,3444.6513754245225,5274,1282.997050108413
C-20,M+,cen6,SP,MOMENTO_(+)_INICIO_LONG_1,q925,3483.8006655588956,8403,1302.8765892546328
C-20,M+,cen6,SC,MOMENTO_(+)_INICIO_LONG_1,q925,3624.9752493993383,10756,1335.225165988051
C-20,M+,cen6,PR,MOMENTO_(+)_INICIO_LONG_1,q925,3829.90072706511,10568,1355.0534986590023
C-20,M+,cen8,MG,MOMENTO_(+)_INICIO_LONG_1,q925,3573.6121045889104,8686,1364.2821146667106
C-20,M+,cen8,MT,MOMENTO_(+)_FIM_LONG_1,q925,3610.0693812830696,7036,1425.391745557456
C-20,M+,cen8,PB,MOMENTO_(+)_INICIO_LONG_1,q925,2962.7313916010607,1889,1281.8245072117904
C-20,M+,cen8,RJ,MOMENTO_(+)_INICIO_LONG_1,q925,3457.5830306846915,5535,1289.330460826754
C-20,M+,cen8,SP,MOMENTO_(+)_INICIO_LONG_1,q925,3600.717148040954,8805,1311.3600161552679
C-20,M+,cen8,SC,MOMENTO_(+)_INICIO_LONG_1,q925,3544.0590846663154,11230,1349.1140778825988
C-20,M+,cen8,PR,MOMENTO_(+)_INICIO_LONG_1,q925,3634.755848118374,11010,1370.5326509087529
C-20,M+,cen2,MG,MOMENTO_(+)_INICIO_LONG_1,q95,3366.4051942594315,6334,1430.2043811147405
C-20,M+,cen2,MT,MOMENTO_(+)_FIM_LONG_1,q95,3281.124763312354,5022,1488.5056854155835
C-20,M+,cen2,PB,MOMENTO_(+)_INICIO_LONG_1,q95,3086.1462729160985,1397,1334.1208665511035
C-20,M+,cen2,RJ,MOMENTO_(+)_INICIO_LONG_1,q95,3193.670700484923,4079,1346.6303237702666
C-20,M+,cen2,SP,MOMENTO_(+)_INICIO_LONG_1,q95,3284.194963727037,6496,1373.161226128156
C-20,M+,cen2,SC,MOMENTO_(+)_INICIO_LONG_1,q95,3315.4206306606575,8262,1410.368711479076
C-20,M+,cen2,PR,MOMENTO_(+)_INICIO_LONG_1,q95,3377.51001250052,8068,1436.0437345554465
C-20,M+,cen4,MG,MOMENTO_(+)_INICIO_LONG_1,q95,3321.723093546506,5355,1407.97691324782
C-20,M+,cen4,MT,MOMENTO_(+)_FIM_LONG_1,q95,3326.523786147661,4251,1470.2324197292778
C-20,M+,cen4,PB,MOMENTO_(+)_INICIO_LONG_1,q95,2895.2426834808384,1180,1331.1863964483975
C-20,M+,cen4,RJ,MOMENTO_(+)_INICIO_LONG_1,q95,3247.5732941210263,3437,1333.7359724708522
C-20,M+,cen4,SP,MOMENTO_(+)_INICIO_LONG_1,q95,3331.9810976346143,5496,1353.6128812702907
C-20,M+,cen4,SC,MOMENTO_(+)_INICIO_LONG_1,q95,3362.376206930747,7024,1384.0441171856298
C-20,M+,cen4,PR,MOMENTO_(+)_INICIO_LONG_1,q95,3366.023523723443,6849,1403.9438500708852
C-20,M+,cen6,MG,MOMENTO_(+)_FIM_LONG_1,q95,3706.3019165948954,5362,1374.5145007864935
C-20,M+,cen6,MT,MOMENTO_(+)_FIM_LONG_1,q95,3718.6676459767077,4530,1465.171254225915
C-20,M+,cen6,PB,MOMENTO_(+)_INICIO_LONG_1,q95,3017.924001600335,1202,1323.3949960987802
C-20,M+,cen6,RJ,MOMENTO_(+)_INICIO_LONG_1,q95,3368.2111699470443,3516,1329.263394636659
C-20,M+,cen6,SP,MOMENTO_(+)_INICIO_LONG_1,q95,3456.8312053034506,5602,1353.7486949975887
C-20,M+,cen6,SC,MOMENTO_(+)_INICIO_LONG_1,q95,3572.788506217758,7171,1385.3228411672847
C-20,M+,cen6,PR,MOMENTO_(+)_INICIO_LONG_1,q95,3763.3504706003923,7045,1405.8408672345197
C-20,M+,cen8,MG,MOMENTO_(+)_INICIO_LONG_1,q95,3565.9533317485752,5791,1417.2564330700538
C-20,M+,cen8,MT,MOMENTO_(+)_FIM_LONG_1,q95,3551.7316056371096,4691,1477.273983820446
C-20,M+,cen8,PB,MOMENTO_(+)_INICIO_LONG_1,q95,2977.0565704111486,1260,1328.7767169524222
C-20,M+,cen8,RJ,MOMENTO_(+)_INICIO_LONG_1,q95,3401.849957839308,3690,1336.5293647002693
C-20,M+,cen8,SP,MOMENTO_(+)_INICIO_LONG_1,q95,3622.16800769371,5870,1363.0425108949555
C-20,M+,cen8,SC,MOMENTO_(+)_INICIO_LONG_1,q95,3512.5931791578146,7487,1400.3890275842568
C-20,M+,cen8,PR,MOMENTO_(+)_INICIO_LONG_1,q95,3587.1321309287036,7340,1421.1026559494048
C-20,M+,cen2,MG,MOMENTO_(+)_INICIO_LONG_1,frac058,3428.706431786739,4524,1475.1465850526142
C-20,M+,cen2,MT,MOMENTO_(+)_FIM_LONG_1,frac058,3306.885054033868,8405,1423.4366903270632
C-20,M+,cen2,PB,MOMENTO_(+)_INICIO_LONG_1,frac058,3088.0715892487733,1369,1336.223690894025
C-20,M+,cen2,RJ,MOMENTO_(+)_INICIO_LONG_1,frac058,3141.9042300714273,2151,1423.1742873678131
C-20,M+,cen2,SP,MOMENTO_(+)_INICIO_LONG_1,frac058,3306.703908669518,5023,1405.576408188252
C-20,M+,cen2,SC,MOMENTO_(+)_INICIO_LONG_1,frac058,3326.792993138277,7390,1425.494059042879
C-20,M+,cen2,PR,MOMENTO_(+)_INICIO_LONG_1,frac058,3389.385770134448,5449,1487.18628673101
C-20,M+,cen4,MG,MOMENTO_(+)_INICIO_LONG_1,frac058,3340.904076251058,4524,1428.2017269890227
C-20,M+,cen4,MT,MOMENTO_(+)_FIM_LONG_1,frac058,3321.0744118588873,6997,1411.7472005447564
C-20,M+,cen4,PB,MOMENTO_(+)_INICIO_LONG_1,frac058,2881.2516950902973,1852,1280.7094252415673
C-20,M+,cen4,RJ,MOMENTO_(+)_INICIO_LONG_1,frac058,3162.329939461256,1565,1423.1742873678131
C-20,M+,cen4,SP,MOMENTO_(+)_INICIO_LONG_1,frac058,3332.6230900986825,5135,1361.3187751244327
C-20,M+,cen4,SC,MOMENTO_(+)_INICIO_LONG_1,frac058,3391.2426695587,4828,1428.2017269890227
C-20,M+,cen4,PR,MOMENTO_(+)_INICIO_LONG_1,frac058,3365.158620881323,6628,1407.8312565624449
C-20,M+,cen6,MG,MOMENTO_(+)_FIM_LONG_1,frac058,3541.8921339320495,1534,1530.8421910269578
C-20,M+,cen6,MT,MOMENTO_(+)_FIM_LONG_1,frac058,3653.699097562225,2729,1530.2594435537558
C-20,M+,cen6,PB,MOMENTO_(+)_INICIO_LONG_1,frac058,2992.203507511375,1747,1280.7094252415673
C-20,M+,cen6,RJ,MOMENTO_(+)_INICIO_LONG_1,frac058,3209.9378585245868,1629,1423.1742873678131
C-20,M+,cen6,SP,MOMENTO_(+)_INICIO_LONG_1,frac058,3371.688054889788,1357,1536.529037268177
C-20,M+,cen6,SC,MOMENTO_(+)_INICIO_LONG_1,frac058,3466.2077030155842,1597,1591.5589982186339
C-20,M+,cen6,PR,MOMENTO_(+)_INICIO_LONG_1,frac058,3531.884064728895,2058,1569.4154628757833
C-20,M+,cen8,MG,MOMENTO_(+)_INICIO_LONG_1,frac058,3555.2569895989036,4327,1454.5784542416075
C-20,M+,cen8,MT,MOMENTO_(+)_FIM_LONG_1,frac058,3625.2558320307708,7835,1411.7137593771854
C-20,M+,cen8,PB,MOMENTO_(+)_INICIO_LONG_1,frac058,2962.5890756283748,1901,1280.9211086337618
C-20,M+,cen8,RJ,MOMENTO_(+)_INICIO_LONG_1,frac058,3301.1131121262624,1853,1418.6942159648113
C-20,M+,cen8,SP,MOMENTO_(+)_INICIO_LONG_1,frac058,3565.94389517733,1173,1568.4334422118627
C-20,M+,cen8,SC,MOMENTO_(+)_INICIO_LONG_1,frac058,3498.6145018978195,6089,1428.2017269890227
C-20,M+,cen8,PR,MOMENTO_(+)_INICIO_LONG_1,frac058,3570.1311867634213,6434,1437.9123078599193
C-20,V,cen2,MG,CORTANTE_APOIO_CENTRAL_LONG_1,q85,1018.8659179831299,11961,419.49157779655474
C-20,V,cen2,MT,CORTANTE_APOIO_CENTRAL_LONG_1,q85,1053.4517831306807,12204,446.9672935752488
C-20,V,cen2,PB,CORTANTE_APOIO_CENTRAL_LONG_1,q85,930.968817140603,1802,406.10390084705244
C-20,V,cen2,RJ,CORTANTE_APOIO_CENTRAL_LONG_1,q85,995.6758379667574,6211,387.1909261555866
C-20,V,cen2,SP,CORTANTE_APOIO_CENTRAL_LONG_1,q85,1010.9484110438455,10381,399.6620014917637
C-20,V,cen2,SC,CORTANTE_APOIO_CENTRAL_LONG_1,q85,978.7125772546037,14692,412.0635735858842
C-20,V,cen2,PR,CORTANTE_APOIO_CENTRAL_LONG_1,q85,1060.0624614317044,15500,421.93385609245956
C-20,V,cen4,MG,CORTANTE_APOIO_CENTRAL_LONG_1,q85,1009.322189667982,9957,416.49105733974574
C-20,V,cen4,MT,CORTANTE_APOIO_CENTRAL_LONG_1,q85,1060.3775895589658,10300,443.9426366527258
C-20,V,cen4,PB,CORTANTE_APOIO_CENTRAL_LONG_1,q85,860.1694620585736,1515,405.83077940359914
C-20,V,cen4,RJ,CORTANTE_APOIO_CENTRAL_LONG_1,q85,967.6251858499422,5182,384.47636995301997
C-20,V,cen4,SP,CORTANTE_APOIO_CENTRAL_LONG_1,q85,985.0699813566764,8555,396.1439156445558
C-20,V,cen4,SC,CORTANTE_APOIO_CENTRAL_LONG_1,q85,960.2701760391669,12149,407.6063267944508
C-20,V,cen4,PR,CORTANTE_APOIO_CENTRAL_LONG_1,q85,1031.2908786751518,12858,417.26713396620215
C-20,V,cen6,MG,CORTANTE_APOIO_CENTRAL_LONG_1,q85,1148.8606341329985,9902,416.36393108424977
C-20,V,cen6,MT,CORTANTE_APOIO_CENTRAL_LONG_1,q85,1198.1715447496254,10562,442.31675348484856
C-20,V,cen6,PB,CORTANTE_APOIO_CENTRAL_LONG_1,q85,861.9200287160686,1501,403.3517643720651
C-20,V,cen6,RJ,CORTANTE_APOIO_CENTRAL_LONG_1,q85,1004.645792799997,5084,384.40108033638046
C-20,V,cen6,SP,CORTANTE_APOIO_CENTRAL_LONG_1,q85,1035.0809626228097,8431,396.5112814537732
C-20,V,cen6,SC,CORTANTE_APOIO_CENTRAL_LONG_1,q85,1095.739629920432,12030,408.2428433141275
C-20,V,cen6,PR,CORTANTE_APOIO_CENTRAL_LONG_1,q85,1183.7878095763108,12793,417.4629414998714
C-20,V,cen8,MG,CORTANTE_APOIO_CENTRAL_LONG_1,q85,1103.6459261576067,10543,418.1737979050192
C-20,V,cen8,MT,CORTANTE_APOIO_CENTRAL_LONG_1,q85,1202.5335950384629,11068,444.2928115571731
C-20,V,cen8,PB,CORTANTE_APOIO_CENTRAL_LONG_1,q85,878.5168646093441,1588,404.55516672675975
C-20,V,cen8,RJ,CORTANTE_APOIO_CENTRAL_LONG_1,q85,1018.4093378297932,5432,385.4343463567181
C-20,V,cen8,SP,CORTANTE_APOIO_CENTRAL_LONG_1,q85,1108.9104797940568,9048,398.5305092886793
C-20,V,cen8,SC,CORTANTE_APOIO_CENTRAL_LONG_1,q85,1044.7606290180747,12894,410.5714995070593
C-20,V,cen8,PR,CORTANTE_APOIO_CENTRAL_LONG_1,q85,1111.7813763659756,13678,419.8911712260194
C-20,V,cen2,MG,CORTANTE_APOIO_CENTRAL_LONG_1,q90,1025.5108562254645,7974,436.6536949816733
C-20,V,cen2,MT,CORTANTE_APOIO_CENTRAL_LONG_1,q90,1044.5771135660434,8136,462.3823497802095
C-20,V,cen2,PB,CORTANTE_APOIO_CENTRAL_LONG_1,q90,944.0858690629232,1201,423.0204144719639
C-20,V,cen2,RJ,CORTANTE_APOIO_CENTRAL_LONG_1,q90,1005.2209119193657,4141,404.06661629187533
C-20,V,cen2,SP,CORTANTE_APOIO_CENTRAL_LONG_1,q90,1049.9727795251342,6921,419.34556885046555
C-20,V,cen2,SC,CORTANTE_APOIO_CENTRAL_LONG_1,q90,983.0885719112899,9795,430.44342489284213
C-20,V,cen2,PR,CORTANTE_APOIO_CENTRAL_LONG_1,q90,1063.9163071314695,10333,438.7475055295288
C-20,V,cen4,MG,CORTANTE_APOIO_CENTRAL_LONG_1,q90,1019.8468077598886,6638,432.7587268822335
C-20,V,cen4,MT,CORTANTE_APOIO_CENTRAL_LONG_1,q90,1057.3999572310563,6867,458.8273729656109
C-20,V,cen4,PB,CORTANTE_APOIO_CENTRAL_LONG_1,q90,861.2929364609904,1010,422.64317916001164
C-20,V,cen4,RJ,CORTANTE_APOIO_CENTRAL_LONG_1,q90,972.2116285993911,3455,400.93073104900816
C-20,V,cen4,SP,CORTANTE_APOIO_CENTRAL_LONG_1,q90,1029.5944377300125,5703,415.9481639481685
C-20,V,cen4,SC,CORTANTE_APOIO_CENTRAL_LONG_1,q90,971.0132515964134,8100,425.47919663427365
C-20,V,cen4,PR,CORTANTE_APOIO_CENTRAL_LONG_1,q90,1034.6040608595317,8572,432.9567466121949
C-20,V,cen6,MG,CORTANTE_APOIO_CENTRAL_LONG_1,q90,1150.8265250327006,6601,433.23040445337296
C-20,V,cen6,MT,CORTANTE_APOIO_CENTRAL_LONG_1,q90,1183.9029757155704,7042,457.8395988557206
C-20,V,cen6,PB,CORTANTE_APOIO_CENTRAL_LONG_1,q90,860.0083789561324,1001,420.1652057185568
C-20,V,cen6,RJ,CORTANTE_APOIO_CENTRAL_LONG_1,q90,999.5338532302629,3390,401.26317561927937
C-20,V,cen6,SP,CORTANTE_APOIO_CENTRAL_LONG_1,q90,1065.830919044423,5621,417.0104624112605
C-20,V,cen6,SC,CORTANTE_APOIO_CENTRAL_LONG_1,q90,1096.8928109398648,8020,427.0822889634512
C-20,V,cen6,PR,CORTANTE_APOIO_CENTRAL_LONG_1,q90,1173.6628208279167,8529,434.14435210204437
C-20,V,cen8,MG,CORTANTE_APOIO_CENTRAL_LONG_1,q90,1105.9332361165118,7029,435.43381321707506
C-20,V,cen8,MT,CORTANTE_APOIO_CENTRAL_LONG_1,q90,1189.0234495089976,7379,460.2350198400744
C-20,V,cen8,PB,CORTANTE_APOIO_CENTRAL_LONG_1,q90,880.9834022871971,1059,421.57863286214825
C-20,V,cen8,RJ,CORTANTE_APOIO_CENTRAL_LONG_1,q90,1023.0382548294521,3621,402.51472354201155
C-20,V,cen8,SP,CORTANTE_APOIO_CENTRAL_LONG_1,q90,1158.9911823019129,6032,418.46078146366074
C-20,V,cen8,SC,CORTANTE_APOIO_CENTRAL_LONG_1,q90,1045.8371003380523,8596,429.43608500517416
C-20,V,cen8,PR,CORTANTE_APOIO_CENTRAL_LONG_1,q90,1102.6286930450192,9119,436.86415748837214
C-20,V,cen2,MG,CORTANTE_APOIO_CENTRAL_LONG_1,q925,1024.718346943735,5981,447.9980002666361
C-20,V,cen2,MT,CORTANTE_APOIO_CENTRAL_LONG_1,q925,1041.5186143716678,6102,473.5030679678493
C-20,V,cen2,PB,CORTANTE_APOIO_CENTRAL_LONG_1,q925,942.8730908152327,901,433.6913428519181
C-20,V,cen2,RJ,CORTANTE_APOIO_CENTRAL_LONG_1,q925,1011.2736753509157,3106,416.29218847065874
C-20,V,cen2,SP,CORTANTE_APOIO_CENTRAL_LONG_1,q925,1065.8754999669707,5191,431.1576172119545
C-20,V,cen2,SC,CORTANTE_APOIO_CENTRAL_LONG_1,q925,981.3438529987734,7346,441.9398791283191
C-20,V,cen2,PR,CORTANTE_APOIO_CENTRAL_LONG_1,q925,1065.428569616331,7750,449.6484074676818
C-20,V,cen4,MG,CORTANTE_APOIO_CENTRAL_LONG_1,q925,1020.3527728915913,4979,443.4423534178854
C-20,V,cen4,MT,CORTANTE_APOIO_CENTRAL_LONG_1,q925,1055.6584054429195,5150,468.9466089499234
C-20,V,cen4,PB,CORTANTE_APOIO_CENTRAL_LONG_1,q925,851.150928859596,758,433.2125063243889
C-20,V,cen4,RJ,CORTANTE_APOIO_CENTRAL_LONG_1,q925,976.6374327100074,2591,413.2762766942166
C-20,V,cen4,SP,CORTANTE_APOIO_CENTRAL_LONG_1,q925,1046.933268033985,4278,427.7553612133393
C-20,V,cen4,SC,CORTANTE_APOIO_CENTRAL_LONG_1,q925,968.1783281970519,6075,436.41043615857023
C-20,V,cen4,PR,CORTANTE_APOIO_CENTRAL_LONG_1,q925,1031.8814557523815,6429,442.89676680368456
C-20,V,cen6,MG,CORTANTE_APOIO_CENTRAL_LONG_1,q925,1143.3099938918424,4951,444.6680474041631
C-20,V,cen6,MT,CORTANTE_APOIO_CENTRAL_LONG_1,q925,1172.614115830239,5281,468.6766619385155
C-20,V,cen6,PB,CORTANTE_APOIO_CENTRAL_LONG_1,q925,848.5825451935256,751,431.2194559986253
C-20,V,cen6,RJ,CORTANTE_APOIO_CENTRAL_LONG_1,q925,994.5314941297243,2542,414.0299128565834
C-20,V,cen6,SP,CORTANTE_APOIO_CENTRAL_LONG_1,q925,1072.4437328405731,4216,429.5173920289707
C-20,V,cen6,SC,CORTANTE_APOIO_CENTRAL_LONG_1,q925,1086.3884311815154,6015,438.3443844074695
C-20,V,cen6,PR,CORTANTE_APOIO_CENTRAL_LONG_1,q925,1160.4881785499579,6397,444.9602743181527
C-20,V,cen8,MG,CORTANTE_APOIO_CENTRAL_LONG_1,q925,1096.8568848699574,5272,447.0044519567849
C-20,V,cen8,MT,CORTANTE_APOIO_CENTRAL_LONG_1,q925,1175.9969669872853,5534,471.42884542973525
C-20,V,cen8,PB,CORTANTE_APOIO_CENTRAL_LONG_1,q925,871.4375698172357,794,432.8117301175944
C-20,V,cen8,RJ,CORTANTE_APOIO_CENTRAL_LONG_1,q925,1025.1722649722074,2716,415.1617589211721
C-20,V,cen8,SP,CORTANTE_APOIO_CENTRAL_LONG_1,q925,1181.4221181582416,4524,430.60630751682345
C-20,V,cen8,SC,CORTANTE_APOIO_CENTRAL_LONG_1,q925,1036.9342720304169,6447,441.35289128152453
C-20,V,cen8,PR,CORTANTE_APOIO_CENTRAL_LONG_1,q925,1091.706015642047,6839,447.80189330131185
C-20,V,cen2,MG,CORTANTE_APOIO_CENTRAL_LONG_1,q95,1020.5215736834789,3987,463.27181973269467
C-20,V,cen2,MT,CORTANTE_APOIO_CENTRAL_LONG_1,q95,1036.7199358068094,4068,489.2764849254344
C-20,V,cen2,PB,CORTANTE_APOIO_CENTRAL_LONG_1,q95,942.2912408117966,601,446.6827828597692
C-20,V,cen2,RJ,CORTANTE_APOIO_CENTRAL_LONG_1,q95,1008.8591838185689,2071,432.60566251810445
C-20,V,cen2,SP,CORTANTE_APOIO_CENTRAL_LONG_1,q95,1081.5892927892546,3461,445.8380730647609
C-20,V,cen2,SC,CORTANTE_APOIO_CENTRAL_LONG_1,q95,983.7972126101342,4898,457.63805852252057
C-20,V,cen2,PR,CORTANTE_APOIO_CENTRAL_LONG_1,q95,1069.539806605719,5167,465.6662989374132
C-20,V,cen4,MG,CORTANTE_APOIO_CENTRAL_LONG_1,q95,1013.1978096084088,3319,457.9018729433363
C-20,V,cen4,MT,CORTANTE_APOIO_CENTRAL_LONG_1,q95,1053.0191966207626,3434,484.08030714008555
C-20,V,cen4,PB,CORTANTE_APOIO_CENTRAL_LONG_1,q95,833.4992079495369,505,445.42309191742714
C-20,V,cen4,RJ,CORTANTE_APOIO_CENTRAL_LONG_1,q95,971.3129110880234,1728,429.1596024182911
C-20,V,cen4,SP,CORTANTE_APOIO_CENTRAL_LONG_1,q95,1056.180507069464,2852,441.83213739774897
C-20,V,cen4,SC,CORTANTE_APOIO_CENTRAL_LONG_1,q95,960.9869022798424,4050,450.5027375790683
C-20,V,cen4,PR,CORTANTE_APOIO_CENTRAL_LONG_1,q95,1029.0407312897123,4286,457.30578321280666
C-20,V,cen6,MG,CORTANTE_APOIO_CENTRAL_LONG_1,q95,1123.1199367226004,3301,459.8016141923886
C-20,V,cen6,MT,CORTANTE_APOIO_CENTRAL_LONG_1,q95,1156.5176354889313,3521,485.16338897370423
C-20,V,cen6,PB,CORTANTE_APOIO_CENTRAL_LONG_1,q95,827.327682042807,501,443.3976138507977
C-20,V,cen6,RJ,CORTANTE_APOIO_CENTRAL_LONG_1,q95,977.6462890180857,1695,431.1207065924363
C-20,V,cen6,SP,CORTANTE_APOIO_CENTRAL_LONG_1,q95,1069.1381334924406,2811,444.4673067624897
C-20,V,cen6,SC,CORTANTE_APOIO_CENTRAL_LONG_1,q95,1071.2491080825625,4010,453.85639983177816
C-20,V,cen6,PR,CORTANTE_APOIO_CENTRAL_LONG_1,q95,1141.780709821703,4265,461.21668671255213
C-20,V,cen8,MG,CORTANTE_APOIO_CENTRAL_LONG_1,q95,1075.053026551336,3515,462.57243951614623
C-20,V,cen8,MT,CORTANTE_APOIO_CENTRAL_LONG_1,q95,1152.1611226839732,3690,487.73017718157473
C-20,V,cen8,PB,CORTANTE_APOIO_CENTRAL_LONG_1,q95,852.6237866722647,530,444.9730455952236
C-20,V,cen8,RJ,CORTANTE_APOIO_CENTRAL_LONG_1,q95,1016.2083755117478,1811,431.8370804703337
C-20,V,cen8,SP,CORTANTE_APOIO_CENTRAL_LONG_1,q95,1201.2777996310185,3016,445.8390131854023
C-20,V,cen8,SC,CORTANTE_APOIO_CENTRAL_LONG_1,q95,1020.9997774675935,4298,457.24244086043836
C-20,V,cen8,PR,CORTANTE_APOIO_CENTRAL_LONG_1,q95,1074.5196171057069,4560,463.6477358887172
C-20,V,cen2,MG,CORTANTE_APOIO_CENTRAL_LONG_1,frac058,1022.6233030590198,4600,458.1788453207949
C-20,V,cen2,MT,CORTANTE_APOIO_CENTRAL_LONG_1,frac058,1041.4957124581808,6086,473.68699721783037
C-20,V,cen2,PB,CORTANTE_APOIO_CENTRAL_LONG_1,frac058,942.2722736588061,843,435.588605281328
C-20,V,cen2,RJ,CORTANTE_APOIO_CENTRAL_LONG_1,frac058,1011.1738453006826,2481,425.2037654110675
C-20,V,cen2,SP,CORTANTE_APOIO_CENTRAL_LONG_1,frac058,1126.3393767293746,1409,478.06065309383604
C-20,V,cen2,SC,CORTANTE_APOIO_CENTRAL_LONG_1,frac058,991.0748964173331,3001,476.50153880577005
C-20,V,cen2,PR,CORTANTE_APOIO_CENTRAL_LONG_1,frac058,1070.1264619694794,4702,469.4872426318932
C-20,V,cen4,MG,CORTANTE_APOIO_CENTRAL_LONG_1,frac058,1012.7504097743445,3274,458.47846856308485
C-20,V,cen4,MT,CORTANTE_APOIO_CENTRAL_LONG_1,frac058,1055.2445482636288,4543,473.68699721783037
C-20,V,cen4,PB,CORTANTE_APOIO_CENTRAL_LONG_1,frac058,832.7259539307405,2784,375.42804372645645
C-20,V,cen4,RJ,CORTANTE_APOIO_CENTRAL_LONG_1,frac058,973.1473361919161,1914,425.2037654110675
C-20,V,cen4,SP,CORTANTE_APOIO_CENTRAL_LONG_1,frac058,1065.744571086892,1820,456.7086885031235
C-20,V,cen4,SC,CORTANTE_APOIO_CENTRAL_LONG_1,frac058,954.5739224343451,13312,403.2272137178888
C-20,V,cen4,PR,CORTANTE_APOIO_CENTRAL_LONG_1,frac058,1025.480633270924,3052,469.48724323171814
C-20,V,cen6,MG,CORTANTE_APOIO_CENTRAL_LONG_1,frac058,1123.1685206371917,3304,459.7762666993377
C-20,V,cen6,MT,CORTANTE_APOIO_CENTRAL_LONG_1,frac058,1146.3987826867437,2722,495.6689568983436
C-20,V,cen6,PB,CORTANTE_APOIO_CENTRAL_LONG_1,frac058,842.0703414628103,2640,375.42804372645645
C-20,V,cen6,RJ,CORTANTE_APOIO_CENTRAL_LONG_1,frac058,984.1380096308263,1944,425.2037654110675
C-20,V,cen6,SP,CORTANTE_APOIO_CENTRAL_LONG_1,frac058,1066.486463285638,2017,456.7086885031235
C-20,V,cen6,SC,CORTANTE_APOIO_CENTRAL_LONG_1,frac058,1086.2247951876334,5991,438.54736818139185
C-20,V,cen6,PR,CORTANTE_APOIO_CENTRAL_LONG_1,frac058,1115.0581055434614,2541,482.64024344820956
C-20,V,cen8,MG,CORTANTE_APOIO_CENTRAL_LONG_1,frac058,1082.0728978992279,3918,458.47846856308485
C-20,V,cen8,MT,CORTANTE_APOIO_CENTRAL_LONG_1,frac058,1138.7091499171518,3002,495.8610807401637
C-20,V,cen8,PB,CORTANTE_APOIO_CENTRAL_LONG_1,frac058,849.9830597167927,2831,375.42804372645645
C-20,V,cen8,RJ,CORTANTE_APOIO_CENTRAL_LONG_1,frac058,1020.7601829668997,2117,425.2037654110675
C-20,V,cen8,SP,CORTANTE_APOIO_CENTRAL_LONG_1,frac058,1342.6893584224442,254,541.5306289957805
C-20,V,cen8,SC,CORTANTE_APOIO_CENTRAL_LONG_1,frac058,1043.266549511135,7707,434.15292842071494
C-20,V,cen8,PR,CORTANTE_APOIO_CENTRAL_LONG_1,frac058,1068.5044800152978,3950,469.48724323171814
C-20,M-,cen2,MG,MOMENTO_(-)_APOIO_CENTRAL_LONG_1,q85,2725.1950314916826,11649,1170.2370227167107
C-20,M-,cen2,MT,MOMENTO_(-)_APOIO_CENTRAL_LONG_1,q85,2880.465701801232,12028,1288.0155029636487
C-20,M-,cen2,PB,MOMENTO_(-)_APOIO_CENTRAL_LONG_1,q85,2356.1926392639025,1649,1126.2860693772723
C-20,M-,cen2,RJ,MOMENTO_(-)_APOIO_CENTRAL_LONG_1,q85,2448.2471117731193,5782,929.7659064893393
C-20,M-,cen2,SP,MOMENTO_(-)_APOIO_CENTRAL_LONG_1,q85,2355.3446529977336,9944,1013.1228991074078
C-20,M-,cen2,SC,MOMENTO_(-)_APOIO_CENTRAL_LONG_1,q85,2490.6569436361424,14353,1082.934261397555
C-20,M-,cen2,PR,MOMENTO_(-)_APOIO_CENTRAL_LONG_1,q85,2872.9078944134417,15171,1180.9407943958665
C-20,M-,cen4,MG,MOMENTO_(-)_APOIO_CENTRAL_LONG_1,q85,2691.9676570883803,9350,1171.5037438221289
C-20,M-,cen4,MT,MOMENTO_(-)_APOIO_CENTRAL_LONG_1,q85,2894.0736440563514,10039,1279.0849064009003
C-20,M-,cen4,PB,MOMENTO_(-)_APOIO_CENTRAL_LONG_1,q85,2209.8732872362934,1366,1127.04127117395
C-20,M-,cen4,RJ,MOMENTO_(-)_APOIO_CENTRAL_LONG_1,q85,2340.2587900948783,4649,914.2227785326378
C-20,M-,cen4,SP,MOMENTO_(-)_APOIO_CENTRAL_LONG_1,q85,2209.765943120048,7760,1002.0345871814172
C-20,M-,cen4,SC,MOMENTO_(-)_APOIO_CENTRAL_LONG_1,q85,2338.570418958592,11254,1074.4233419612497
C-20,M-,cen4,PR,MOMENTO_(-)_APOIO_CENTRAL_LONG_1,q85,2735.9461229589538,11998,1178.8800781447267
C-20,M-,cen6,MG,MOMENTO_(-)_APOIO_CENTRAL_LONG_1,q85,3134.875771363956,9341,1169.7330686266846
C-20,M-,cen6,MT,MOMENTO_(-)_APOIO_CENTRAL_LONG_1,q85,3447.7720035159027,10372,1273.4313418356426
C-20,M-,cen6,PB,MOMENTO_(-)_APOIO_CENTRAL_LONG_1,q85,2187.677818289333,1358,1109.4271025660762
C-20,M-,cen6,RJ,MOMENTO_(-)_APOIO_CENTRAL_LONG_1,q85,2409.738368904004,4574,919.5701461161239
C-20,M-,cen6,SP,MOMENTO_(-)_APOIO_CENTRAL_LONG_1,q85,2378.0716460477693,7697,1016.7520768809914
C-20,M-,cen6,SC,MOMENTO_(-)_APOIO_CENTRAL_LONG_1,q85,2739.6482489676405,11209,1083.5480717766359
C-20,M-,cen6,PR,MOMENTO_(-)_APOIO_CENTRAL_LONG_1,q85,3129.811584743516,11985,1178.780182865821
C-20,M-,cen8,MG,MOMENTO_(-)_APOIO_CENTRAL_LONG_1,q85,2946.925844847986,10142,1169.5687968917437
C-20,M-,cen8,MT,MOMENTO_(-)_APOIO_CENTRAL_LONG_1,q85,3461.9003803547507,10916,1281.67750720571
C-20,M-,cen8,PB,MOMENTO_(-)_APOIO_CENTRAL_LONG_1,q85,2223.200183855566,1450,1110.9310179173644
C-20,M-,cen8,RJ,MOMENTO_(-)_APOIO_CENTRAL_LONG_1,q85,2426.762340425276,4987,924.6482953806241
C-20,M-,cen8,SP,MOMENTO_(-)_APOIO_CENTRAL_LONG_1,q85,2509.389673957933,8522,1009.698909445251
C-20,M-,cen8,SC,MOMENTO_(-)_APOIO_CENTRAL_LONG_1,q85,2632.976172128756,12357,1083.0329028570668
C-20,M-,cen8,PR,MOMENTO_(-)_APOIO_CENTRAL_LONG_1,q85,3027.4944119086394,13159,1181.534262258379
C-20,M-,cen2,MG,MOMENTO_(-)_APOIO_CENTRAL_LONG_1,q90,2780.0130205690416,7766,1236.7576043852841
C-20,M-,cen2,MT,MOMENTO_(-)_APOIO_CENTRAL_LONG_1,q90,2865.992352683318,8019,1333.7508823472747
C-20,M-,cen2,PB,MOMENTO_(-)_APOIO_CENTRAL_LONG_1,q90,2444.9935712840793,1100,1207.2462276190954
C-20,M-,cen2,RJ,MOMENTO_(-)_APOIO_CENTRAL_LONG_1,q90,2365.578808915109,3855,1003.1182948087384
C-20,M-,cen2,SP,MOMENTO_(-)_APOIO_CENTRAL_LONG_1,q90,2715.97270727625,6630,1148.0562035404637
C-20,M-,cen2,SC,MOMENTO_(-)_APOIO_CENTRAL_LONG_1,q90,2655.2867954675853,9569,1191.7503527540262
C-20,M-,cen2,PR,MOMENTO_(-)_APOIO_CENTRAL_LONG_1,q90,2918.8559550381997,10114,1242.8609674061333
C-20,M-,cen4,MG,MOMENTO_(-)_APOIO_CENTRAL_LONG_1,q90,2772.344902926572,6234,1231.5024797984422
C-20,M-,cen4,MT,MOMENTO_(-)_APOIO_CENTRAL_LONG_1,q90,2894.6013769243973,6693,1320.3953343954886
C-20,M-,cen4,PB,MOMENTO_(-)_APOIO_CENTRAL_LONG_1,q90,2265.3308496954087,911,1206.659392106337
C-20,M-,cen4,RJ,MOMENTO_(-)_APOIO_CENTRAL_LONG_1,q90,2235.0747714399754,3100,983.5606475581917
C-20,M-,cen4,SP,MOMENTO_(-)_APOIO_CENTRAL_LONG_1,q90,2660.3358578771595,5174,1153.3213939635525
C-20,M-,cen4,SC,MOMENTO_(-)_APOIO_CENTRAL_LONG_1,q90,2557.158393090532,7503,1188.864335057799
C-20,M-,cen4,PR,MOMENTO_(-)_APOIO_CENTRAL_LONG_1,q90,2776.3330722648907,7999,1233.7302255742982
C-20,M-,cen6,MG,MOMENTO_(-)_APOIO_CENTRAL_LONG_1,q90,3234.6886643851753,6228,1231.3842732435664
C-20,M-,cen6,MT,MOMENTO_(-)_APOIO_CENTRAL_LONG_1,q90,3438.2429074136244,6915,1316.7404243019193
C-20,M-,cen6,PB,MOMENTO_(-)_APOIO_CENTRAL_LONG_1,q90,2266.10997239049,905,1199.617249478493
C-20,M-,cen6,RJ,MOMENTO_(-)_APOIO_CENTRAL_LONG_1,q90,2374.648710727301,3050,998.2190874008563
C-20,M-,cen6,SP,MOMENTO_(-)_APOIO_CENTRAL_LONG_1,q90,2790.2385546453697,5131,1154.361594160283
C-20,M-,cen6,SC,MOMENTO_(-)_APOIO_CENTRAL_LONG_1,q90,2998.673831858835,7473,1193.133839709389
C-20,M-,cen6,PR,MOMENTO_(-)_APOIO_CENTRAL_LONG_1,q90,3149.9424834640663,7990,1236.2635386585646
C-20,M-,cen8,MG,MOMENTO_(-)_APOIO_CENTRAL_LONG_1,q90,3042.9367830967085,6761,1235.697361041633
C-20,M-,cen8,MT,MOMENTO_(-)_APOIO_CENTRAL_LONG_1,q90,3445.651011099151,7278,1326.4410646792744
C-20,M-,cen8,PB,MOMENTO_(-)_APOIO_CENTRAL_LONG_1,q90,2309.289396058287,967,1201.4131144017724
C-20,M-,cen8,RJ,MOMENTO_(-)_APOIO_CENTRAL_LONG_1,q90,2343.450020161445,3325,997.4103008501876
C-20,M-,cen8,SP,MOMENTO_(-)_APOIO_CENTRAL_LONG_1,q90,3075.018012819033,5681,1150.048625579924
C-20,M-,cen8,SC,MOMENTO_(-)_APOIO_CENTRAL_LONG_1,q90,2885.2981906474724,8238,1195.696132983595
C-20,M-,cen8,PR,MOMENTO_(-)_APOIO_CENTRAL_LONG_1,q90,3085.3576146608084,8773,1242.675506041848
C-20,M-,cen2,MG,MOMENTO_(-)_APOIO_CENTRAL_LONG_1,q925,2798.2555983380644,5825,1271.8360517068816
C-20,M-,cen2,MT,MOMENTO_(-)_APOIO_CENTRAL_LONG_1,q925,2860.7376209748145,6014,1364.8267458064493
C-20,M-,cen2,PB,MOMENTO_(-)_APOIO_CENTRAL_LONG_1,q925,2447.5328033879955,825,1239.3551300747638
C-20,M-,cen2,RJ,MOMENTO_(-)_APOIO_CENTRAL_LONG_1,q925,2543.9869875535205,2891,1084.0613900526257
C-20,M-,cen2,SP,MOMENTO_(-)_APOIO_CENTRAL_LONG_1,q925,2839.188342528696,4972,1207.1138591618342
C-20,M-,cen2,SC,MOMENTO_(-)_APOIO_CENTRAL_LONG_1,q925,2667.434714616272,7177,1236.960129632894
C-20,M-,cen2,PR,MOMENTO_(-)_APOIO_CENTRAL_LONG_1,q925,2937.148148726488,7586,1277.947743458903
C-20,M-,cen4,MG,MOMENTO_(-)_APOIO_CENTRAL_LONG_1,q925,2794.3169154355796,4675,1262.9852512254581
C-20,M-,cen4,MT,MOMENTO_(-)_APOIO_CENTRAL_LONG_1,q925,2889.235599005815,5020,1349.1173248778962
C-20,M-,cen4,PB,MOMENTO_(-)_APOIO_CENTRAL_LONG_1,q925,2242.284808127464,683,1236.7016819404937
C-20,M-,cen4,RJ,MOMENTO_(-)_APOIO_CENTRAL_LONG_1,q925,2460.593163706465,2325,1077.6270094512054
C-20,M-,cen4,SP,MOMENTO_(-)_APOIO_CENTRAL_LONG_1,q925,2789.68330029508,3880,1206.704475622063
C-20,M-,cen4,SC,MOMENTO_(-)_APOIO_CENTRAL_LONG_1,q925,2573.957718995486,5627,1230.577389395185
C-20,M-,cen4,PR,MOMENTO_(-)_APOIO_CENTRAL_LONG_1,q925,2770.1241654038627,5999,1262.9809271680442
C-20,M-,cen6,MG,MOMENTO_(-)_APOIO_CENTRAL_LONG_1,q925,3254.6184902858636,4671,1264.3970005666602
C-20,M-,cen6,MT,MOMENTO_(-)_APOIO_CENTRAL_LONG_1,q925,3418.5002542803213,5186,1347.2585195553509
C-20,M-,cen6,PB,MOMENTO_(-)_APOIO_CENTRAL_LONG_1,q925,2243.2179091587204,679,1230.3408569100302
C-20,M-,cen6,RJ,MOMENTO_(-)_APOIO_CENTRAL_LONG_1,q925,2609.4552849455977,2287,1089.2843811233688
C-20,M-,cen6,SP,MOMENTO_(-)_APOIO_CENTRAL_LONG_1,q925,2892.624713116473,3849,1207.93806980791
C-20,M-,cen6,SC,MOMENTO_(-)_APOIO_CENTRAL_LONG_1,q925,3017.3598346276785,5605,1234.8758810195038
C-20,M-,cen6,PR,MOMENTO_(-)_APOIO_CENTRAL_LONG_1,q925,3118.0038310336836,5993,1266.9675324034645
C-20,M-,cen8,MG,MOMENTO_(-)_APOIO_CENTRAL_LONG_1,q925,3064.9613940927693,5071,1270.788313805828
C-20,M-,cen8,MT,MOMENTO_(-)_APOIO_CENTRAL_LONG_1,q925,3412.9585260497315,5458,1357.6784424576717
C-20,M-,cen8,PB,MOMENTO_(-)_APOIO_CENTRAL_LONG_1,q925,2291.9756109373757,725,1234.4057784347344
C-20,M-,cen8,RJ,MOMENTO_(-)_APOIO_CENTRAL_LONG_1,q925,2549.075440495255,2494,1081.8220265302602
C-20,M-,cen8,SP,MOMENTO_(-)_APOIO_CENTRAL_LONG_1,q925,3286.774056511401,4261,1209.0718580685361
C-20,M-,cen8,SC,MOMENTO_(-)_APOIO_CENTRAL_LONG_1,q925,2920.1336045557937,6179,1239.9129284539729
C-20,M-,cen8,PR,MOMENTO_(-)_APOIO_CENTRAL_LONG_1,q925,3090.273179571691,6580,1276.3902461666642
C-20,M-,cen2,MG,MOMENTO_(-)_APOIO_CENTRAL_LONG_1,q95,2818.011642018375,3883,1321.503589419249
C-20,M-,cen2,MT,MOMENTO_(-)_APOIO_CENTRAL_LONG_1,q95,2855.4727469911622,4010,1410.2549876967087
C-20,M-,cen2,PB,MOMENTO_(-)_APOIO_CENTRAL_LONG_1,q95,2438.944654118812,550,1281.9227826147912
C-20,M-,cen2,RJ,MOMENTO_(-)_APOIO_CENTRAL_LONG_1,q95,2779.09684033212,1928,1194.4625497425166
C-20,M-,cen2,SP,MOMENTO_(-)_APOIO_CENTRAL_LONG_1,q95,2912.1044374548283,3315,1259.3381143556778
C-20,M-,cen2,SC,MOMENTO_(-)_APOIO_CENTRAL_LONG_1,q95,2656.9403774435714,4785,1288.4441699016436
C-20,M-,cen2,PR,MOMENTO_(-)_APOIO_CENTRAL_LONG_1,q95,2972.1014530635507,5057,1326.404606573659
C-20,M-,cen4,MG,MOMENTO_(-)_APOIO_CENTRAL_LONG_1,q95,2810.9505898217503,3117,1305.802367537946
C-20,M-,cen4,MT,MOMENTO_(-)_APOIO_CENTRAL_LONG_1,q95,2874.0310992469294,3347,1389.3018105774863
C-20,M-,cen4,PB,MOMENTO_(-)_APOIO_CENTRAL_LONG_1,q95,2198.136503189957,456,1277.6344197379356
C-20,M-,cen4,RJ,MOMENTO_(-)_APOIO_CENTRAL_LONG_1,q95,2719.326111162217,1550,1193.9946666797955
C-20,M-,cen4,SP,MOMENTO_(-)_APOIO_CENTRAL_LONG_1,q95,2873.7239419883435,2587,1252.7957237599119
C-20,M-,cen4,SC,MOMENTO_(-)_APOIO_CENTRAL_LONG_1,q95,2548.190381521714,3752,1275.1991537444428
C-20,M-,cen4,PR,MOMENTO_(-)_APOIO_CENTRAL_LONG_1,q95,2761.2356323203994,4000,1302.6355558010987
C-20,M-,cen6,MG,MOMENTO_(-)_APOIO_CENTRAL_LONG_1,q95,3251.342783388279,3114,1310.2204937354852
C-20,M-,cen6,MT,MOMENTO_(-)_APOIO_CENTRAL_LONG_1,q95,3373.5837402364073,3458,1390.5217846740782
C-20,M-,cen6,PB,MOMENTO_(-)_APOIO_CENTRAL_LONG_1,q95,2200.7375732735413,453,1271.1156076844406
C-20,M-,cen6,RJ,MOMENTO_(-)_APOIO_CENTRAL_LONG_1,q95,2801.7722744635375,1525,1195.369293389789
C-20,M-,cen6,SP,MOMENTO_(-)_APOIO_CENTRAL_LONG_1,q95,2939.563118773457,2566,1256.2423848686612
C-20,M-,cen6,SC,MOMENTO_(-)_APOIO_CENTRAL_LONG_1,q95,2982.2128083339494,3737,1281.0005978720085
C-20,M-,cen6,PR,MOMENTO_(-)_APOIO_CENTRAL_LONG_1,q95,3069.553942661007,3995,1311.1291913443126
C-20,M-,cen8,MG,MOMENTO_(-)_APOIO_CENTRAL_LONG_1,q95,3065.778796660466,3381,1317.8643020620113
C-20,M-,cen8,MT,MOMENTO_(-)_APOIO_CENTRAL_LONG_1,q95,3341.1943343025605,3639,1401.3079773348784
C-20,M-,cen8,PB,MOMENTO_(-)_APOIO_CENTRAL_LONG_1,q95,2247.3968675215488,484,1276.130245230606
C-20,M-,cen8,RJ,MOMENTO_(-)_APOIO_CENTRAL_LONG_1,q95,2808.218564833135,1663,1195.680704021792
C-20,M-,cen8,SP,MOMENTO_(-)_APOIO_CENTRAL_LONG_1,q95,3426.354440715206,2841,1260.8709632659852
C-20,M-,cen8,SC,MOMENTO_(-)_APOIO_CENTRAL_LONG_1,q95,2908.1251262396936,4119,1288.9454660092556
C-20,M-,cen8,PR,MOMENTO_(-)_APOIO_CENTRAL_LONG_1,q95,3080.897976272975,4387,1322.3776499717387
C-20,M-,cen2,MG,MOMENTO_(-)_APOIO_CENTRAL_LONG_1,frac058,2817.889386641302,3689,1327.3301900660235
C-20,M-,cen2,MT,MOMENTO_(-)_APOIO_CENTRAL_LONG_1,frac058,2864.9993609558596,7769,1336.960491605898
C-20,M-,cen2,PB,MOMENTO_(-)_APOIO_CENTRAL_LONG_1,frac058,2395.7025533584047,1510,1150.372826744021
C-20,M-,cen2,RJ,MOMENTO_(-)_APOIO_CENTRAL_LONG_1,frac058,2805.83988775952,1513,1230.7959036668847
C-20,M-,cen2,SP,MOMENTO_(-)_APOIO_CENTRAL_LONG_1,frac058,2998.7997091502357,1821,1325.3557283584132
C-20,M-,cen2,SC,MOMENTO_(-)_APOIO_CENTRAL_LONG_1,frac058,2656.8015650973443,2741,1353.9407848097312
C-20,M-,cen2,PR,MOMENTO_(-)_APOIO_CENTRAL_LONG_1,frac058,2949.163898800917,6486,1296.939332260576
C-20,M-,cen4,MG,MOMENTO_(-)_APOIO_CENTRAL_LONG_1,frac058,2787.3165096897364,5109,1253.4470613301187
C-20,M-,cen4,MT,MOMENTO_(-)_APOIO_CENTRAL_LONG_1,frac058,2892.2823193987306,5655,1336.960491605898
C-20,M-,cen4,PB,MOMENTO_(-)_APOIO_CENTRAL_LONG_1,frac058,2076.349334637538,1687,1045.9788736097403
C-20,M-,cen4,RJ,MOMENTO_(-)_APOIO_CENTRAL_LONG_1,frac058,2751.14945072876,1187,1230.7959036668847
C-20,M-,cen4,SP,MOMENTO_(-)_APOIO_CENTRAL_LONG_1,frac058,2984.6646993285135,1213,1325.3557283584132
C-20,M-,cen4,SC,MOMENTO_(-)_APOIO_CENTRAL_LONG_1,frac058,2463.296542286117,9648,1130.3173262900111
C-20,M-,cen4,PR,MOMENTO_(-)_APOIO_CENTRAL_LONG_1,frac058,2766.707728368073,5121,1278.6535703651734
C-20,M-,cen6,MG,MOMENTO_(-)_APOIO_CENTRAL_LONG_1,frac058,3177.487892937018,1532,1381.7301828999343
C-20,M-,cen6,MT,MOMENTO_(-)_APOIO_CENTRAL_LONG_1,frac058,3261.0223861061936,1425,1488.850367713193
C-20,M-,cen6,PB,MOMENTO_(-)_APOIO_CENTRAL_LONG_1,frac058,2083.3781233988284,1590,1045.9788736097403
C-20,M-,cen6,RJ,MOMENTO_(-)_APOIO_CENTRAL_LONG_1,frac058,2805.7149872109394,1179,1230.7959036668847
C-20,M-,cen6,SP,MOMENTO_(-)_APOIO_CENTRAL_LONG_1,frac058,2968.3985697541557,1285,1325.3557283584132
C-20,M-,cen6,SC,MOMENTO_(-)_APOIO_CENTRAL_LONG_1,frac058,3018.0086560744967,5849,1229.355560649731
C-20,M-,cen6,PR,MOMENTO_(-)_APOIO_CENTRAL_LONG_1,frac058,3105.375800559124,5366,1278.6535703651734
C-20,M-,cen8,MG,MOMENTO_(-)_APOIO_CENTRAL_LONG_1,frac058,3069.9775390678215,3727,1306.717398317225
C-20,M-,cen8,MT,MOMENTO_(-)_APOIO_CENTRAL_LONG_1,frac058,3415.136988491947,5546,1355.7346280030445
C-20,M-,cen8,PB,MOMENTO_(-)_APOIO_CENTRAL_LONG_1,frac058,2111.4765526388956,1721,1045.9788736097403
C-20,M-,cen8,RJ,MOMENTO_(-)_APOIO_CENTRAL_LONG_1,frac058,2834.085560252621,1297,1230.7959036668847
C-20,M-,cen8,SP,MOMENTO_(-)_APOIO_CENTRAL_LONG_1,frac058,3883.5577598512336,318,1492.1103763198137
C-20,M-,cen8,SC,MOMENTO_(-)_APOIO_CENTRAL_LONG_1,frac058,2917.4793732763424,6515,1232.6933393758563
C-20,M-,cen8,PR,MOMENTO_(-)_APOIO_CENTRAL_LONG_1,frac058,3075.4375317205045,3940,1334.3584882056116
C-30,M+,cen2,MG,MOMENTO_(+)_FIM_LONG_1,q85,6118.7435371867505,14559,2468.156111667272
C-30,M+,cen2,MT,MOMENTO_(+)_FIM_LONG_1,q85,6549.7941341949045,13447,2708.4212817543944
C-30,M+,cen2,PB,MOMENTO_(+)_FIM_LONG_1,q85,5587.604183053441,2585,2330.614651128722
C-30,M+,cen2,RJ,MOMENTO_(+)_INICIO_LONG_1,q85,6103.415530713741,8642,2293.609708804857
C-30,M+,cen2,SP,MOMENTO_(+)_INICIO_LONG_1,q85,5907.857374912023,14181,2359.4356955422754
C-30,M+,cen2,SC,MOMENTO_(+)_INICIO_LONG_1,q85,5981.282684879191,18481,2460.8327895052507
C-30,M+,cen2,PR,MOMENTO_(+)_INICIO_LONG_1,q85,6487.49149495753,18869,2534.114876841688
C-30,M+,cen4,MG,MOMENTO_(+)_INICIO_LONG_1,q85,5997.347074567372,12606,2482.9632865324425
C-30,M+,cen4,MT,MOMENTO_(+)_INICIO_LONG_1,q85,6628.1613987863675,11510,2716.9851376763127
C-30,M+,cen4,PB,MOMENTO_(+)_INICIO_LONG_1,q85,5179.176961609624,2264,2373.241222610257
C-30,M+,cen4,RJ,MOMENTO_(+)_INICIO_LONG_1,q85,5862.360156261787,7266,2277.455004611579
C-30,M+,cen4,SP,MOMENTO_(+)_INICIO_LONG_1,q85,5655.2226011412085,11942,2330.0891955731563
C-30,M+,cen4,SC,MOMENTO_(+)_INICIO_LONG_1,q85,5776.123983087793,15826,2422.4107979662012
C-30,M+,cen4,PR,MOMENTO_(+)_INICIO_LONG_1,q85,6282.955179013354,16128,2493.885160628249
C-30,M+,cen6,MG,MOMENTO_(+)_INICIO_LONG_1,q85,7039.720515061772,12759,2470.0759713264533
C-30,M+,cen6,MT,MOMENTO_(+)_FIM_LONG_1,q85,7631.465158458811,11833,2673.206808898871
C-30,M+,cen6,PB,MOMENTO_(+)_INICIO_LONG_1,q85,5228.545950826545,2282,2353.921276395567
C-30,M+,cen6,RJ,MOMENTO_(+)_INICIO_LONG_1,q85,6228.828522338585,7271,2267.828750310177
C-30,M+,cen6,SP,MOMENTO_(+)_INICIO_LONG_1,q85,6087.817505929326,11900,2323.013230844978
C-30,M+,cen6,SC,MOMENTO_(+)_INICIO_LONG_1,q85,6694.102961231682,15925,2414.3788347201053
C-30,M+,cen6,PR,MOMENTO_(+)_INICIO_LONG_1,q85,7353.441277257464,16285,2484.7221857711716
C-30,M+,cen8,MG,MOMENTO_(+)_FIM_LONG_1,q85,6513.57322272577,12991,2449.260067994787
C-30,M+,cen8,MT,MOMENTO_(+)_INICIO_LONG_1,q85,7699.124752040438,12517,2712.9579156202426
C-30,M+,cen8,PB,MOMENTO_(+)_INICIO_LONG_1,q85,5239.4008394615485,2407,2361.1167794341313
C-30,M+,cen8,RJ,MOMENTO_(+)_INICIO_LONG_1,q85,6229.664101869448,7694,2279.2144677211027
C-30,M+,cen8,SP,MOMENTO_(+)_FIM_LONG_1,q85,6024.924418022434,12089,2288.1996480456164
C-30,M+,cen8,SC,MOMENTO_(+)_INICIO_LONG_1,q85,6520.33752238461,16619,2442.1963276079305
C-30,M+,cen8,PR,MOMENTO_(+)_INICIO_LONG_1,q85,7050.834144671616,17003,2510.7304547782824
C-30,M+,cen2,MG,MOMENTO_(+)_FIM_LONG_1,q90,6299.45805809066,9706,2604.3695423751674
C-30,M+,cen2,MT,MOMENTO_(+)_FIM_LONG_1,q90,6471.001535587184,8965,2803.695260621714
C-30,M+,cen2,PB,MOMENTO_(+)_FIM_LONG_1,q90,5862.464653214172,1723,2465.6441402440687
C-30,M+,cen2,RJ,MOMENTO_(+)_INICIO_LONG_1,q90,6119.813489620594,5761,2402.8550365916644
C-30,M+,cen2,SP,MOMENTO_(+)_INICIO_LONG_1,q90,6026.45116888875,9454,2489.5168455928447
C-30,M+,cen2,SC,MOMENTO_(+)_INICIO_LONG_1,q90,6069.625389420588,12321,2592.019663379322
C-30,M+,cen2,PR,MOMENTO_(+)_INICIO_LONG_1,q90,6606.830900896306,12579,2658.262764426605
C-30,M+,cen4,MG,MOMENTO_(+)_INICIO_LONG_1,q90,6165.963700681327,8404,2606.0533064086385
C-30,M+,cen4,MT,MOMENTO_(+)_INICIO_LONG_1,q90,6651.637657969011,7674,2813.0406623694075
C-30,M+,cen4,PB,MOMENTO_(+)_INICIO_LONG_1,q90,5261.102712367381,1509,2489.0342692717823
C-30,M+,cen4,RJ,MOMENTO_(+)_INICIO_LONG_1,q90,5809.950801867635,4844,2381.5119476079626
C-30,M+,cen4,SP,MOMENTO_(+)_INICIO_LONG_1,q90,5830.679207638036,7961,2454.3132587887703
C-30,M+,cen4,SC,MOMENTO_(+)_INICIO_LONG_1,q90,5929.643890740713,10551,2543.0884979664092
C-30,M+,cen4,PR,MOMENTO_(+)_INICIO_LONG_1,q90,6476.076053081753,10752,2610.5028842208553
C-30,M+,cen6,MG,MOMENTO_(+)_INICIO_LONG_1,q90,7363.120967131483,8506,2597.464304710232
C-30,M+,cen6,MT,MOMENTO_(+)_FIM_LONG_1,q90,7568.107879848234,7889,2770.4072486855384
C-30,M+,cen6,PB,MOMENTO_(+)_INICIO_LONG_1,q90,5280.379515950914,1522,2469.1925802721203
C-30,M+,cen6,RJ,MOMENTO_(+)_INICIO_LONG_1,q90,6220.608469801871,4847,2374.03516641926
C-30,M+,cen6,SP,MOMENTO_(+)_INICIO_LONG_1,q90,6278.114928551493,7934,2453.785042714912
C-30,M+,cen6,SC,MOMENTO_(+)_INICIO_LONG_1,q90,6903.681614018862,10617,2540.7380934697926
C-30,M+,cen6,PR,MOMENTO_(+)_INICIO_LONG_1,q90,7479.683540325453,10857,2607.171021367369
C-30,M+,cen8,MG,MOMENTO_(+)_FIM_LONG_1,q90,6701.871105396502,8661,2585.811004062065
C-30,M+,cen8,MT,MOMENTO_(+)_INICIO_LONG_1,q90,7711.756503055531,8345,2815.913643748962
C-30,M+,cen8,PB,MOMENTO_(+)_INICIO_LONG_1,q90,5334.55353889763,1605,2476.4774949872763
C-30,M+,cen8,RJ,MOMENTO_(+)_INICIO_LONG_1,q90,6204.930334968005,5130,2385.6994999168664
C-30,M+,cen8,SP,MOMENTO_(+)_FIM_LONG_1,q90,6277.516250617628,8060,2426.732678801387
C-30,M+,cen8,SC,MOMENTO_(+)_INICIO_LONG_1,q90,6668.216342733296,11079,2569.880598871052
C-30,M+,cen8,PR,MOMENTO_(+)_INICIO_LONG_1,q90,7208.5255158670125,11336,2637.1858757119708
C-30,M+,cen2,MG,MOMENTO_(+)_FIM_LONG_1,q925,6343.577065810981,7280,2682.4300140854525
C-30,M+,cen2,MT,MOMENTO_(+)_FIM_LONG_1,q925,6432.793462335662,6724,2873.4359426739943
C-30,M+,cen2,PB,MOMENTO_(+)_FIM_LONG_1,q925,6006.001707716721,1293,2549.1605360144977
C-30,M+,cen2,RJ,MOMENTO_(+)_INICIO_LONG_1,q925,6140.724837169773,4321,2477.6588902124477
C-30,M+,cen2,SP,MOMENTO_(+)_INICIO_LONG_1,q925,6106.682930484433,7091,2576.448443022178
C-30,M+,cen2,SC,MOMENTO_(+)_INICIO_LONG_1,q925,6094.555279067268,9241,2675.435162420026
C-30,M+,cen2,PR,MOMENTO_(+)_INICIO_LONG_1,q925,6662.549787238511,9435,2736.836117799715
C-30,M+,cen4,MG,MOMENTO_(+)_INICIO_LONG_1,q925,6225.257209227362,6303,2680.8985020916057
C-30,M+,cen4,MT,MOMENTO_(+)_INICIO_LONG_1,q925,6651.218758976484,5755,2876.1157315695255
C-30,M+,cen4,PB,MOMENTO_(+)_INICIO_LONG_1,q925,5335.430744420031,1132,2572.8392158433717
C-30,M+,cen4,RJ,MOMENTO_(+)_INICIO_LONG_1,q925,5790.289732951482,3633,2452.704991875438
C-30,M+,cen4,SP,MOMENTO_(+)_INICIO_LONG_1,q925,5985.168975039225,5971,2540.773339971608
C-30,M+,cen4,SC,MOMENTO_(+)_INICIO_LONG_1,q925,6014.751120999552,7913,2623.9559434298258
C-30,M+,cen4,PR,MOMENTO_(+)_INICIO_LONG_1,q925,6550.95885127857,8064,2685.1899843821684
C-30,M+,cen6,MG,MOMENTO_(+)_INICIO_LONG_1,q925,7503.501799660335,6380,2677.3590847161317
C-30,M+,cen6,MT,MOMENTO_(+)_FIM_LONG_1,q925,7491.328062819408,5917,2836.400797372356
C-30,M+,cen6,PB,MOMENTO_(+)_INICIO_LONG_1,q925,5346.14519663691,1141,2550.7362141701065
C-30,M+,cen6,RJ,MOMENTO_(+)_INICIO_LONG_1,q925,6234.556989636976,3636,2448.381839551586
C-30,M+,cen6,SP,MOMENTO_(+)_INICIO_LONG_1,q925,6410.992332997402,5950,2543.2325915263386
C-30,M+,cen6,SC,MOMENTO_(+)_INICIO_LONG_1,q925,6983.121578575185,7963,2627.0739746810696
C-30,M+,cen6,PR,MOMENTO_(+)_INICIO_LONG_1,q925,7463.2137394575675,8143,2685.6409553547314
C-30,M+,cen8,MG,MOMENTO_(+)_FIM_LONG_1,q925,6719.2560327112315,6496,2667.641777536376
C-30,M+,cen8,MT,MOMENTO_(+)_INICIO_LONG_1,q925,7698.540913209539,6259,2885.2901244363443
C-30,M+,cen8,PB,MOMENTO_(+)_INICIO_LONG_1,q925,5427.067491552825,1204,2562.3831959981817
C-30,M+,cen8,RJ,MOMENTO_(+)_INICIO_LONG_1,q925,6214.432432154692,3847,2462.537988239705
C-30,M+,cen8,SP,MOMENTO_(+)_FIM_LONG_1,q925,6452.772511073199,6045,2524.4241261723037
C-30,M+,cen8,SC,MOMENTO_(+)_INICIO_LONG_1,q925,6730.771277747832,8310,2653.282838138964
C-30,M+,cen8,PR,MOMENTO_(+)_INICIO_LONG_1,q925,7239.230419131778,8502,2716.8156830035373
C-30,M+,cen2,MG,MOMENTO_(+)_FIM_LONG_1,q95,6375.121856938542,4853,2782.5613252902804
C-30,M+,cen2,MT,MOMENTO_(+)_FIM_LONG_1,q95,6418.921817459229,4483,2971.913885693077
C-30,M+,cen2,PB,MOMENTO_(+)_FIM_LONG_1,q95,6127.7603812874095,862,2648.0445759622103
C-30,M+,cen2,RJ,MOMENTO_(+)_INICIO_LONG_1,q95,6170.659982278225,2881,2586.0846535632513
C-30,M+,cen2,SP,MOMENTO_(+)_INICIO_LONG_1,q95,6156.066963238063,4727,2687.1295288382034
C-30,M+,cen2,SC,MOMENTO_(+)_INICIO_LONG_1,q95,6083.906737177866,6161,2783.4260308896087
C-30,M+,cen2,PR,MOMENTO_(+)_INICIO_LONG_1,q95,6723.848958426228,6290,2841.3561457869905
C-30,M+,cen4,MG,MOMENTO_(+)_INICIO_LONG_1,q95,6233.666674245445,4202,2778.6131363443938
C-30,M+,cen4,MT,MOMENTO_(+)_INICIO_LONG_1,q95,6648.2148507047,3837,2968.1229220813257
C-30,M+,cen4,PB,MOMENTO_(+)_INICIO_LONG_1,q95,5317.004403464517,755,2669.618309000953
C-30,M+,cen4,RJ,MOMENTO_(+)_INICIO_LONG_1,q95,5809.529615861626,2422,2558.3413919921836
C-30,M+,cen4,SP,MOMENTO_(+)_INICIO_LONG_1,q95,6145.6533006412665,3981,2649.5916450751456
C-30,M+,cen4,SC,MOMENTO_(+)_INICIO_LONG_1,q95,6074.6526638502855,5276,2724.763210884645
C-30,M+,cen4,PR,MOMENTO_(+)_INICIO_LONG_1,q95,6589.051053030503,5376,2779.877943802918
C-30,M+,cen6,MG,MOMENTO_(+)_INICIO_LONG_1,q95,7617.977235755737,4253,2779.609969373828
C-30,M+,cen6,MT,MOMENTO_(+)_FIM_LONG_1,q95,7353.471637675928,3945,2929.3280772240546
C-30,M+,cen6,PB,MOMENTO_(+)_INICIO_LONG_1,q95,5339.148896945833,761,2655.524122601739
C-30,M+,cen6,RJ,MOMENTO_(+)_INICIO_LONG_1,q95,6305.220613163351,2424,2556.568583922813
C-30,M+,cen6,SP,MOMENTO_(+)_INICIO_LONG_1,q95,6507.304663555069,3967,2657.3132130158724
C-30,M+,cen6,SC,MOMENTO_(+)_INICIO_LONG_1,q95,6977.794235073414,5309,2733.9270714087093
C-30,M+,cen6,PR,MOMENTO_(+)_INICIO_LONG_1,q95,7348.004048734192,5429,2789.8573511884338
C-30,M+,cen8,MG,MOMENTO_(+)_FIM_LONG_1,q95,6658.511442267143,4331,2768.801343558968
C-30,M+,cen8,MT,MOMENTO_(+)_INICIO_LONG_1,q95,7658.882399211317,4173,2986.212352757293
C-30,M+,cen8,PB,MOMENTO_(+)_INICIO_LONG_1,q95,5443.55958950589,803,2666.287622156454
C-30,M+,cen8,RJ,MOMENTO_(+)_INICIO_LONG_1,q95,6246.177347524012,2565,2573.2988320178433
C-30,M+,cen8,SP,MOMENTO_(+)_FIM_LONG_1,q95,6578.884040401337,4030,2638.0962741142894
C-30,M+,cen8,SC,MOMENTO_(+)_INICIO_LONG_1,q95,6775.526618450231,5540,2761.5721235052665
C-30,M+,cen8,PR,MOMENTO_(+)_INICIO_LONG_1,q95,7204.757322087622,5668,2821.176006060002
C-30,M+,cen2,MG,MOMENTO_(+)_FIM_LONG_1,frac058,6478.685453206634,1980,2994.93336802578
C-30,M+,cen2,MT,MOMENTO_(+)_FIM_LONG_1,frac058,6489.120861709138,2717,3099.4137772495533
C-30,M+,cen2,PB,MOMENTO_(+)_FIM_LONG_1,frac058,6201.360923525813,532,2756.122543245616
C-30,M+,cen2,RJ,MOMENTO_(+)_INICIO_LONG_1,frac058,6162.979965930905,3500,2534.678907388758
C-30,M+,cen2,SP,MOMENTO_(+)_INICIO_LONG_1,frac058,6154.090973504768,4966,2675.885219972571
C-30,M+,cen2,SC,MOMENTO_(+)_INICIO_LONG_1,frac058,6096.81500373736,8513,2696.612904071908
C-30,M+,cen2,PR,MOMENTO_(+)_INICIO_LONG_1,frac058,7345.70309954135,1276,3241.288674937098
C-30,M+,cen4,MG,MOMENTO_(+)_INICIO_LONG_1,frac058,6165.265054323967,2861,2860.906474414814
C-30,M+,cen4,MT,MOMENTO_(+)_INICIO_LONG_1,frac058,6649.948127344967,6268,2857.4242514510056
C-30,M+,cen4,PB,MOMENTO_(+)_INICIO_LONG_1,frac058,5146.071492551873,2763,2309.16451693118
C-30,M+,cen4,RJ,MOMENTO_(+)_INICIO_LONG_1,frac058,5789.023943655089,3428,2468.0954906592224
C-30,M+,cen4,SP,MOMENTO_(+)_INICIO_LONG_1,frac058,6175.193634559189,3569,2675.885219972571
C-30,M+,cen4,SC,MOMENTO_(+)_INICIO_LONG_1,frac058,5891.455740734691,11623,2514.4775765785625
C-30,M+,cen4,PR,MOMENTO_(+)_INICIO_LONG_1,frac058,6584.306979476834,3590,2868.390736178126
C-30,M+,cen6,MG,MOMENTO_(+)_INICIO_LONG_1,frac058,9555.23554901822,254,3507.0425695623267
C-30,M+,cen6,MT,MOMENTO_(+)_FIM_LONG_1,frac058,7375.865677261931,4223,2914.3553134662125
C-30,M+,cen6,PB,MOMENTO_(+)_INICIO_LONG_1,frac058,5208.619208295064,2627,2309.16451693118
C-30,M+,cen6,RJ,MOMENTO_(+)_INICIO_LONG_1,frac058,6271.0389522406595,883,2811.027333049833
C-30,M+,cen6,SP,MOMENTO_(+)_INICIO_LONG_1,frac058,6512.587923880596,3674,2675.885219972571
C-30,M+,cen6,SC,MOMENTO_(+)_INICIO_LONG_1,frac058,6719.65538648877,2101,2954.799379794352
C-30,M+,cen6,PR,MOMENTO_(+)_INICIO_LONG_1,frac058,7207.575476218133,3918,2868.390736178126
C-30,M+,cen8,MG,MOMENTO_(+)_FIM_LONG_1,frac058,6536.583389370931,2686,2880.932617198604
C-30,M+,cen8,MT,MOMENTO_(+)_INICIO_LONG_1,frac058,7521.002485447247,1724,3217.082629230578
C-30,M+,cen8,PB,MOMENTO_(+)_INICIO_LONG_1,frac058,5212.518765664989,2810,2309.16451693118
C-30,M+,cen8,RJ,MOMENTO_(+)_INICIO_LONG_1,frac058,6191.045689617,1372,2737.5696312203117
C-30,M+,cen8,SP,MOMENTO_(+)_FIM_LONG_1,frac058,6629.409877293338,2055,2803.016707842665
C-30,M+,cen8,SC,MOMENTO_(+)_INICIO_LONG_1,frac058,6730.787227366143,3366,2883.6958276307546
C-30,M+,cen8,PR,MOMENTO_(+)_INICIO_LONG_1,frac058,7132.799051117153,3759,2923.5728557892526
C-30,V,cen2,MG,CORTANTE_APOIO_CENTRAL_LONG_1,q85,1219.6888085637638,11137,512.4066481504323
C-30,V,cen2,MT,CORTANTE_APOIO_CENTRAL_LONG_1,q85,1284.3081280969377,11875,552.150761059606
C-30,V,cen2,PB,CORTANTE_APOIO_CENTRAL_LONG_1,q85,1111.1284379754898,1629,494.565550281082
C-30,V,cen2,RJ,CORTANTE_APOIO_CENTRAL_LONG_1,q85,1114.4601095799565,5585,456.42525645994203
C-30,V,cen2,SP,CORTANTE_APOIO_CENTRAL_LONG_1,q85,1125.8752999196274,9312,481.3300595419708
C-30,V,cen2,SC,CORTANTE_APOIO_CENTRAL_LONG_1,q85,1151.5391687573824,13274,500.69084027166167
C-30,V,cen2,PR,CORTANTE_APOIO_CENTRAL_LONG_1,q85,1252.193009264827,14201,518.3823243328657
C-30,V,cen4,MG,CORTANTE_APOIO_CENTRAL_LONG_1,q85,1196.2842684611155,9283,507.08773602027964
C-30,V,cen4,MT,CORTANTE_APOIO_CENTRAL_LONG_1,q85,1276.9019262378893,10040,548.2039755698916
C-30,V,cen4,PB,CORTANTE_APOIO_CENTRAL_LONG_1,q85,998.0850451854403,1372,492.86379010294826
C-30,V,cen4,RJ,CORTANTE_APOIO_CENTRAL_LONG_1,q85,1075.44776318698,4651,452.4469799737319
C-30,V,cen4,SP,CORTANTE_APOIO_CENTRAL_LONG_1,q85,1083.6874835024873,7689,473.5973435478394
C-30,V,cen4,SC,CORTANTE_APOIO_CENTRAL_LONG_1,q85,1109.537538541684,11074,490.94350738652207
C-30,V,cen4,PR,CORTANTE_APOIO_CENTRAL_LONG_1,q85,1238.5368192173614,11858,510.524083265635
C-30,V,cen6,MG,CORTANTE_APOIO_CENTRAL_LONG_1,q85,1423.0260775609597,9188,507.39836635883825
C-30,V,cen6,MT,CORTANTE_APOIO_CENTRAL_LONG_1,q85,1526.9414238370262,10234,546.4490265599428
C-30,V,cen6,PB,CORTANTE_APOIO_CENTRAL_LONG_1,q85,998.4091974303236,1353,489.36534778442604
C-30,V,cen6,RJ,CORTANTE_APOIO_CENTRAL_LONG_1,q85,1152.6449833843965,4541,452.94135502043616
C-30,V,cen6,SP,CORTANTE_APOIO_CENTRAL_LONG_1,q85,1191.6429935986584,7569,475.3907896840772
C-30,V,cen6,SC,CORTANTE_APOIO_CENTRAL_LONG_1,q85,1316.9130787557783,10967,492.54756627539314
C-30,V,cen6,PR,CORTANTE_APOIO_CENTRAL_LONG_1,q85,1469.7616183980879,11780,511.0469293204078
C-30,V,cen8,MG,CORTANTE_APOIO_CENTRAL_LONG_1,q85,1313.2569434162037,9778,510.0913966611448
C-30,V,cen8,MT,CORTANTE_APOIO_CENTRAL_LONG_1,q85,1521.6716807602747,10726,549.5184290367629
C-30,V,cen8,PB,CORTANTE_APOIO_CENTRAL_LONG_1,q85,1006.0461677756115,1434,490.7026146374275
C-30,V,cen8,RJ,CORTANTE_APOIO_CENTRAL_LONG_1,q85,1145.720932736375,4851,454.61637369076345
C-30,V,cen8,SP,CORTANTE_APOIO_CENTRAL_LONG_1,q85,1172.3267217308228,8125,478.03892135300305
C-30,V,cen8,SC,CORTANTE_APOIO_CENTRAL_LONG_1,q85,1246.9043115209943,11679,497.0593194959459
C-30,V,cen8,PR,CORTANTE_APOIO_CENTRAL_LONG_1,q85,1397.4142894253932,12523,515.3347114738145
C-30,V,cen2,MG,CORTANTE_APOIO_CENTRAL_LONG_1,q90,1233.1686617073929,7425,536.0524118080023
C-30,V,cen2,MT,CORTANTE_APOIO_CENTRAL_LONG_1,q90,1276.4198927037964,7917,570.2857154545171
C-30,V,cen2,PB,CORTANTE_APOIO_CENTRAL_LONG_1,q90,1159.6414999681979,1086,521.107500702392
C-30,V,cen2,RJ,CORTANTE_APOIO_CENTRAL_LONG_1,q90,1130.1676459638363,3723,479.5728470368197
C-30,V,cen2,SP,CORTANTE_APOIO_CENTRAL_LONG_1,q90,1180.8430323344196,6208,511.18973909792203
C-30,V,cen2,SC,CORTANTE_APOIO_CENTRAL_LONG_1,q90,1170.3268624916786,8850,526.9984444988028
C-30,V,cen2,PR,CORTANTE_APOIO_CENTRAL_LONG_1,q90,1271.541926582865,9467,540.9496897433253
C-30,V,cen4,MG,CORTANTE_APOIO_CENTRAL_LONG_1,q90,1224.8852702493423,6189,530.5948208380665
C-30,V,cen4,MT,CORTANTE_APOIO_CENTRAL_LONG_1,q90,1270.2824604460325,6694,565.0445033294371
C-30,V,cen4,PB,CORTANTE_APOIO_CENTRAL_LONG_1,q90,1022.2510337854037,915,519.712296848289
C-30,V,cen4,RJ,CORTANTE_APOIO_CENTRAL_LONG_1,q90,1073.3117781578362,3101,473.5094227689111
C-30,V,cen4,SP,CORTANTE_APOIO_CENTRAL_LONG_1,q90,1168.282996022352,5126,504.96570471435916
C-30,V,cen4,SC,CORTANTE_APOIO_CENTRAL_LONG_1,q90,1146.5681514498615,7383,518.4056936838494
C-30,V,cen4,PR,CORTANTE_APOIO_CENTRAL_LONG_1,q90,1269.0117697454295,7905,532.5116115979199
C-30,V,cen6,MG,CORTANTE_APOIO_CENTRAL_LONG_1,q90,1472.880835287561,6126,531.548729986848
C-30,V,cen6,MT,CORTANTE_APOIO_CENTRAL_LONG_1,q90,1505.9512713641675,6823,564.1134264640884
C-30,V,cen6,PB,CORTANTE_APOIO_CENTRAL_LONG_1,q90,1022.8377489820481,902,516.2414769198224
C-30,V,cen6,RJ,CORTANTE_APOIO_CENTRAL_LONG_1,q90,1173.0298867403953,3028,474.7720041053889
C-30,V,cen6,SP,CORTANTE_APOIO_CENTRAL_LONG_1,q90,1283.3233111952793,5046,507.3403213083156
C-30,V,cen6,SC,CORTANTE_APOIO_CENTRAL_LONG_1,q90,1360.0098814639273,7312,520.6441685561864
C-30,V,cen6,PR,CORTANTE_APOIO_CENTRAL_LONG_1,q90,1479.3649242514753,7854,533.933607237974
C-30,V,cen8,MG,CORTANTE_APOIO_CENTRAL_LONG_1,q90,1327.8515557928115,6519,534.2733663514326
C-30,V,cen8,MT,CORTANTE_APOIO_CENTRAL_LONG_1,q90,1506.5401060874678,7151,568.0496361117329
C-30,V,cen8,PB,CORTANTE_APOIO_CENTRAL_LONG_1,q90,1034.9364524748873,956,518.6694344009666
C-30,V,cen8,RJ,CORTANTE_APOIO_CENTRAL_LONG_1,q90,1161.6263023329357,3234,477.64650774101796
C-30,V,cen8,SP,CORTANTE_APOIO_CENTRAL_LONG_1,q90,1244.7730608983752,5417,509.1890336508949
C-30,V,cen8,SC,CORTANTE_APOIO_CENTRAL_LONG_1,q90,1273.240689093343,7786,524.3754130953009
C-30,V,cen8,PR,CORTANTE_APOIO_CENTRAL_LONG_1,q90,1414.6920596458026,8349,538.7282327913581
C-30,V,cen2,MG,CORTANTE_APOIO_CENTRAL_LONG_1,q925,1233.413660036581,5569,549.3851154773942
C-30,V,cen2,MT,CORTANTE_APOIO_CENTRAL_LONG_1,q925,1276.9365131826294,5938,583.7663067871476
C-30,V,cen2,PB,CORTANTE_APOIO_CENTRAL_LONG_1,q925,1170.881268915749,815,534.8614653540469
C-30,V,cen2,RJ,CORTANTE_APOIO_CENTRAL_LONG_1,q925,1155.8712886200453,2793,499.23241335777965
C-30,V,cen2,SP,CORTANTE_APOIO_CENTRAL_LONG_1,q925,1198.9955450915904,4656,528.3528047642748
C-30,V,cen2,SC,CORTANTE_APOIO_CENTRAL_LONG_1,q925,1170.437787440159,6637,541.9309415869072
C-30,V,cen2,PR,CORTANTE_APOIO_CENTRAL_LONG_1,q925,1279.169418454027,7101,555.4298813737463
C-30,V,cen4,MG,CORTANTE_APOIO_CENTRAL_LONG_1,q925,1227.6422683382934,4642,543.5068609452443
C-30,V,cen4,MT,CORTANTE_APOIO_CENTRAL_LONG_1,q925,1270.2293836756098,5020,577.0937419665138
C-30,V,cen4,PB,CORTANTE_APOIO_CENTRAL_LONG_1,q925,1017.3563187203865,686,533.0976200068154
C-30,V,cen4,RJ,CORTANTE_APOIO_CENTRAL_LONG_1,q925,1097.3480242603366,2326,493.6920262289127
C-30,V,cen4,SP,CORTANTE_APOIO_CENTRAL_LONG_1,q925,1207.4966485099035,3845,522.1797386092394
C-30,V,cen4,SC,CORTANTE_APOIO_CENTRAL_LONG_1,q925,1151.0135786027572,5537,533.1275294444048
C-30,V,cen4,PR,CORTANTE_APOIO_CENTRAL_LONG_1,q925,1276.5256726771086,5929,545.5592089851773
C-30,V,cen6,MG,CORTANTE_APOIO_CENTRAL_LONG_1,q925,1490.8534376812754,4594,545.3776099599332
C-30,V,cen6,MT,CORTANTE_APOIO_CENTRAL_LONG_1,q925,1492.2766365874058,5117,577.5927182946824
C-30,V,cen6,PB,CORTANTE_APOIO_CENTRAL_LONG_1,q925,1019.767870428106,677,531.1914785808924
C-30,V,cen6,RJ,CORTANTE_APOIO_CENTRAL_LONG_1,q925,1215.9579521522455,2271,496.0196685152774
C-30,V,cen6,SP,CORTANTE_APOIO_CENTRAL_LONG_1,q925,1320.4870544142861,3785,525.1354326959928
C-30,V,cen6,SC,CORTANTE_APOIO_CENTRAL_LONG_1,q925,1360.7265057990694,5484,536.2111946899719
C-30,V,cen6,PR,CORTANTE_APOIO_CENTRAL_LONG_1,q925,1468.109497055627,5890,548.0078879542278
C-30,V,cen8,MG,CORTANTE_APOIO_CENTRAL_LONG_1,q925,1322.5777000480593,4889,548.3508133124203
C-30,V,cen8,MT,CORTANTE_APOIO_CENTRAL_LONG_1,q925,1494.0254422756013,5363,581.2740507240267
C-30,V,cen8,PB,CORTANTE_APOIO_CENTRAL_LONG_1,q925,1032.9334371471323,717,533.0189756151381
C-30,V,cen8,RJ,CORTANTE_APOIO_CENTRAL_LONG_1,q925,1193.164388089794,2426,497.87123089279356
C-30,V,cen8,SP,CORTANTE_APOIO_CENTRAL_LONG_1,q925,1273.3876280571246,4063,526.5617994259112
C-30,V,cen8,SC,CORTANTE_APOIO_CENTRAL_LONG_1,q925,1271.0373835233788,5840,540.0282339818697
C-30,V,cen8,PR,CORTANTE_APOIO_CENTRAL_LONG_1,q925,1409.0927670754545,6262,553.0883178721145
C-30,V,cen2,MG,CORTANTE_APOIO_CENTRAL_LONG_1,q95,1237.5732737363928,3713,568.6730937932609
C-30,V,cen2,MT,CORTANTE_APOIO_CENTRAL_LONG_1,q95,1283.3732351489307,3959,603.4277732350803
C-30,V,cen2,PB,CORTANTE_APOIO_CENTRAL_LONG_1,q95,1183.87291495181,543,552.4217208262367
C-30,V,cen2,RJ,CORTANTE_APOIO_CENTRAL_LONG_1,q95,1177.5161271273298,1862,523.5515288031897
C-30,V,cen2,SP,CORTANTE_APOIO_CENTRAL_LONG_1,q95,1210.2179589464918,3104,548.2111685718379
C-30,V,cen2,SC,CORTANTE_APOIO_CENTRAL_LONG_1,q95,1170.2809602802336,4425,561.6908917461024
C-30,V,cen2,PR,CORTANTE_APOIO_CENTRAL_LONG_1,q95,1287.8269715144743,4734,574.3833362018605
C-30,V,cen4,MG,CORTANTE_APOIO_CENTRAL_LONG_1,q95,1228.909810025776,3095,560.9499670473662
C-30,V,cen4,MT,CORTANTE_APOIO_CENTRAL_LONG_1,q95,1275.4140122373374,3347,595.1304674981523
C-30,V,cen4,PB,CORTANTE_APOIO_CENTRAL_LONG_1,q95,998.7892206738607,458,550.4292960175918
C-30,V,cen4,RJ,CORTANTE_APOIO_CENTRAL_LONG_1,q95,1115.1841291508838,1551,519.9349958607019
C-30,V,cen4,SP,CORTANTE_APOIO_CENTRAL_LONG_1,q95,1236.224326262972,2563,541.589543277702
C-30,V,cen4,SC,CORTANTE_APOIO_CENTRAL_LONG_1,q95,1145.0117814760665,3692,551.100703150731
C-30,V,cen4,PR,CORTANTE_APOIO_CENTRAL_LONG_1,q95,1280.746715073648,3953,562.8121973406722
C-30,V,cen6,MG,CORTANTE_APOIO_CENTRAL_LONG_1,q95,1516.3336128607993,3063,563.7448855734668
C-30,V,cen6,MT,CORTANTE_APOIO_CENTRAL_LONG_1,q95,1468.5088904714448,3412,596.9734675056952
C-30,V,cen6,PB,CORTANTE_APOIO_CENTRAL_LONG_1,q95,1000.4842488334293,451,548.550116545904
C-30,V,cen6,RJ,CORTANTE_APOIO_CENTRAL_LONG_1,q95,1251.6443652944442,1514,521.5763274065898
C-30,V,cen6,SP,CORTANTE_APOIO_CENTRAL_LONG_1,q95,1345.3434940343727,2523,544.7194852096418
C-30,V,cen6,SC,CORTANTE_APOIO_CENTRAL_LONG_1,q95,1346.5014607635799,3656,555.3259120891388
C-30,V,cen6,PR,CORTANTE_APOIO_CENTRAL_LONG_1,q95,1443.1995365610985,3927,567.0409617343003
C-30,V,cen8,MG,CORTANTE_APOIO_CENTRAL_LONG_1,q95,1307.9836910465237,3260,567.5317373221679
C-30,V,cen8,MT,CORTANTE_APOIO_CENTRAL_LONG_1,q95,1471.2644070239025,3576,600.8169119460218
C-30,V,cen8,PB,CORTANTE_APOIO_CENTRAL_LONG_1,q95,1013.004426091094,478,550.461481299512
C-30,V,cen8,RJ,CORTANTE_APOIO_CENTRAL_LONG_1,q95,1222.4875854519105,1617,523.6209520205366
C-30,V,cen8,SP,CORTANTE_APOIO_CENTRAL_LONG_1,q95,1295.469038005146,2709,546.9587586855482
C-30,V,cen8,SC,CORTANTE_APOIO_CENTRAL_LONG_1,q95,1258.0853835853914,3893,559.4907984033898
C-30,V,cen8,PR,CORTANTE_APOIO_CENTRAL_LONG_1,q95,1392.372356682702,4175,572.3379344643643
C-30,V,cen2,MG,CORTANTE_APOIO_CENTRAL_LONG_1,frac058,1239.5786832556714,3305,573.9961261343109
C-30,V,cen2,MT,CORTANTE_APOIO_CENTRAL_LONG_1,frac058,1296.261413124692,2431,626.4510396498061
C-30,V,cen2,PB,CORTANTE_APOIO_CENTRAL_LONG_1,frac058,1177.7080700514643,642,544.5068587858328
C-30,V,cen2,RJ,CORTANTE_APOIO_CENTRAL_LONG_1,frac058,1162.266288744935,2562,504.82172345580875
C-30,V,cen2,SP,CORTANTE_APOIO_CENTRAL_LONG_1,frac058,1201.5479720676612,4332,532.095409572085
C-30,V,cen2,SC,CORTANTE_APOIO_CENTRAL_LONG_1,frac058,1165.6384406955156,10574,516.1597385214084
C-30,V,cen2,PR,CORTANTE_APOIO_CENTRAL_LONG_1,frac058,1286.8978287504178,4948,572.3025767973857
C-30,V,cen4,MG,CORTANTE_APOIO_CENTRAL_LONG_1,frac058,1230.2643376776023,2284,573.9961261343109
C-30,V,cen4,MT,CORTANTE_APOIO_CENTRAL_LONG_1,frac058,1274.4274025844404,8605,554.7050878715326
C-30,V,cen4,PB,CORTANTE_APOIO_CENTRAL_LONG_1,frac058,957.5847649174436,2743,441.86439154943184
C-30,V,cen4,RJ,CORTANTE_APOIO_CENTRAL_LONG_1,frac058,1077.4822005054627,2938,477.3872504864054
C-30,V,cen4,SP,CORTANTE_APOIO_CENTRAL_LONG_1,frac058,1223.4429692899344,3176,532.095409572085
C-30,V,cen4,SC,CORTANTE_APOIO_CENTRAL_LONG_1,frac058,1134.171981019141,9034,505.90707427644577
C-30,V,cen4,PR,CORTANTE_APOIO_CENTRAL_LONG_1,frac058,1279.6054100053602,4771,554.792785304738
C-30,V,cen6,MG,CORTANTE_APOIO_CENTRAL_LONG_1,frac058,1970.2962192443254,200,702.2750915122482
C-30,V,cen6,MT,CORTANTE_APOIO_CENTRAL_LONG_1,frac058,1492.114987563639,5103,577.7824251071313
C-30,V,cen6,PB,CORTANTE_APOIO_CENTRAL_LONG_1,frac058,963.5323041921929,2603,441.86439154943184
C-30,V,cen6,RJ,CORTANTE_APOIO_CENTRAL_LONG_1,frac058,1275.9906727294397,785,555.0608587638197
C-30,V,cen6,SP,CORTANTE_APOIO_CENTRAL_LONG_1,frac058,1346.3521949032165,2472,545.6442761311707
C-30,V,cen6,SC,CORTANTE_APOIO_CENTRAL_LONG_1,frac058,1333.1065860066483,2785,567.9539971676121
C-30,V,cen6,PR,CORTANTE_APOIO_CENTRAL_LONG_1,frac058,1445.1227827987195,4046,565.3699254369167
C-30,V,cen8,MG,CORTANTE_APOIO_CENTRAL_LONG_1,frac058,1302.3565690405026,2858,573.9961261343109
C-30,V,cen8,MT,CORTANTE_APOIO_CENTRAL_LONG_1,frac058,1428.4661185122418,2058,627.6666654905584
C-30,V,cen8,PB,CORTANTE_APOIO_CENTRAL_LONG_1,frac058,968.1320500880265,2800,441.86439154943184
C-30,V,cen8,RJ,CORTANTE_APOIO_CENTRAL_LONG_1,frac058,1234.349034125792,1184,539.7584652406314
C-30,V,cen8,SP,CORTANTE_APOIO_CENTRAL_LONG_1,frac058,1302.512768619034,2262,555.2255471405842
C-30,V,cen8,SC,CORTANTE_APOIO_CENTRAL_LONG_1,frac058,1255.6758470300306,3663,562.2734489870589
C-30,V,cen8,PR,CORTANTE_APOIO_CENTRAL_LONG_1,frac058,1400.3626126401614,4941,564.2771180022341
C-30,M-,cen2,MG,MOMENTO_(-)_APOIO_CENTRAL_LONG_1,q85,4559.035216038236,7124,1867.2289558366388
C-30,M-,cen2,MT,MOMENTO_(-)_APOIO_CENTRAL_LONG_1,q85,4333.1239701741415,9026,1947.118624680163
C-30,M-,cen2,PB,MOMENTO_(-)_APOIO_CENTRAL_LONG_1,q85,3855.8419200716853,905,1804.9583675190174
C-30,M-,cen2,RJ,MOMENTO_(-)_APOIO_CENTRAL_LONG_1,q85,4184.427872762208,2916,1724.9566147572468
C-30,M-,cen2,SP,MOMENTO_(-)_APOIO_CENTRAL_LONG_1,q85,4640.9220284194125,5252,1817.6181632097066
C-30,M-,cen2,SC,MOMENTO_(-)_APOIO_CENTRAL_LONG_1,q85,4977.879129528628,8590,1852.5561635223712
C-30,M-,cen2,PR,MOMENTO_(-)_APOIO_CENTRAL_LONG_1,q85,4953.753669002916,9626,1894.9162461032493
C-30,M-,cen4,MG,MOMENTO_(-)_APOIO_CENTRAL_LONG_1,q85,4268.206189295635,5424,1826.7591476209402
C-30,M-,cen4,MT,MOMENTO_(-)_APOIO_CENTRAL_LONG_1,q85,4395.850902452993,7381,1903.022327962987
C-30,M-,cen4,PB,MOMENTO_(-)_APOIO_CENTRAL_LONG_1,q85,3329.7651243980335,744,1797.3611404639878
C-30,M-,cen4,RJ,MOMENTO_(-)_APOIO_CENTRAL_LONG_1,q85,3985.0936157982505,2212,1698.7899219021456
C-30,M-,cen4,SP,MOMENTO_(-)_APOIO_CENTRAL_LONG_1,q85,4662.925322295025,3835,1780.716655342337
C-30,M-,cen4,SC,MOMENTO_(-)_APOIO_CENTRAL_LONG_1,q85,4793.956829981448,6356,1794.532095643347
C-30,M-,cen4,PR,MOMENTO_(-)_APOIO_CENTRAL_LONG_1,q85,5038.898144734405,7199,1830.1105019991398
C-30,M-,cen6,MG,MOMENTO_(-)_APOIO_CENTRAL_LONG_1,q85,5145.642001196052,5305,1846.366224712004
C-30,M-,cen6,MT,MOMENTO_(-)_APOIO_CENTRAL_LONG_1,q85,5300.430429433738,7066,1919.1658792765722
C-30,M-,cen6,PB,MOMENTO_(-)_APOIO_CENTRAL_LONG_1,q85,3312.1364032534457,716,1797.1524862254196
C-30,M-,cen6,RJ,MOMENTO_(-)_APOIO_CENTRAL_LONG_1,q85,4408.218648432414,2175,1722.9525732752372
C-30,M-,cen6,SP,MOMENTO_(-)_APOIO_CENTRAL_LONG_1,q85,4977.818078005567,3835,1802.0837631497789
C-30,M-,cen6,SC,MOMENTO_(-)_APOIO_CENTRAL_LONG_1,q85,4978.62967868476,6339,1821.7328416354824
C-30,M-,cen6,PR,MOMENTO_(-)_APOIO_CENTRAL_LONG_1,q85,5246.527288367188,7122,1855.3748351410707
C-30,M-,cen8,MG,MOMENTO_(-)_APOIO_CENTRAL_LONG_1,q85,4873.601759731759,6050,1867.2336876836516
C-30,M-,cen8,MT,MOMENTO_(-)_APOIO_CENTRAL_LONG_1,q85,5576.460607344109,7740,1944.5883508558877
C-30,M-,cen8,PB,MOMENTO_(-)_APOIO_CENTRAL_LONG_1,q85,3539.4304885666143,771,1805.0538537608768
C-30,M-,cen8,RJ,MOMENTO_(-)_APOIO_CENTRAL_LONG_1,q85,4168.736243223624,2475,1724.8002385585446
C-30,M-,cen8,SP,MOMENTO_(-)_APOIO_CENTRAL_LONG_1,q85,4780.815478793136,4438,1810.9877752344305
C-30,M-,cen8,SC,MOMENTO_(-)_APOIO_CENTRAL_LONG_1,q85,4858.165734823567,7306,1842.8188827221147
C-30,M-,cen8,PR,MOMENTO_(-)_APOIO_CENTRAL_LONG_1,q85,5239.770162166053,8163,1883.250831459924
C-30,M-,cen2,MG,MOMENTO_(-)_APOIO_CENTRAL_LONG_1,q90,4627.540483442517,4750,1943.1527083099138
C-30,M-,cen2,MT,MOMENTO_(-)_APOIO_CENTRAL_LONG_1,q90,4411.820978352199,6018,2027.0620984203576
C-30,M-,cen2,PB,MOMENTO_(-)_APOIO_CENTRAL_LONG_1,q90,3867.3659384001076,604,1863.512341000617
C-30,M-,cen2,RJ,MOMENTO_(-)_APOIO_CENTRAL_LONG_1,q90,4179.214170045752,1944,1801.8104504049295
C-30,M-,cen2,SP,MOMENTO_(-)_APOIO_CENTRAL_LONG_1,q90,4748.3644935578295,3501,1892.3767194761942
C-30,M-,cen2,SC,MOMENTO_(-)_APOIO_CENTRAL_LONG_1,q90,5037.3332180651405,5727,1930.2636525484759
C-30,M-,cen2,PR,MOMENTO_(-)_APOIO_CENTRAL_LONG_1,q90,5076.187698899569,6417,1971.963851086003
C-30,M-,cen4,MG,MOMENTO_(-)_APOIO_CENTRAL_LONG_1,q90,4258.338783424984,3616,1887.90926450421
C-30,M-,cen4,MT,MOMENTO_(-)_APOIO_CENTRAL_LONG_1,q90,4381.091252987741,4921,1963.4257998306873
C-30,M-,cen4,PB,MOMENTO_(-)_APOIO_CENTRAL_LONG_1,q90,3252.350042219612,496,1851.6065044169713
C-30,M-,cen4,RJ,MOMENTO_(-)_APOIO_CENTRAL_LONG_1,q90,4027.151261732788,1475,1775.9163241988124
C-30,M-,cen4,SP,MOMENTO_(-)_APOIO_CENTRAL_LONG_1,q90,4770.187635234823,2557,1840.808290910236
C-30,M-,cen4,SC,MOMENTO_(-)_APOIO_CENTRAL_LONG_1,q90,4832.326715347246,4238,1859.5858949439723
C-30,M-,cen4,PR,MOMENTO_(-)_APOIO_CENTRAL_LONG_1,q90,5121.282417961447,4799,1891.1473078880822
C-30,M-,cen6,MG,MOMENTO_(-)_APOIO_CENTRAL_LONG_1,q90,5075.894222729683,3537,1918.1394344717983
C-30,M-,cen6,MT,MOMENTO_(-)_APOIO_CENTRAL_LONG_1,q90,5073.440352988333,4711,1989.5334568535275
C-30,M-,cen6,PB,MOMENTO_(-)_APOIO_CENTRAL_LONG_1,q90,3235.195525572605,477,1852.6952630883704
C-30,M-,cen6,RJ,MOMENTO_(-)_APOIO_CENTRAL_LONG_1,q90,4480.635166869428,1450,1801.9415145064038
C-30,M-,cen6,SP,MOMENTO_(-)_APOIO_CENTRAL_LONG_1,q90,4972.119841285243,2557,1869.6524524394986
C-30,M-,cen6,SC,MOMENTO_(-)_APOIO_CENTRAL_LONG_1,q90,4858.828953940146,4226,1895.0962019236738
C-30,M-,cen6,PR,MOMENTO_(-)_APOIO_CENTRAL_LONG_1,q90,5098.130446759694,4748,1930.2820135254542
C-30,M-,cen8,MG,MOMENTO_(-)_APOIO_CENTRAL_LONG_1,q90,4771.371675395378,4034,1942.7845837789137
C-30,M-,cen8,MT,MOMENTO_(-)_APOIO_CENTRAL_LONG_1,q90,5412.334001174951,5160,2019.4153500135249
C-30,M-,cen8,PB,MOMENTO_(-)_APOIO_CENTRAL_LONG_1,q90,3472.2063533884775,514,1861.761495468962
C-30,M-,cen8,RJ,MOMENTO_(-)_APOIO_CENTRAL_LONG_1,q90,4219.7675601260535,1650,1804.2778470201044
C-30,M-,cen8,SP,MOMENTO_(-)_APOIO_CENTRAL_LONG_1,q90,4819.217137162401,2959,1884.7938662512074
C-30,M-,cen8,SC,MOMENTO_(-)_APOIO_CENTRAL_LONG_1,q90,4780.853887667295,4871,1920.7588532761843
C-30,M-,cen8,PR,MOMENTO_(-)_APOIO_CENTRAL_LONG_1,q90,5141.629671440305,5442,1964.0349517996888
C-30,M-,cen2,MG,MOMENTO_(-)_APOIO_CENTRAL_LONG_1,q925,4675.694345610806,3562,1993.15057717799
C-30,M-,cen2,MT,MOMENTO_(-)_APOIO_CENTRAL_LONG_1,q925,4514.874111098162,4513,2083.8723537848427
C-30,M-,cen2,PB,MOMENTO_(-)_APOIO_CENTRAL_LONG_1,q925,3887.592268337551,453,1906.8034489283662
C-30,M-,cen2,RJ,MOMENTO_(-)_APOIO_CENTRAL_LONG_1,q925,4149.157728370458,1458,1849.7884248333833
C-30,M-,cen2,SP,MOMENTO_(-)_APOIO_CENTRAL_LONG_1,q925,4837.763164627309,2626,1941.8426453541995
C-30,M-,cen2,SC,MOMENTO_(-)_APOIO_CENTRAL_LONG_1,q925,5080.820310177674,4295,1984.528787182634
C-30,M-,cen2,PR,MOMENTO_(-)_APOIO_CENTRAL_LONG_1,q925,5169.001374272373,4813,2026.62298591858
C-30,M-,cen4,MG,MOMENTO_(-)_APOIO_CENTRAL_LONG_1,q925,4242.735096968061,2712,1929.6833396266618
C-30,M-,cen4,MT,MOMENTO_(-)_APOIO_CENTRAL_LONG_1,q925,4379.712079332374,3691,2006.5604150392026
C-30,M-,cen4,PB,MOMENTO_(-)_APOIO_CENTRAL_LONG_1,q925,3198.536488515449,372,1886.8894817789062
C-30,M-,cen4,RJ,MOMENTO_(-)_APOIO_CENTRAL_LONG_1,q925,4024.420984218438,1106,1821.9137543774827
C-30,M-,cen4,SP,MOMENTO_(-)_APOIO_CENTRAL_LONG_1,q925,4834.152427362009,1918,1882.978980218894
C-30,M-,cen4,SC,MOMENTO_(-)_APOIO_CENTRAL_LONG_1,q925,4827.173082012846,3178,1902.4265594284616
C-30,M-,cen4,PR,MOMENTO_(-)_APOIO_CENTRAL_LONG_1,q925,5176.593252645939,3600,1934.2561138132528
C-30,M-,cen6,MG,MOMENTO_(-)_APOIO_CENTRAL_LONG_1,q925,5032.9902458031975,2653,1968.707108257386
C-30,M-,cen6,MT,MOMENTO_(-)_APOIO_CENTRAL_LONG_1,q925,4915.84504666385,3533,2043.073856927399
C-30,M-,cen6,PB,MOMENTO_(-)_APOIO_CENTRAL_LONG_1,q925,3183.1843429238647,358,1892.5318905430063
C-30,M-,cen6,RJ,MOMENTO_(-)_APOIO_CENTRAL_LONG_1,q925,4509.068149873478,1088,1849.9962820245344
C-30,M-,cen6,SP,MOMENTO_(-)_APOIO_CENTRAL_LONG_1,q925,4946.703169251661,1918,1917.355596264138
C-30,M-,cen6,SC,MOMENTO_(-)_APOIO_CENTRAL_LONG_1,q925,4795.868535752362,3170,1949.074401139984
C-30,M-,cen6,PR,MOMENTO_(-)_APOIO_CENTRAL_LONG_1,q925,5004.6302074342275,3561,1988.3515859202073
C-30,M-,cen8,MG,MOMENTO_(-)_APOIO_CENTRAL_LONG_1,q925,4663.523715297057,3025,1993.9417528632825
C-30,M-,cen8,MT,MOMENTO_(-)_APOIO_CENTRAL_LONG_1,q925,5272.370231202557,3870,2072.559831870315
C-30,M-,cen8,PB,MOMENTO_(-)_APOIO_CENTRAL_LONG_1,q925,3420.4770793957646,386,1899.938330204695
C-30,M-,cen8,RJ,MOMENTO_(-)_APOIO_CENTRAL_LONG_1,q925,4228.7046512915185,1238,1859.0199432594536
C-30,M-,cen8,SP,MOMENTO_(-)_APOIO_CENTRAL_LONG_1,q925,4830.45313216925,2219,1935.8522240229245
C-30,M-,cen8,SC,MOMENTO_(-)_APOIO_CENTRAL_LONG_1,q925,4722.7673591532375,3653,1977.0977180734783
C-30,M-,cen8,PR,MOMENTO_(-)_APOIO_CENTRAL_LONG_1,q925,5037.254523837557,4082,2018.4718283382695
C-30,M-,cen2,MG,MOMENTO_(-)_APOIO_CENTRAL_LONG_1,q95,4782.787058738175,2375,2065.2230241265806
C-30,M-,cen2,MT,MOMENTO_(-)_APOIO_CENTRAL_LONG_1,q95,4673.49697046992,3009,2165.178241711426
C-30,M-,cen2,PB,MOMENTO_(-)_APOIO_CENTRAL_LONG_1,q95,3956.6676147007965,302,1968.3559835557455
C-30,M-,cen2,RJ,MOMENTO_(-)_APOIO_CENTRAL_LONG_1,q95,4087.4918221861435,972,1914.8208652770431
C-30,M-,cen2,SP,MOMENTO_(-)_APOIO_CENTRAL_LONG_1,q95,4955.638637816523,1751,2013.2965217302303
C-30,M-,cen2,SC,MOMENTO_(-)_APOIO_CENTRAL_LONG_1,q95,5144.257349246725,2864,2063.7177985654607
C-30,M-,cen2,PR,MOMENTO_(-)_APOIO_CENTRAL_LONG_1,q95,5284.103559848316,3209,2102.9867540868745
C-30,M-,cen4,MG,MOMENTO_(-)_APOIO_CENTRAL_LONG_1,q95,4219.130670843593,1808,1988.6298466134356
C-30,M-,cen4,MT,MOMENTO_(-)_APOIO_CENTRAL_LONG_1,q95,4375.7650608742315,2461,2070.246504458998
C-30,M-,cen4,PB,MOMENTO_(-)_APOIO_CENTRAL_LONG_1,q95,3152.367440226809,248,1939.7327873841393
C-30,M-,cen4,RJ,MOMENTO_(-)_APOIO_CENTRAL_LONG_1,q95,3998.5871220107015,738,1886.23326215881
C-30,M-,cen4,SP,MOMENTO_(-)_APOIO_CENTRAL_LONG_1,q95,4931.705354406868,1279,1939.107247218697
C-30,M-,cen4,SC,MOMENTO_(-)_APOIO_CENTRAL_LONG_1,q95,4833.25085247633,2119,1964.4673582170508
C-30,M-,cen4,PR,MOMENTO_(-)_APOIO_CENTRAL_LONG_1,q95,5238.639171931227,2400,1998.3959639009006
C-30,M-,cen6,MG,MOMENTO_(-)_APOIO_CENTRAL_LONG_1,q95,5021.744547496961,1769,2042.6980502947627
C-30,M-,cen6,MT,MOMENTO_(-)_APOIO_CENTRAL_LONG_1,q95,4701.8960635786425,2356,2126.6516070376765
C-30,M-,cen6,PB,MOMENTO_(-)_APOIO_CENTRAL_LONG_1,q95,3133.5705918466565,239,1948.9696565195698
C-30,M-,cen6,RJ,MOMENTO_(-)_APOIO_CENTRAL_LONG_1,q95,4506.963223628444,725,1915.8406982121544
C-30,M-,cen6,SP,MOMENTO_(-)_APOIO_CENTRAL_LONG_1,q95,4899.0312013632665,1279,1984.0298064414878
C-30,M-,cen6,SC,MOMENTO_(-)_APOIO_CENTRAL_LONG_1,q95,4729.215106546269,2113,2030.289158208789
C-30,M-,cen6,PR,MOMENTO_(-)_APOIO_CENTRAL_LONG_1,q95,4891.7018954751475,2374,2070.5266767061694
C-30,M-,cen8,MG,MOMENTO_(-)_APOIO_CENTRAL_LONG_1,q95,4525.560581432627,2017,2066.73291406737
C-30,M-,cen8,MT,MOMENTO_(-)_APOIO_CENTRAL_LONG_1,q95,5080.980393147442,2580,2152.0281058888477
C-30,M-,cen8,PB,MOMENTO_(-)_APOIO_CENTRAL_LONG_1,q95,3356.896429596238,257,1955.4185095020648
C-30,M-,cen8,RJ,MOMENTO_(-)_APOIO_CENTRAL_LONG_1,q95,4207.371200232709,825,1924.785764714321
C-30,M-,cen8,SP,MOMENTO_(-)_APOIO_CENTRAL_LONG_1,q95,4827.824820500959,1480,2006.0952707607
C-30,M-,cen8,SC,MOMENTO_(-)_APOIO_CENTRAL_LONG_1,q95,4638.126113419465,2436,2054.2046911976495
C-30,M-,cen8,PR,MOMENTO_(-)_APOIO_CENTRAL_LONG_1,q95,4896.482488701238,2721,2095.0630896300795
C-30,M-,cen2,MG,MOMENTO_(-)_APOIO_CENTRAL_LONG_1,frac058,5081.670613440308,768,2260.616464311348
C-30,M-,cen2,MT,MOMENTO_(-)_APOIO_CENTRAL_LONG_1,frac058,4440.957769899129,5468,2046.6051030234057
C-30,M-,cen2,PB,MOMENTO_(-)_APOIO_CENTRAL_LONG_1,frac058,3855.8875754383307,898,1806.7868869397118
C-30,M-,cen2,RJ,MOMENTO_(-)_APOIO_CENTRAL_LONG_1,frac058,4190.406355355643,2690,1742.5915902626718
C-30,M-,cen2,SP,MOMENTO_(-)_APOIO_CENTRAL_LONG_1,frac058,4871.804635802513,2346,1962.5783969560393
C-30,M-,cen2,SC,MOMENTO_(-)_APOIO_CENTRAL_LONG_1,frac058,5109.852098048783,3663,2013.9148003022103
C-30,M-,cen2,PR,MOMENTO_(-)_APOIO_CENTRAL_LONG_1,frac058,5326.723414686295,2487,2147.8049541916894
C-30,M-,cen4,MG,MOMENTO_(-)_APOIO_CENTRAL_LONG_1,frac058,4250.663379449896,3083,1911.5319013490398
C-30,M-,cen4,MT,MOMENTO_(-)_APOIO_CENTRAL_LONG_1,frac058,4394.466107696115,7235,1906.1406236053367
C-30,M-,cen4,PB,MOMENTO_(-)_APOIO_CENTRAL_LONG_1,frac058,3121.680723758162,2656,1495.1644081534039
C-30,M-,cen4,RJ,MOMENTO_(-)_APOIO_CENTRAL_LONG_1,frac058,4015.9531895039363,1789,1742.5915902626718
C-30,M-,cen4,SP,MOMENTO_(-)_APOIO_CENTRAL_LONG_1,frac058,4908.8696311372405,1402,1926.6065949034019
C-30,M-,cen4,SC,MOMENTO_(-)_APOIO_CENTRAL_LONG_1,frac058,4827.949993027813,3312,1896.8353826238447
C-30,M-,cen4,PR,MOMENTO_(-)_APOIO_CENTRAL_LONG_1,frac058,5245.276099565257,1431,2076.986630947581
C-30,M-,cen6,MG,MOMENTO_(-)_APOIO_CENTRAL_LONG_1,frac058,5511.655306893934,423,2346.4220064008546
C-30,M-,cen6,MT,MOMENTO_(-)_APOIO_CENTRAL_LONG_1,frac058,4552.096013914539,1717,2191.374266910694
C-30,M-,cen6,PB,MOMENTO_(-)_APOIO_CENTRAL_LONG_1,frac058,3162.7821923181173,2553,1495.1644081534039
C-30,M-,cen6,RJ,MOMENTO_(-)_APOIO_CENTRAL_LONG_1,frac058,4495.601638740198,1271,1822.2805755101817
C-30,M-,cen6,SP,MOMENTO_(-)_APOIO_CENTRAL_LONG_1,frac058,4941.406837360245,1818,1926.6065949034019
C-30,M-,cen6,SC,MOMENTO_(-)_APOIO_CENTRAL_LONG_1,frac058,4703.514228164485,1272,2144.015802565443
C-30,M-,cen6,PR,MOMENTO_(-)_APOIO_CENTRAL_LONG_1,frac058,4865.068267818722,2041,2105.288198151094
C-30,M-,cen8,MG,MOMENTO_(-)_APOIO_CENTRAL_LONG_1,frac058,4758.944105330162,3890,1950.1933567921187
C-30,M-,cen8,MT,MOMENTO_(-)_APOIO_CENTRAL_LONG_1,frac058,5080.610038959474,2578,2152.1575858753176
C-30,M-,cen8,PB,MOMENTO_(-)_APOIO_CENTRAL_LONG_1,frac058,3289.053937907208,2334,1541.3915939206902
C-30,M-,cen8,RJ,MOMENTO_(-)_APOIO_CENTRAL_LONG_1,frac058,4196.445457255553,2083,1758.8259041942633
C-30,M-,cen8,SP,MOMENTO_(-)_APOIO_CENTRAL_LONG_1,frac058,4832.53824969859,1971,1955.5789327207194
C-30,M-,cen8,SC,MOMENTO_(-)_APOIO_CENTRAL_LONG_1,frac058,4756.127665994229,4258,1946.9009817176309
C-30,M-,cen8,PR,MOMENTO_(-)_APOIO_CENTRAL_LONG_1,frac058,4877.825920550688,2577,2106.590255217797
C-40,M+,cen2,MG,MOMENTO_(+)_INICIO_LONG_1,q85,4631.121256419883,10157,1963.406419121957
C-40,M+,cen2,MT,MOMENTO_(+)_INICIO_LONG_1,q85,4873.737329913176,11348,2103.0436238332586
C-40,M+,cen2,PB,MOMENTO_(+)_INICIO_LONG_1,q85,4347.475836489247,1535,1908.0039589339274
C-40,M+,cen2,RJ,MOMENTO_(+)_INICIO_LONG_1,q85,4270.835019462162,5089,1764.496885295357
C-40,M+,cen2,SP,MOMENTO_(+)_INICIO_LONG_1,q85,4342.160178502077,8279,1858.9293149251575
C-40,M+,cen2,SC,MOMENTO_(+)_INICIO_LONG_1,q85,4404.494488875127,11590,1919.1130076193065
C-40,M+,cen2,PR,MOMENTO_(+)_INICIO_LONG_1,q85,4827.727935457329,12618,1977.1007462392793
C-40,M+,cen4,MG,MOMENTO_(+)_INICIO_LONG_1,q85,4640.909160749514,8781,1958.8231407876608
C-40,M+,cen4,MT,MOMENTO_(+)_INICIO_LONG_1,q85,4883.4835435858395,9701,2100.992152553042
C-40,M+,cen4,PB,MOMENTO_(+)_INICIO_LONG_1,q85,3899.2658520585496,1304,1908.6222729536905
C-40,M+,cen4,RJ,MOMENTO_(+)_INICIO_LONG_1,q85,4148.79247107728,4366,1760.0234056048837
C-40,M+,cen4,SP,MOMENTO_(+)_INICIO_LONG_1,q85,4285.253132519609,7141,1850.745000471539
C-40,M+,cen4,SC,MOMENTO_(+)_INICIO_LONG_1,q85,4333.59925702071,10247,1909.1933636960666
C-40,M+,cen4,PR,MOMENTO_(+)_INICIO_LONG_1,q85,4768.929080538106,11122,1966.6516256683565
C-40,M+,cen6,MG,MOMENTO_(+)_INICIO_LONG_1,q85,4865.283836503787,8346,1965.7795033614907
C-40,M+,cen6,MT,MOMENTO_(+)_INICIO_LONG_1,q85,5122.013726099436,9180,2105.415484038461
C-40,M+,cen6,PB,MOMENTO_(+)_INICIO_LONG_1,q85,3859.4719218500504,1231,1907.311747353313
C-40,M+,cen6,RJ,MOMENTO_(+)_INICIO_LONG_1,q85,4208.874546378991,4155,1763.2233428639784
C-40,M+,cen6,SP,MOMENTO_(+)_INICIO_LONG_1,q85,4415.108529475543,6802,1856.6975824907904
C-40,M+,cen6,SC,MOMENTO_(+)_INICIO_LONG_1,q85,4525.929278781909,9800,1916.8853564429771
C-40,M+,cen6,PR,MOMENTO_(+)_INICIO_LONG_1,q85,4953.148930001342,10608,1971.8105496469748
C-40,M+,cen8,MG,MOMENTO_(+)_INICIO_LONG_1,q85,4817.870431277964,8637,1958.9905436778938
C-40,M+,cen8,MT,MOMENTO_(+)_INICIO_LONG_1,q85,5135.841020121723,9656,2100.850588680428
C-40,M+,cen8,PB,MOMENTO_(+)_INICIO_LONG_1,q85,3900.414134308231,1305,1905.518861042666
C-40,M+,cen8,RJ,MOMENTO_(+)_INICIO_LONG_1,q85,4219.38116012749,4338,1761.5675645463725
C-40,M+,cen8,SP,MOMENTO_(+)_INICIO_LONG_1,q85,4458.771440282028,7023,1856.095715009879
C-40,M+,cen8,SC,MOMENTO_(+)_INICIO_LONG_1,q85,4482.997342117102,9956,1914.0227352893312
C-40,M+,cen8,PR,MOMENTO_(+)_INICIO_LONG_1,q85,4970.534434366657,10813,1968.849780849187
C-40,M+,cen2,MG,MOMENTO_(+)_INICIO_LONG_1,q90,4697.467411472917,6771,2044.99751106258
C-40,M+,cen2,MT,MOMENTO_(+)_INICIO_LONG_1,q90,4840.10524353835,7566,2169.035810247845
C-40,M+,cen2,PB,MOMENTO_(+)_INICIO_LONG_1,q90,4513.2082808591595,1023,1997.1454374984155
C-40,M+,cen2,RJ,MOMENTO_(+)_INICIO_LONG_1,q90,4372.6816748237625,3393,1854.8171121740368
C-40,M+,cen2,SP,MOMENTO_(+)_INICIO_LONG_1,q90,4563.053172343383,5520,1963.476744934139
C-40,M+,cen2,SC,MOMENTO_(+)_INICIO_LONG_1,q90,4507.282815278585,7727,2012.30135358422
C-40,M+,cen2,PR,MOMENTO_(+)_INICIO_LONG_1,q90,4904.928571813462,8412,2054.8677980378675
C-40,M+,cen4,MG,MOMENTO_(+)_INICIO_LONG_1,q90,4709.1156542643175,5854,2040.6606953283322
C-40,M+,cen4,MT,MOMENTO_(+)_INICIO_LONG_1,q90,4855.58507447724,6468,2166.6320733634725
C-40,M+,cen4,PB,MOMENTO_(+)_INICIO_LONG_1,q90,3965.731067672553,869,1999.0313957360834
C-40,M+,cen4,RJ,MOMENTO_(+)_INICIO_LONG_1,q90,4227.782746239926,2911,1850.1481707941614
C-40,M+,cen4,SP,MOMENTO_(+)_INICIO_LONG_1,q90,4519.57536457205,4761,1957.8745334500436
C-40,M+,cen4,SC,MOMENTO_(+)_INICIO_LONG_1,q90,4429.148283171617,6832,2001.8351568521666
C-40,M+,cen4,PR,MOMENTO_(+)_INICIO_LONG_1,q90,4850.862430882926,7415,2044.5835506817464
C-40,M+,cen6,MG,MOMENTO_(+)_INICIO_LONG_1,q90,4907.739154399365,5564,2047.8657571219983
C-40,M+,cen6,MT,MOMENTO_(+)_INICIO_LONG_1,q90,5077.940436858612,6120,2173.5386734139647
C-40,M+,cen6,PB,MOMENTO_(+)_INICIO_LONG_1,q90,3911.2211186760633,821,1996.382120756407
C-40,M+,cen6,RJ,MOMENTO_(+)_INICIO_LONG_1,q90,4335.897689587528,2770,1858.0355623004966
C-40,M+,cen6,SP,MOMENTO_(+)_INICIO_LONG_1,q90,4645.184292581818,4535,1963.2707411632136
C-40,M+,cen6,SC,MOMENTO_(+)_INICIO_LONG_1,q90,4592.922934450007,6533,2010.6471915593788
C-40,M+,cen6,PR,MOMENTO_(+)_INICIO_LONG_1,q90,4966.498816365163,7072,2051.088973694802
C-40,M+,cen8,MG,MOMENTO_(+)_INICIO_LONG_1,q90,4856.613083832212,5758,2042.6186077596635
C-40,M+,cen8,MT,MOMENTO_(+)_INICIO_LONG_1,q90,5057.227816032775,6438,2167.7306053006723
C-40,M+,cen8,PB,MOMENTO_(+)_INICIO_LONG_1,q90,3959.157086077375,870,1998.6181028018127
C-40,M+,cen8,RJ,MOMENTO_(+)_INICIO_LONG_1,q90,4312.501559062543,2892,1854.4464897761675
C-40,M+,cen8,SP,MOMENTO_(+)_INICIO_LONG_1,q90,4674.4101892709605,4682,1959.634642064526
C-40,M+,cen8,SC,MOMENTO_(+)_INICIO_LONG_1,q90,4533.099146672321,6637,2006.7894550697063
C-40,M+,cen8,PR,MOMENTO_(+)_INICIO_LONG_1,q90,5003.830444118374,7209,2048.4823275553113
C-40,M+,cen2,MG,MOMENTO_(+)_INICIO_LONG_1,q925,4702.920945852433,5079,2094.642127445115
C-40,M+,cen2,MT,MOMENTO_(+)_INICIO_LONG_1,q925,4812.07767785373,5674,2214.1317202456294
C-40,M+,cen2,PB,MOMENTO_(+)_INICIO_LONG_1,q925,4561.485819196726,768,2053.341819445382
C-40,M+,cen2,RJ,MOMENTO_(+)_INICIO_LONG_1,q925,4472.139805118191,2545,1930.3668692252409
C-40,M+,cen2,SP,MOMENTO_(+)_INICIO_LONG_1,q925,4646.901437978727,4140,2020.819214777111
C-40,M+,cen2,SC,MOMENTO_(+)_INICIO_LONG_1,q925,4520.990906261792,5795,2065.8264885341937
C-40,M+,cen2,PR,MOMENTO_(+)_INICIO_LONG_1,q925,4928.556745100333,6309,2104.6143925046354
C-40,M+,cen4,MG,MOMENTO_(+)_INICIO_LONG_1,q925,4715.892260431703,4391,2089.532797345677
C-40,M+,cen4,MT,MOMENTO_(+)_INICIO_LONG_1,q925,4839.449795675503,4851,2212.271015018865
C-40,M+,cen4,PB,MOMENTO_(+)_INICIO_LONG_1,q925,3937.4625687041826,652,2055.0589133001517
C-40,M+,cen4,RJ,MOMENTO_(+)_INICIO_LONG_1,q925,4319.74838284362,2183,1926.6824856050487
C-40,M+,cen4,SP,MOMENTO_(+)_INICIO_LONG_1,q925,4597.89189048643,3571,2016.1178605290354
C-40,M+,cen4,SC,MOMENTO_(+)_INICIO_LONG_1,q925,4442.591744343615,5124,2055.0449592930718
C-40,M+,cen4,PR,MOMENTO_(+)_INICIO_LONG_1,q925,4876.356862781304,5561,2093.7701702197755
C-40,M+,cen6,MG,MOMENTO_(+)_INICIO_LONG_1,q925,4897.75872075898,4173,2096.9945131152285
C-40,M+,cen6,MT,MOMENTO_(+)_INICIO_LONG_1,q925,5054.930452479425,4590,2224.377574497259
C-40,M+,cen6,PB,MOMENTO_(+)_INICIO_LONG_1,q925,3882.2072839183384,616,2051.653627199123
C-40,M+,cen6,RJ,MOMENTO_(+)_INICIO_LONG_1,q925,4441.102584533744,2078,1936.1003859868329
C-40,M+,cen6,SP,MOMENTO_(+)_INICIO_LONG_1,q925,4727.267777595676,3401,2022.5431707473567
C-40,M+,cen6,SC,MOMENTO_(+)_INICIO_LONG_1,q925,4593.034288242394,4900,2064.132056715121
C-40,M+,cen6,PR,MOMENTO_(+)_INICIO_LONG_1,q925,4950.049067964224,5304,2102.8463481037497
C-40,M+,cen8,MG,MOMENTO_(+)_INICIO_LONG_1,q925,4843.867696000663,4319,2092.016241796072
C-40,M+,cen8,MT,MOMENTO_(+)_INICIO_LONG_1,q925,5006.534074864037,4828,2215.5344497258056
C-40,M+,cen8,PB,MOMENTO_(+)_INICIO_LONG_1,q925,3927.2790243795407,653,2052.5161476239778
C-40,M+,cen8,RJ,MOMENTO_(+)_INICIO_LONG_1,q925,4397.730088994995,2169,1929.9692369017757
C-40,M+,cen8,SP,MOMENTO_(+)_INICIO_LONG_1,q925,4736.998465670657,3512,2018.6561930902799
C-40,M+,cen8,SC,MOMENTO_(+)_INICIO_LONG_1,q925,4518.223255706111,4978,2060.1847952433345
C-40,M+,cen8,PR,MOMENTO_(+)_INICIO_LONG_1,q925,4995.826566504296,5407,2098.280036509556
C-40,M+,cen2,MG,MOMENTO_(+)_INICIO_LONG_1,q95,4691.466991712743,3386,2160.8701539570657
C-40,M+,cen2,MT,MOMENTO_(+)_INICIO_LONG_1,q95,4792.001993895247,3783,2281.0256141727955
C-40,M+,cen2,PB,MOMENTO_(+)_INICIO_LONG_1,q95,4571.227290724333,512,2112.4802179690428
C-40,M+,cen2,RJ,MOMENTO_(+)_INICIO_LONG_1,q95,4505.44547177397,1697,2016.2756980298957
C-40,M+,cen2,SP,MOMENTO_(+)_INICIO_LONG_1,q95,4696.002784160948,2760,2090.1354344115252
C-40,M+,cen2,SC,MOMENTO_(+)_INICIO_LONG_1,q95,4495.222598767994,3864,2132.0002362652012
C-40,M+,cen2,PR,MOMENTO_(+)_INICIO_LONG_1,q95,4930.063684344399,4206,2171.244397710189
C-40,M+,cen4,MG,MOMENTO_(+)_INICIO_LONG_1,q95,4701.858842263749,2927,2156.6699420416353
C-40,M+,cen4,MT,MOMENTO_(+)_INICIO_LONG_1,q95,4828.847930100797,3234,2280.3812041386864
C-40,M+,cen4,PB,MOMENTO_(+)_INICIO_LONG_1,q95,3843.325775454805,435,2111.898270868939
C-40,M+,cen4,RJ,MOMENTO_(+)_INICIO_LONG_1,q95,4330.838183058231,1456,2015.291456329402
C-40,M+,cen4,SP,MOMENTO_(+)_INICIO_LONG_1,q95,4643.530400134555,2381,2084.1705284850705
C-40,M+,cen4,SC,MOMENTO_(+)_INICIO_LONG_1,q95,4414.597386841979,3416,2123.8097726927394
C-40,M+,cen4,PR,MOMENTO_(+)_INICIO_LONG_1,q95,4894.562937499883,3708,2159.256569719964
C-40,M+,cen6,MG,MOMENTO_(+)_INICIO_LONG_1,q95,4863.557507487598,2782,2166.8834786540865
C-40,M+,cen6,MT,MOMENTO_(+)_INICIO_LONG_1,q95,5021.027407542092,3060,2297.8888574843986
C-40,M+,cen6,PB,MOMENTO_(+)_INICIO_LONG_1,q95,3797.1599317683203,411,2108.190023690445
C-40,M+,cen6,RJ,MOMENTO_(+)_INICIO_LONG_1,q95,4482.009837923302,1385,2020.114514831885
C-40,M+,cen6,SP,MOMENTO_(+)_INICIO_LONG_1,q95,4779.547825718891,2268,2091.9219740942312
C-40,M+,cen6,SC,MOMENTO_(+)_INICIO_LONG_1,q95,4556.661137506777,3267,2135.8818814667507
C-40,M+,cen6,PR,MOMENTO_(+)_INICIO_LONG_1,q95,4908.559383242362,3536,2174.8454585507184
C-40,M+,cen8,MG,MOMENTO_(+)_INICIO_LONG_1,q95,4813.931087575267,2879,2161.902871264041
C-40,M+,cen8,MT,MOMENTO_(+)_INICIO_LONG_1,q95,4941.436122240713,3219,2288.0746857567938
C-40,M+,cen8,PB,MOMENTO_(+)_INICIO_LONG_1,q95,3824.398350514957,435,2111.5152649289103
C-40,M+,cen8,RJ,MOMENTO_(+)_INICIO_LONG_1,q95,4401.221430136388,1446,2018.4678093288521
C-40,M+,cen8,SP,MOMENTO_(+)_INICIO_LONG_1,q95,4755.235346360181,2341,2087.395610320758
C-40,M+,cen8,SC,MOMENTO_(+)_INICIO_LONG_1,q95,4458.789177361665,3319,2131.5027174976085
C-40,M+,cen8,PR,MOMENTO_(+)_INICIO_LONG_1,q95,4966.265221919044,3605,2167.3111695953758
C-40,M+,cen2,MG,MOMENTO_(+)_INICIO_LONG_1,frac058,4689.763457585249,3227,2168.9847404369034
C-40,M+,cen2,MT,MOMENTO_(+)_INICIO_LONG_1,frac058,4865.401154003703,10046,2123.4350805050344
C-40,M+,cen2,PB,MOMENTO_(+)_INICIO_LONG_1,frac058,4562.371469087748,682,2069.87374322926
C-40,M+,cen2,RJ,MOMENTO_(+)_INICIO_LONG_1,frac058,4460.241976533118,2666,1918.319299742782
C-40,M+,cen2,SP,MOMENTO_(+)_INICIO_LONG_1,frac058,4656.587686099231,3945,2030.0368206575827
C-40,M+,cen2,SC,MOMENTO_(+)_INICIO_LONG_1,frac058,4506.056681705014,7823,2009.9351783104357
C-40,M+,cen2,PR,MOMENTO_(+)_INICIO_LONG_1,frac058,4931.536154242626,4478,2160.8989229532667
C-40,M+,cen4,MG,MOMENTO_(+)_INICIO_LONG_1,frac058,4696.516266775727,2715,2168.9847404369034
C-40,M+,cen4,MT,MOMENTO_(+)_INICIO_LONG_1,frac058,4874.938175657127,8461,2123.4350805050344
C-40,M+,cen4,PB,MOMENTO_(+)_INICIO_LONG_1,frac058,3717.0769449436525,2438,1735.9288470384956
C-40,M+,cen4,RJ,MOMENTO_(+)_INICIO_LONG_1,frac058,4273.678949505566,2591,1883.1854077361477
C-40,M+,cen4,SP,MOMENTO_(+)_INICIO_LONG_1,frac058,4611.384782024566,3307,2030.0368206575827
C-40,M+,cen4,SC,MOMENTO_(+)_INICIO_LONG_1,frac058,4328.334845557307,10371,1905.3825686121497
C-40,M+,cen4,PR,MOMENTO_(+)_INICIO_LONG_1,frac058,4895.048170342988,3670,2161.031248267914
C-40,M+,cen6,MG,MOMENTO_(+)_INICIO_LONG_1,frac058,4862.516180171944,2754,2168.9847404369034
C-40,M+,cen6,MT,MOMENTO_(+)_INICIO_LONG_1,frac058,5110.318384209737,8272,2123.4350805050344
C-40,M+,cen6,PB,MOMENTO_(+)_INICIO_LONG_1,frac058,3700.5232374023863,2306,1735.9288470384956
C-40,M+,cen6,RJ,MOMENTO_(+)_INICIO_LONG_1,frac058,4434.7479194887865,2134,1929.5302537648197
C-40,M+,cen6,SP,MOMENTO_(+)_INICIO_LONG_1,frac058,4734.317385584559,3275,2030.0368206575827
C-40,M+,cen6,SC,MOMENTO_(+)_INICIO_LONG_1,frac058,4583.760387510847,7614,1979.4372849283009
C-40,M+,cen6,PR,MOMENTO_(+)_INICIO_LONG_1,frac058,4917.247662462114,3809,2161.031248267914
C-40,M+,cen8,MG,MOMENTO_(+)_INICIO_LONG_1,frac058,4809.665579176233,2776,2168.985860211655
C-40,M+,cen8,MT,MOMENTO_(+)_INICIO_LONG_1,frac058,5125.789879743447,9122,2110.666232876415
C-40,M+,cen8,PB,MOMENTO_(+)_INICIO_LONG_1,frac058,3730.4275079425242,2423,1735.9288470384956
C-40,M+,cen8,RJ,MOMENTO_(+)_INICIO_LONG_1,frac058,4349.680831938952,2618,1883.2901430797754
C-40,M+,cen8,SP,MOMENTO_(+)_INICIO_LONG_1,frac058,4745.319613491219,3198,2036.218429637765
C-40,M+,cen8,SC,MOMENTO_(+)_INICIO_LONG_1,frac058,4508.523203273389,9013,1939.2616943703993
C-40,M+,cen8,PR,MOMENTO_(+)_INICIO_LONG_1,frac058,4969.042010145111,3743,2161.031248267914
C-40,V,cen2,MG,CORTANTE_APOIO_CENTRAL_LONG_1,q85,756.6982235657546,1985,357.822173015981
C-40,V,cen2,MT,CORTANTE_APOIO_CENTRAL_LONG_1,q85,756.6999598717425,4537,358.6245710842123
C-40,V,cen2,PB,CORTANTE_APOIO_CENTRAL_LONG_1,q85,738.7477767230913,249,353.75399459274985
C-40,V,cen2,RJ,CORTANTE_APOIO_CENTRAL_LONG_1,q85,693.1220155915753,411,358.3192630850979
C-40,V,cen2,SP,CORTANTE_APOIO_CENTRAL_LONG_1,q85,738.0652104954354,1077,355.24927655340184
C-40,V,cen2,SC,CORTANTE_APOIO_CENTRAL_LONG_1,q85,708.6414524085794,1874,357.19531713711905
C-40,V,cen2,PR,CORTANTE_APOIO_CENTRAL_LONG_1,q85,780.9144598902146,2674,357.0061115101083
C-40,V,cen4,MG,CORTANTE_APOIO_CENTRAL_LONG_1,q85,759.9512519528505,1698,357.64631677461824
C-40,V,cen4,MT,CORTANTE_APOIO_CENTRAL_LONG_1,q85,758.1913269717975,3864,358.66381562667345
C-40,V,cen4,PB,CORTANTE_APOIO_CENTRAL_LONG_1,q85,573.0818142043269,210,353.1493225644418
C-40,V,cen4,RJ,CORTANTE_APOIO_CENTRAL_LONG_1,q85,646.2815316842484,350,358.470484777236
C-40,V,cen4,SP,CORTANTE_APOIO_CENTRAL_LONG_1,q85,752.3828944035192,913,355.2305908934255
C-40,V,cen4,SC,CORTANTE_APOIO_CENTRAL_LONG_1,q85,685.1817408040926,1600,356.53901958652733
C-40,V,cen4,PR,CORTANTE_APOIO_CENTRAL_LONG_1,q85,776.4493560173988,2283,356.83336267838155
C-40,V,cen6,MG,CORTANTE_APOIO_CENTRAL_LONG_1,q85,763.3070786392386,1632,358.5429243958501
C-40,V,cen6,MT,CORTANTE_APOIO_CENTRAL_LONG_1,q85,753.0276714822014,3672,360.17793007912627
C-40,V,cen6,PB,CORTANTE_APOIO_CENTRAL_LONG_1,q85,572.4146955466247,200,352.4714997789554
C-40,V,cen6,RJ,CORTANTE_APOIO_CENTRAL_LONG_1,q85,652.2796584023147,337,358.2373890994725
C-40,V,cen6,SP,CORTANTE_APOIO_CENTRAL_LONG_1,q85,750.1786245955406,874,356.7097631540087
C-40,V,cen6,SC,CORTANTE_APOIO_CENTRAL_LONG_1,q85,678.4550092655002,1550,357.91846657619107
C-40,V,cen6,PR,CORTANTE_APOIO_CENTRAL_LONG_1,q85,764.1638261197468,2192,358.2850522548946
C-40,V,cen8,MG,CORTANTE_APOIO_CENTRAL_LONG_1,q85,760.6231851579118,1656,358.12876619132805
C-40,V,cen8,MT,CORTANTE_APOIO_CENTRAL_LONG_1,q85,751.1622677515084,3790,359.27486398510837
C-40,V,cen8,PB,CORTANTE_APOIO_CENTRAL_LONG_1,q85,568.272607942894,208,353.54863297513
C-40,V,cen8,RJ,CORTANTE_APOIO_CENTRAL_LONG_1,q85,648.5274236545109,349,358.35007107383177
C-40,V,cen8,SP,CORTANTE_APOIO_CENTRAL_LONG_1,q85,746.4362858648528,893,355.9015941408576
C-40,V,cen8,SC,CORTANTE_APOIO_CENTRAL_LONG_1,q85,697.1956139290321,1558,357.3580396741757
C-40,V,cen8,PR,CORTANTE_APOIO_CENTRAL_LONG_1,q85,773.6738547936461,2206,357.10400791438764
C-40,V,cen2,MG,CORTANTE_APOIO_CENTRAL_LONG_1,q90,755.8075426960911,1324,368.58337666551296
C-40,V,cen2,MT,CORTANTE_APOIO_CENTRAL_LONG_1,q90,757.3029180323392,3025,369.00979860487655
C-40,V,cen2,PB,CORTANTE_APOIO_CENTRAL_LONG_1,q90,748.5527818679348,200,359.6468365091427
C-40,V,cen2,RJ,CORTANTE_APOIO_CENTRAL_LONG_1,q90,697.9565721808281,274,370.4641880439466
C-40,V,cen2,SP,CORTANTE_APOIO_CENTRAL_LONG_1,q90,740.2008192094702,718,364.72918631553466
C-40,V,cen2,SC,CORTANTE_APOIO_CENTRAL_LONG_1,q90,709.9050967138999,1249,368.06595422816787
C-40,V,cen2,PR,CORTANTE_APOIO_CENTRAL_LONG_1,q90,777.3608221788888,1783,367.1092876839491
C-40,V,cen4,MG,CORTANTE_APOIO_CENTRAL_LONG_1,q90,755.501804694934,1132,367.9360439758959
C-40,V,cen4,MT,CORTANTE_APOIO_CENTRAL_LONG_1,q90,756.5632239283862,2576,369.2215495333014
C-40,V,cen4,PB,CORTANTE_APOIO_CENTRAL_LONG_1,q90,571.6604044528365,200,354.6104493971371
C-40,V,cen4,RJ,CORTANTE_APOIO_CENTRAL_LONG_1,q90,645.3946268467473,233,370.0322995734296
C-40,V,cen4,SP,CORTANTE_APOIO_CENTRAL_LONG_1,q90,757.5989015424899,609,364.6193957044536
C-40,V,cen4,SC,CORTANTE_APOIO_CENTRAL_LONG_1,q90,682.343000817973,1067,367.1912445222218
C-40,V,cen4,PR,CORTANTE_APOIO_CENTRAL_LONG_1,q90,770.9428715343163,1522,366.8214625953112
C-40,V,cen6,MG,CORTANTE_APOIO_CENTRAL_LONG_1,q90,756.1123247628284,1088,369.17411443571274
C-40,V,cen6,MT,CORTANTE_APOIO_CENTRAL_LONG_1,q90,754.1766518918668,2448,371.3078521776879
C-40,V,cen6,PB,CORTANTE_APOIO_CENTRAL_LONG_1,q90,572.4146955466247,200,352.4714997789554
C-40,V,cen6,RJ,CORTANTE_APOIO_CENTRAL_LONG_1,q90,649.6661137201913,225,369.8934027092379
C-40,V,cen6,SP,CORTANTE_APOIO_CENTRAL_LONG_1,q90,758.3207588052159,583,365.72633578410955
C-40,V,cen6,SC,CORTANTE_APOIO_CENTRAL_LONG_1,q90,672.297035073791,1033,368.4986053605091
C-40,V,cen6,PR,CORTANTE_APOIO_CENTRAL_LONG_1,q90,759.9363469835054,1461,368.6492174508008
C-40,V,cen8,MG,CORTANTE_APOIO_CENTRAL_LONG_1,q90,756.5300423022717,1104,368.77952441602713
C-40,V,cen8,MT,CORTANTE_APOIO_CENTRAL_LONG_1,q90,747.7370460304561,2527,370.31348141227517
C-40,V,cen8,PB,CORTANTE_APOIO_CENTRAL_LONG_1,q90,567.0370919572119,200,354.6104493971371
C-40,V,cen8,RJ,CORTANTE_APOIO_CENTRAL_LONG_1,q90,643.7870680638439,233,370.91191038607207
C-40,V,cen8,SP,CORTANTE_APOIO_CENTRAL_LONG_1,q90,749.325113965803,596,365.16699331670253
C-40,V,cen8,SC,CORTANTE_APOIO_CENTRAL_LONG_1,q90,695.947771780314,1039,367.89654251251596
C-40,V,cen8,PR,CORTANTE_APOIO_CENTRAL_LONG_1,q90,769.1112275908788,1471,367.6848926092494
C-40,V,cen2,MG,CORTANTE_APOIO_CENTRAL_LONG_1,q925,752.9081766654413,993,375.0226543044879
C-40,V,cen2,MT,CORTANTE_APOIO_CENTRAL_LONG_1,q925,758.6961711222897,2269,376.9077770440688
C-40,V,cen2,PB,CORTANTE_APOIO_CENTRAL_LONG_1,q925,748.5527818679348,200,359.6468365091427
C-40,V,cen2,RJ,CORTANTE_APOIO_CENTRAL_LONG_1,q925,695.0194899556128,206,379.87310780366704
C-40,V,cen2,SP,CORTANTE_APOIO_CENTRAL_LONG_1,q925,742.5209131136014,539,372.51116908318915
C-40,V,cen2,SC,CORTANTE_APOIO_CENTRAL_LONG_1,q925,709.247434185403,937,374.6700153817375
C-40,V,cen2,PR,CORTANTE_APOIO_CENTRAL_LONG_1,q925,773.3115589389112,1337,374.15170522048174
C-40,V,cen4,MG,CORTANTE_APOIO_CENTRAL_LONG_1,q925,751.1968837609297,849,374.44687825311826
C-40,V,cen4,MT,CORTANTE_APOIO_CENTRAL_LONG_1,q925,754.4329542091679,1932,376.8380402945251
C-40,V,cen4,PB,CORTANTE_APOIO_CENTRAL_LONG_1,q925,571.6604044528365,200,354.6104493971371
C-40,V,cen4,RJ,CORTANTE_APOIO_CENTRAL_LONG_1,q925,642.4374603800994,200,375.4429796745464
C-40,V,cen4,SP,CORTANTE_APOIO_CENTRAL_LONG_1,q925,762.2964054904245,457,371.59170659021504
C-40,V,cen4,SC,CORTANTE_APOIO_CENTRAL_LONG_1,q925,678.8246508815951,800,374.04372233695256
C-40,V,cen4,PR,CORTANTE_APOIO_CENTRAL_LONG_1,q925,764.71468101996,1142,373.2840286340212
C-40,V,cen6,MG,CORTANTE_APOIO_CENTRAL_LONG_1,q925,749.793976353415,816,375.9486963996391
C-40,V,cen6,MT,CORTANTE_APOIO_CENTRAL_LONG_1,q925,753.5272975040584,1836,379.17825670489395
C-40,V,cen6,PB,CORTANTE_APOIO_CENTRAL_LONG_1,q925,572.4146955466247,200,352.4714997789554
C-40,V,cen6,RJ,CORTANTE_APOIO_CENTRAL_LONG_1,q925,646.7297705630166,200,373.6051263363177
C-40,V,cen6,SP,CORTANTE_APOIO_CENTRAL_LONG_1,q925,765.027349302082,437,372.67313952954413
C-40,V,cen6,SC,CORTANTE_APOIO_CENTRAL_LONG_1,q925,668.9207021483375,775,375.48138910319693
C-40,V,cen6,PR,CORTANTE_APOIO_CENTRAL_LONG_1,q925,757.6522139346491,1096,375.80968774854205
C-40,V,cen8,MG,CORTANTE_APOIO_CENTRAL_LONG_1,q925,755.0303600055322,828,375.6574782050838
C-40,V,cen8,MT,CORTANTE_APOIO_CENTRAL_LONG_1,q925,744.2329332530799,1895,378.01895743930214
C-40,V,cen8,PB,CORTANTE_APOIO_CENTRAL_LONG_1,q925,567.0370919572119,200,354.6104493971371
C-40,V,cen8,RJ,CORTANTE_APOIO_CENTRAL_LONG_1,q925,638.5818720042018,200,375.53912292796167
C-40,V,cen8,SP,CORTANTE_APOIO_CENTRAL_LONG_1,q925,754.3270642535259,447,372.67153608374156
C-40,V,cen8,SC,CORTANTE_APOIO_CENTRAL_LONG_1,q925,696.1205779365708,779,375.10237121844415
C-40,V,cen8,PR,CORTANTE_APOIO_CENTRAL_LONG_1,q925,764.6213332388721,1103,374.36313216915306
C-40,V,cen2,MG,CORTANTE_APOIO_CENTRAL_LONG_1,q95,752.9601794893108,662,385.0636465987313
C-40,V,cen2,MT,CORTANTE_APOIO_CENTRAL_LONG_1,q95,756.6310318962928,1513,387.7885131353668
C-40,V,cen2,PB,CORTANTE_APOIO_CENTRAL_LONG_1,q95,748.5527818679348,200,359.6468365091427
C-40,V,cen2,RJ,CORTANTE_APOIO_CENTRAL_LONG_1,q95,694.1720490657553,200,380.2334847120109
C-40,V,cen2,SP,CORTANTE_APOIO_CENTRAL_LONG_1,q95,739.2439567206404,359,383.50770161816945
C-40,V,cen2,SC,CORTANTE_APOIO_CENTRAL_LONG_1,q95,714.0127872569951,625,385.6972562701808
C-40,V,cen2,PR,CORTANTE_APOIO_CENTRAL_LONG_1,q95,767.160663211271,892,384.56573351624183
C-40,V,cen4,MG,CORTANTE_APOIO_CENTRAL_LONG_1,q95,749.9616039876585,566,384.5644597905267
C-40,V,cen4,MT,CORTANTE_APOIO_CENTRAL_LONG_1,q95,748.9364568755743,1288,387.436394503343
C-40,V,cen4,PB,CORTANTE_APOIO_CENTRAL_LONG_1,q95,571.6604044528365,200,354.6104493971371
C-40,V,cen4,RJ,CORTANTE_APOIO_CENTRAL_LONG_1,q95,642.4374603800994,200,375.4429796745464
C-40,V,cen4,SP,CORTANTE_APOIO_CENTRAL_LONG_1,q95,763.5262493141342,305,383.02304397858234
C-40,V,cen4,SC,CORTANTE_APOIO_CENTRAL_LONG_1,q95,679.5276371145601,534,384.7986711419038
C-40,V,cen4,PR,CORTANTE_APOIO_CENTRAL_LONG_1,q95,760.3487048661234,761,383.71065557371395
C-40,V,cen6,MG,CORTANTE_APOIO_CENTRAL_LONG_1,q95,746.456000876444,544,385.7364724249474
C-40,V,cen6,MT,CORTANTE_APOIO_CENTRAL_LONG_1,q95,748.3076364665457,1224,389.9898264243131
C-40,V,cen6,PB,CORTANTE_APOIO_CENTRAL_LONG_1,q95,572.4146955466247,200,352.4714997789554
C-40,V,cen6,RJ,CORTANTE_APOIO_CENTRAL_LONG_1,q95,646.7297705630166,200,373.6051263363177
C-40,V,cen6,SP,CORTANTE_APOIO_CENTRAL_LONG_1,q95,765.9794868247648,292,383.9581900755201
C-40,V,cen6,SC,CORTANTE_APOIO_CENTRAL_LONG_1,q95,669.812353765089,517,386.6002255534692
C-40,V,cen6,PR,CORTANTE_APOIO_CENTRAL_LONG_1,q95,757.2119902467471,731,387.1652456056611
C-40,V,cen8,MG,CORTANTE_APOIO_CENTRAL_LONG_1,q95,755.6984898839651,552,386.3637703973995
C-40,V,cen8,MT,CORTANTE_APOIO_CENTRAL_LONG_1,q95,738.008359690527,1264,389.30022794998985
C-40,V,cen8,PB,CORTANTE_APOIO_CENTRAL_LONG_1,q95,567.0370919572119,200,354.6104493971371
C-40,V,cen8,RJ,CORTANTE_APOIO_CENTRAL_LONG_1,q95,638.5818720042018,200,375.53912292796167
C-40,V,cen8,SP,CORTANTE_APOIO_CENTRAL_LONG_1,q95,753.0053181053004,298,383.8049399824072
C-40,V,cen8,SC,CORTANTE_APOIO_CENTRAL_LONG_1,q95,700.1333587020857,520,385.73417489706645
C-40,V,cen8,PR,CORTANTE_APOIO_CENTRAL_LONG_1,q95,760.492803277954,736,385.01322102951707
C-40,V,cen2,MG,CORTANTE_APOIO_CENTRAL_LONG_1,frac058,753.6985979664331,2773,348.9453985170307
C-40,V,cen2,MT,CORTANTE_APOIO_CENTRAL_LONG_1,frac058,765.8663588690729,11994,334.49501723560076
C-40,V,cen2,PB,CORTANTE_APOIO_CENTRAL_LONG_1,frac058,727.4112002197273,686,330.14489336004607
C-40,V,cen2,RJ,CORTANTE_APOIO_CENTRAL_LONG_1,frac058,694.4007209897018,2432,305.67668139723924
C-40,V,cen2,SP,CORTANTE_APOIO_CENTRAL_LONG_1,frac058,732.0579767488907,3900,323.6309870161689
C-40,V,cen2,SC,CORTANTE_APOIO_CENTRAL_LONG_1,frac058,709.8746776166499,8580,316.52135195675334
C-40,V,cen2,PR,CORTANTE_APOIO_CENTRAL_LONG_1,frac058,781.6789819297393,5936,336.9389280194598
C-40,V,cen4,MG,CORTANTE_APOIO_CENTRAL_LONG_1,frac058,760.4215373095719,2356,348.9453985170307
C-40,V,cen4,MT,CORTANTE_APOIO_CENTRAL_LONG_1,frac058,765.8745078249733,10211,334.49501723560076
C-40,V,cen4,PB,CORTANTE_APOIO_CENTRAL_LONG_1,frac058,603.2479489941813,1399,268.45243122052227
C-40,V,cen4,RJ,CORTANTE_APOIO_CENTRAL_LONG_1,frac058,657.5629685577999,2329,290.40729155285334
C-40,V,cen4,SP,CORTANTE_APOIO_CENTRAL_LONG_1,frac058,730.5223753041558,3303,323.6309870161689
C-40,V,cen4,SC,CORTANTE_APOIO_CENTRAL_LONG_1,frac058,688.5604596364001,8947,308.36639160218704
C-40,V,cen4,PR,CORTANTE_APOIO_CENTRAL_LONG_1,frac058,772.9578504623395,5005,336.95100338005363
C-40,V,cen6,MG,CORTANTE_APOIO_CENTRAL_LONG_1,frac058,763.7054496895067,2333,348.9453985170307
C-40,V,cen6,MT,CORTANTE_APOIO_CENTRAL_LONG_1,frac058,761.9388374339937,9865,334.49501723560076
C-40,V,cen6,PB,CORTANTE_APOIO_CENTRAL_LONG_1,frac058,596.5423637868021,1317,268.45243122052227
C-40,V,cen6,RJ,CORTANTE_APOIO_CENTRAL_LONG_1,frac058,658.5496845507167,2246,290.40729155285334
C-40,V,cen6,SP,CORTANTE_APOIO_CENTRAL_LONG_1,frac058,718.0193784787398,3201,323.6309870161689
C-40,V,cen6,SC,CORTANTE_APOIO_CENTRAL_LONG_1,frac058,690.9137587720556,8663,308.36639160218704
C-40,V,cen6,PR,CORTANTE_APOIO_CENTRAL_LONG_1,frac058,766.8231508124231,4946,336.95100338005363
C-40,V,cen8,MG,CORTANTE_APOIO_CENTRAL_LONG_1,frac058,760.9630930518533,2321,348.96382523576807
C-40,V,cen8,MT,CORTANTE_APOIO_CENTRAL_LONG_1,frac058,765.9148416045721,9971,334.49501723560076
C-40,V,cen8,PB,CORTANTE_APOIO_CENTRAL_LONG_1,frac058,601.5445509925162,1387,268.45243122052227
C-40,V,cen8,RJ,CORTANTE_APOIO_CENTRAL_LONG_1,frac058,659.8842964569928,2322,290.40729155285334
C-40,V,cen8,SP,CORTANTE_APOIO_CENTRAL_LONG_1,frac058,721.5915068314628,3737,318.64402014401537
C-40,V,cen8,SC,CORTANTE_APOIO_CENTRAL_LONG_1,frac058,707.1279748156746,6934,316.8603864584553
C-40,V,cen8,PR,CORTANTE_APOIO_CENTRAL_LONG_1,frac058,773.555822245268,4850,336.95100338005363
C-40,M-,cen2,MG,MOMENTO_(-)_APOIO_CENTRAL_LONG_1,q85,3414.2855947360367,200,1781.2331922781138
C-40,M-,cen2,MT,MOMENTO_(-)_APOIO_CENTRAL_LONG_1,q85,3489.129282322451,200,1843.0872114009876
C-40,M-,cen2,PB,MOMENTO_(-)_APOIO_CENTRAL_LONG_1,q85,3194.7903087132345,25,1705.6016888775112
C-40,M-,cen2,RJ,MOMENTO_(-)_APOIO_CENTRAL_LONG_1,q85,3022.2880992329588,74,1701.4251891852932
C-40,M-,cen2,SP,MOMENTO_(-)_APOIO_CENTRAL_LONG_1,q85,4078.2667452495352,200,1703.965158600548
C-40,M-,cen2,SC,MOMENTO_(-)_APOIO_CENTRAL_LONG_1,q85,3258.829604473934,200,1896.5607269436057
C-40,M-,cen2,PR,MOMENTO_(-)_APOIO_CENTRAL_LONG_1,q85,3452.8479325204557,200,1927.1179000886912
C-40,M-,cen4,MG,MOMENTO_(-)_APOIO_CENTRAL_LONG_1,q85,3369.1416494251416,200,1723.9238430587104
C-40,M-,cen4,MT,MOMENTO_(-)_APOIO_CENTRAL_LONG_1,q85,3659.783082839335,200,1812.8141107750216
C-40,M-,cen4,PB,MOMENTO_(-)_APOIO_CENTRAL_LONG_1,q85,2204.622866553183,18,1704.848678870943
C-40,M-,cen4,RJ,MOMENTO_(-)_APOIO_CENTRAL_LONG_1,q85,2577.322187671684,52,1701.417185833145
C-40,M-,cen4,SP,MOMENTO_(-)_APOIO_CENTRAL_LONG_1,q85,3794.191317704638,131,1700.6304497502224
C-40,M-,cen4,SC,MOMENTO_(-)_APOIO_CENTRAL_LONG_1,q85,3171.5112221131412,200,1777.9883024779597
C-40,M-,cen4,PR,MOMENTO_(-)_APOIO_CENTRAL_LONG_1,q85,3404.3390630029407,200,1804.97166497812
C-40,M-,cen6,MG,MOMENTO_(-)_APOIO_CENTRAL_LONG_1,q85,3572.174556050859,200,1776.1629407206804
C-40,M-,cen6,MT,MOMENTO_(-)_APOIO_CENTRAL_LONG_1,q85,3443.4131087485885,200,1902.969857756488
C-40,M-,cen6,PB,MOMENTO_(-)_APOIO_CENTRAL_LONG_1,q85,2105.5435594703404,16,1705.6016888775112
C-40,M-,cen6,RJ,MOMENTO_(-)_APOIO_CENTRAL_LONG_1,q85,3109.563819231641,49,1701.417185833145
C-40,M-,cen6,SP,MOMENTO_(-)_APOIO_CENTRAL_LONG_1,q85,3724.267791990983,155,1700.030777918404
C-40,M-,cen6,SC,MOMENTO_(-)_APOIO_CENTRAL_LONG_1,q85,3140.395707533383,200,1824.6492890840816
C-40,M-,cen6,PR,MOMENTO_(-)_APOIO_CENTRAL_LONG_1,q85,3500.274114725258,200,1860.056650702837
C-40,M-,cen8,MG,MOMENTO_(-)_APOIO_CENTRAL_LONG_1,q85,3218.512686826888,200,1770.5057130415294
C-40,M-,cen8,MT,MOMENTO_(-)_APOIO_CENTRAL_LONG_1,q85,3538.470949570921,200,1906.069120733789
C-40,M-,cen8,PB,MOMENTO_(-)_APOIO_CENTRAL_LONG_1,q85,2247.9994263280128,23,1705.6016888775112
C-40,M-,cen8,RJ,MOMENTO_(-)_APOIO_CENTRAL_LONG_1,q85,2537.8001762195327,62,1701.417185833145
C-40,M-,cen8,SP,MOMENTO_(-)_APOIO_CENTRAL_LONG_1,q85,3836.395004516317,166,1700.4651333224474
C-40,M-,cen8,SC,MOMENTO_(-)_APOIO_CENTRAL_LONG_1,q85,3126.9664003436983,200,1819.821117314052
C-40,M-,cen8,PR,MOMENTO_(-)_APOIO_CENTRAL_LONG_1,q85,3470.0576343561547,200,1849.9246199579443
C-40,M-,cen2,MG,MOMENTO_(-)_APOIO_CENTRAL_LONG_1,q90,3414.2855947360367,200,1781.2331922781138
C-40,M-,cen2,MT,MOMENTO_(-)_APOIO_CENTRAL_LONG_1,q90,3489.129282322451,200,1843.0872114009876
C-40,M-,cen2,PB,MOMENTO_(-)_APOIO_CENTRAL_LONG_1,q90,3194.7903087132345,25,1705.6016888775112
C-40,M-,cen2,RJ,MOMENTO_(-)_APOIO_CENTRAL_LONG_1,q90,3022.2880992329588,74,1701.4251891852932
C-40,M-,cen2,SP,MOMENTO_(-)_APOIO_CENTRAL_LONG_1,q90,4078.2667452495352,200,1703.965158600548
C-40,M-,cen2,SC,MOMENTO_(-)_APOIO_CENTRAL_LONG_1,q90,3258.829604473934,200,1896.5607269436057
C-40,M-,cen2,PR,MOMENTO_(-)_APOIO_CENTRAL_LONG_1,q90,3452.8479325204557,200,1927.1179000886912
C-40,M-,cen4,MG,MOMENTO_(-)_APOIO_CENTRAL_LONG_1,q90,3369.1416494251416,200,1723.9238430587104
C-40,M-,cen4,MT,MOMENTO_(-)_APOIO_CENTRAL_LONG_1,q90,3659.783082839335,200,1812.8141107750216
C-40,M-,cen4,PB,MOMENTO_(-)_APOIO_CENTRAL_LONG_1,q90,2204.622866553183,18,1704.848678870943
C-40,M-,cen4,RJ,MOMENTO_(-)_APOIO_CENTRAL_LONG_1,q90,2577.322187671684,52,1701.417185833145
C-40,M-,cen4,SP,MOMENTO_(-)_APOIO_CENTRAL_LONG_1,q90,3794.191317704638,131,1700.6304497502224
C-40,M-,cen4,SC,MOMENTO_(-)_APOIO_CENTRAL_LONG_1,q90,3171.5112221131412,200,1777.9883024779597
C-40,M-,cen4,PR,MOMENTO_(-)_APOIO_CENTRAL_LONG_1,q90,3404.3390630029407,200,1804.97166497812
C-40,M-,cen6,MG,MOMENTO_(-)_APOIO_CENTRAL_LONG_1,q90,3572.174556050859,200,1776.1629407206804
C-40,M-,cen6,MT,MOMENTO_(-)_APOIO_CENTRAL_LONG_1,q90,3443.4131087485885,200,1902.969857756488
C-40,M-,cen6,PB,MOMENTO_(-)_APOIO_CENTRAL_LONG_1,q90,2105.5435594703404,16,1705.6016888775112
C-40,M-,cen6,RJ,MOMENTO_(-)_APOIO_CENTRAL_LONG_1,q90,3109.563819231641,49,1701.417185833145
C-40,M-,cen6,SP,MOMENTO_(-)_APOIO_CENTRAL_LONG_1,q90,3724.267791990983,155,1700.030777918404
C-40,M-,cen6,SC,MOMENTO_(-)_APOIO_CENTRAL_LONG_1,q90,3140.395707533383,200,1824.6492890840816
C-40,M-,cen6,PR,MOMENTO_(-)_APOIO_CENTRAL_LONG_1,q90,3500.274114725258,200,1860.056650702837
C-40,M-,cen8,MG,MOMENTO_(-)_APOIO_CENTRAL_LONG_1,q90,3218.512686826888,200,1770.5057130415294
C-40,M-,cen8,MT,MOMENTO_(-)_APOIO_CENTRAL_LONG_1,q90,3538.470949570921,200,1906.069120733789
C-40,M-,cen8,PB,MOMENTO_(-)_APOIO_CENTRAL_LONG_1,q90,2247.9994263280128,23,1705.6016888775112
C-40,M-,cen8,RJ,MOMENTO_(-)_APOIO_CENTRAL_LONG_1,q90,2537.8001762195327,62,1701.417185833145
C-40,M-,cen8,SP,MOMENTO_(-)_APOIO_CENTRAL_LONG_1,q90,3836.395004516317,166,1700.4651333224474
C-40,M-,cen8,SC,MOMENTO_(-)_APOIO_CENTRAL_LONG_1,q90,3126.9664003436983,200,1819.821117314052
C-40,M-,cen8,PR,MOMENTO_(-)_APOIO_CENTRAL_LONG_1,q90,3470.0576343561547,200,1849.9246199579443
C-40,M-,cen2,MG,MOMENTO_(-)_APOIO_CENTRAL_LONG_1,q925,3414.2855947360367,200,1781.2331922781138
C-40,M-,cen2,MT,MOMENTO_(-)_APOIO_CENTRAL_LONG_1,q925,3489.129282322451,200,1843.0872114009876
C-40,M-,cen2,PB,MOMENTO_(-)_APOIO_CENTRAL_LONG_1,q925,3194.7903087132345,25,1705.6016888775112
C-40,M-,cen2,RJ,MOMENTO_(-)_APOIO_CENTRAL_LONG_1,q925,3022.2880992329588,74,1701.4251891852932
C-40,M-,cen2,SP,MOMENTO_(-)_APOIO_CENTRAL_LONG_1,q925,4078.2667452495352,200,1703.965158600548
C-40,M-,cen2,SC,MOMENTO_(-)_APOIO_CENTRAL_LONG_1,q925,3258.829604473934,200,1896.5607269436057
C-40,M-,cen2,PR,MOMENTO_(-)_APOIO_CENTRAL_LONG_1,q925,3452.8479325204557,200,1927.1179000886912
C-40,M-,cen4,MG,MOMENTO_(-)_APOIO_CENTRAL_LONG_1,q925,3369.1416494251416,200,1723.9238430587104
C-40,M-,cen4,MT,MOMENTO_(-)_APOIO_CENTRAL_LONG_1,q925,3659.783082839335,200,1812.8141107750216
C-40,M-,cen4,PB,MOMENTO_(-)_APOIO_CENTRAL_LONG_1,q925,2204.622866553183,18,1704.848678870943
C-40,M-,cen4,RJ,MOMENTO_(-)_APOIO_CENTRAL_LONG_1,q925,2577.322187671684,52,1701.417185833145
C-40,M-,cen4,SP,MOMENTO_(-)_APOIO_CENTRAL_LONG_1,q925,3794.191317704638,131,1700.6304497502224
C-40,M-,cen4,SC,MOMENTO_(-)_APOIO_CENTRAL_LONG_1,q925,3171.5112221131412,200,1777.9883024779597
C-40,M-,cen4,PR,MOMENTO_(-)_APOIO_CENTRAL_LONG_1,q925,3404.3390630029407,200,1804.97166497812
C-40,M-,cen6,MG,MOMENTO_(-)_APOIO_CENTRAL_LONG_1,q925,3572.174556050859,200,1776.1629407206804
C-40,M-,cen6,MT,MOMENTO_(-)_APOIO_CENTRAL_LONG_1,q925,3443.4131087485885,200,1902.969857756488
C-40,M-,cen6,PB,MOMENTO_(-)_APOIO_CENTRAL_LONG_1,q925,2105.5435594703404,16,1705.6016888775112
C-40,M-,cen6,RJ,MOMENTO_(-)_APOIO_CENTRAL_LONG_1,q925,3109.563819231641,49,1701.417185833145
C-40,M-,cen6,SP,MOMENTO_(-)_APOIO_CENTRAL_LONG_1,q925,3724.267791990983,155,1700.030777918404
C-40,M-,cen6,SC,MOMENTO_(-)_APOIO_CENTRAL_LONG_1,q925,3140.395707533383,200,1824.6492890840816
C-40,M-,cen6,PR,MOMENTO_(-)_APOIO_CENTRAL_LONG_1,q925,3500.274114725258,200,1860.056650702837
C-40,M-,cen8,MG,MOMENTO_(-)_APOIO_CENTRAL_LONG_1,q925,3218.512686826888,200,1770.5057130415294
C-40,M-,cen8,MT,MOMENTO_(-)_APOIO_CENTRAL_LONG_1,q925,3538.470949570921,200,1906.069120733789
C-40,M-,cen8,PB,MOMENTO_(-)_APOIO_CENTRAL_LONG_1,q925,2247.9994263280128,23,1705.6016888775112
C-40,M-,cen8,RJ,MOMENTO_(-)_APOIO_CENTRAL_LONG_1,q925,2537.8001762195327,62,1701.417185833145
C-40,M-,cen8,SP,MOMENTO_(-)_APOIO_CENTRAL_LONG_1,q925,3836.395004516317,166,1700.4651333224474
C-40,M-,cen8,SC,MOMENTO_(-)_APOIO_CENTRAL_LONG_1,q925,3126.9664003436983,200,1819.821117314052
C-40,M-,cen8,PR,MOMENTO_(-)_APOIO_CENTRAL_LONG_1,q925,3470.0576343561547,200,1849.9246199579443
C-40,M-,cen2,MG,MOMENTO_(-)_APOIO_CENTRAL_LONG_1,q95,3414.2855947360367,200,1781.2331922781138
C-40,M-,cen2,MT,MOMENTO_(-)_APOIO_CENTRAL_LONG_1,q95,3489.129282322451,200,1843.0872114009876
C-40,M-,cen2,PB,MOMENTO_(-)_APOIO_CENTRAL_LONG_1,q95,3194.7903087132345,25,1705.6016888775112
C-40,M-,cen2,RJ,MOMENTO_(-)_APOIO_CENTRAL_LONG_1,q95,3022.2880992329588,74,1701.4251891852932
C-40,M-,cen2,SP,MOMENTO_(-)_APOIO_CENTRAL_LONG_1,q95,4078.2667452495352,200,1703.965158600548
C-40,M-,cen2,SC,MOMENTO_(-)_APOIO_CENTRAL_LONG_1,q95,3258.829604473934,200,1896.5607269436057
C-40,M-,cen2,PR,MOMENTO_(-)_APOIO_CENTRAL_LONG_1,q95,3452.8479325204557,200,1927.1179000886912
C-40,M-,cen4,MG,MOMENTO_(-)_APOIO_CENTRAL_LONG_1,q95,3369.1416494251416,200,1723.9238430587104
C-40,M-,cen4,MT,MOMENTO_(-)_APOIO_CENTRAL_LONG_1,q95,3659.783082839335,200,1812.8141107750216
C-40,M-,cen4,PB,MOMENTO_(-)_APOIO_CENTRAL_LONG_1,q95,2204.622866553183,18,1704.848678870943
C-40,M-,cen4,RJ,MOMENTO_(-)_APOIO_CENTRAL_LONG_1,q95,2577.322187671684,52,1701.417185833145
C-40,M-,cen4,SP,MOMENTO_(-)_APOIO_CENTRAL_LONG_1,q95,3794.191317704638,131,1700.6304497502224
C-40,M-,cen4,SC,MOMENTO_(-)_APOIO_CENTRAL_LONG_1,q95,3171.5112221131412,200,1777.9883024779597
C-40,M-,cen4,PR,MOMENTO_(-)_APOIO_CENTRAL_LONG_1,q95,3404.3390630029407,200,1804.97166497812
C-40,M-,cen6,MG,MOMENTO_(-)_APOIO_CENTRAL_LONG_1,q95,3572.174556050859,200,1776.1629407206804
C-40,M-,cen6,MT,MOMENTO_(-)_APOIO_CENTRAL_LONG_1,q95,3443.4131087485885,200,1902.969857756488
C-40,M-,cen6,PB,MOMENTO_(-)_APOIO_CENTRAL_LONG_1,q95,2105.5435594703404,16,1705.6016888775112
C-40,M-,cen6,RJ,MOMENTO_(-)_APOIO_CENTRAL_LONG_1,q95,3109.563819231641,49,1701.417185833145
C-40,M-,cen6,SP,MOMENTO_(-)_APOIO_CENTRAL_LONG_1,q95,3724.267791990983,155,1700.030777918404
C-40,M-,cen6,SC,MOMENTO_(-)_APOIO_CENTRAL_LONG_1,q95,3140.395707533383,200,1824.6492890840816
C-40,M-,cen6,PR,MOMENTO_(-)_APOIO_CENTRAL_LONG_1,q95,3500.274114725258,200,1860.056650702837
C-40,M-,cen8,MG,MOMENTO_(-)_APOIO_CENTRAL_LONG_1,q95,3218.512686826888,200,1770.5057130415294
C-40,M-,cen8,MT,MOMENTO_(-)_APOIO_CENTRAL_LONG_1,q95,3538.470949570921,200,1906.069120733789
C-40,M-,cen8,PB,MOMENTO_(-)_APOIO_CENTRAL_LONG_1,q95,2247.9994263280128,23,1705.6016888775112
C-40,M-,cen8,RJ,MOMENTO_(-)_APOIO_CENTRAL_LONG_1,q95,2537.8001762195327,62,1701.417185833145
C-40,M-,cen8,SP,MOMENTO_(-)_APOIO_CENTRAL_LONG_1,q95,3836.395004516317,166,1700.4651333224474
C-40,M-,cen8,SC,MOMENTO_(-)_APOIO_CENTRAL_LONG_1,q95,3126.9664003436983,200,1819.821117314052
C-40,M-,cen8,PR,MOMENTO_(-)_APOIO_CENTRAL_LONG_1,q95,3470.0576343561547,200,1849.9246199579443
C-40,M-,cen2,MG,MOMENTO_(-)_APOIO_CENTRAL_LONG_1,frac058,3567.394628147368,344,1458.4964847421459
C-40,M-,cen2,MT,MOMENTO_(-)_APOIO_CENTRAL_LONG_1,frac058,3834.6125970598314,590,1534.6591405856166
C-40,M-,cen2,PB,MOMENTO_(-)_APOIO_CENTRAL_LONG_1,frac058,3194.7903087132345,25,1705.6016888775112
C-40,M-,cen2,RJ,MOMENTO_(-)_APOIO_CENTRAL_LONG_1,frac058,3022.2880992329588,74,1701.4251891852932
C-40,M-,cen2,SP,MOMENTO_(-)_APOIO_CENTRAL_LONG_1,frac058,4071.135593652009,206,1635.2770994084487
C-40,M-,cen2,SC,MOMENTO_(-)_APOIO_CENTRAL_LONG_1,frac058,3421.006761816931,546,1631.5454290604066
C-40,M-,cen2,PR,MOMENTO_(-)_APOIO_CENTRAL_LONG_1,frac058,3801.3132704254194,633,1565.5270248574225
C-40,M-,cen4,MG,MOMENTO_(-)_APOIO_CENTRAL_LONG_1,frac058,3410.8177525017145,246,1465.3667191271263
C-40,M-,cen4,MT,MOMENTO_(-)_APOIO_CENTRAL_LONG_1,frac058,3648.0618543987694,493,1557.4510437762265
C-40,M-,cen4,PB,MOMENTO_(-)_APOIO_CENTRAL_LONG_1,frac058,2204.622866553183,18,1704.848678870943
C-40,M-,cen4,RJ,MOMENTO_(-)_APOIO_CENTRAL_LONG_1,frac058,2577.322187671684,52,1701.417185833145
C-40,M-,cen4,SP,MOMENTO_(-)_APOIO_CENTRAL_LONG_1,frac058,3794.191317704638,131,1700.6304497502224
C-40,M-,cen4,SC,MOMENTO_(-)_APOIO_CENTRAL_LONG_1,frac058,3323.8443335595575,331,1482.3841894049863
C-40,M-,cen4,PR,MOMENTO_(-)_APOIO_CENTRAL_LONG_1,frac058,3534.418109332565,381,1522.3557304322526
C-40,M-,cen6,MG,MOMENTO_(-)_APOIO_CENTRAL_LONG_1,frac058,3540.802401807111,346,1588.1471842946985
C-40,M-,cen6,MT,MOMENTO_(-)_APOIO_CENTRAL_LONG_1,frac058,3305.3712683698213,886,1485.8786683670653
C-40,M-,cen6,PB,MOMENTO_(-)_APOIO_CENTRAL_LONG_1,frac058,2105.5435594703404,16,1705.6016888775112
C-40,M-,cen6,RJ,MOMENTO_(-)_APOIO_CENTRAL_LONG_1,frac058,3109.563819231641,49,1701.417185833145
C-40,M-,cen6,SP,MOMENTO_(-)_APOIO_CENTRAL_LONG_1,frac058,3724.267791990983,155,1700.030777918404
C-40,M-,cen6,SC,MOMENTO_(-)_APOIO_CENTRAL_LONG_1,frac058,3314.815758978325,454,1458.3460155604266
C-40,M-,cen6,PR,MOMENTO_(-)_APOIO_CENTRAL_LONG_1,frac058,3558.4877307880524,586,1507.0485311336483
C-40,M-,cen8,MG,MOMENTO_(-)_APOIO_CENTRAL_LONG_1,frac058,3351.733282046098,346,1465.3667191271263
C-40,M-,cen8,MT,MOMENTO_(-)_APOIO_CENTRAL_LONG_1,frac058,3338.1996731909976,842,1536.1195627117436
C-40,M-,cen8,PB,MOMENTO_(-)_APOIO_CENTRAL_LONG_1,frac058,2247.9994263280128,23,1705.6016888775112
C-40,M-,cen8,RJ,MOMENTO_(-)_APOIO_CENTRAL_LONG_1,frac058,2537.8001762195327,62,1701.417185833145
C-40,M-,cen8,SP,MOMENTO_(-)_APOIO_CENTRAL_LONG_1,frac058,3836.395004516317,166,1700.4651333224474
C-40,M-,cen8,SC,MOMENTO_(-)_APOIO_CENTRAL_LONG_1,frac058,3323.9686253663212,425,1446.1617039494538
C-40,M-,cen8,PR,MOMENTO_(-)_APOIO_CENTRAL_LONG_1,frac058,3687.1746141362164,546,1532.3136272966312
C-50,M+,cen2,MG,MOMENTO_(+)_INICIO_LONG_1,q85,6046.507910782544,9316,2625.189020481444
C-50,M+,cen2,MT,MOMENTO_(+)_INICIO_LONG_1,q85,6404.078736249556,10900,2805.033889256802
C-50,M+,cen2,PB,MOMENTO_(+)_INICIO_LONG_1,q85,5756.0851974753605,1404,2552.874050981565
C-50,M+,cen2,RJ,MOMENTO_(+)_INICIO_LONG_1,q85,5394.081736525222,4603,2305.113319155086
C-50,M+,cen2,SP,MOMENTO_(+)_INICIO_LONG_1,q85,5770.080813280016,7355,2486.413082502408
C-50,M+,cen2,SC,MOMENTO_(+)_INICIO_LONG_1,q85,5811.37893661179,10293,2565.3015598236075
C-50,M+,cen2,PR,MOMENTO_(+)_INICIO_LONG_1,q85,6368.1671211768735,11317,2648.86820810295
C-50,M+,cen4,MG,MOMENTO_(+)_INICIO_LONG_1,q85,6103.614175485954,8163,2614.7484394894527
C-50,M+,cen4,MT,MOMENTO_(+)_INICIO_LONG_1,q85,6425.051591338215,9369,2797.3775901871095
C-50,M+,cen4,PB,MOMENTO_(+)_INICIO_LONG_1,q85,5109.514415376463,1191,2548.890174152049
C-50,M+,cen4,RJ,MOMENTO_(+)_INICIO_LONG_1,q85,5308.58872380689,3957,2295.6611462481205
C-50,M+,cen4,SP,MOMENTO_(+)_INICIO_LONG_1,q85,5623.164054019077,6458,2463.7319426112476
C-50,M+,cen4,SC,MOMENTO_(+)_INICIO_LONG_1,q85,5705.796311522332,9381,2539.9820173704525
C-50,M+,cen4,PR,MOMENTO_(+)_INICIO_LONG_1,q85,6291.685081619085,10256,2628.9882162658073
C-50,M+,cen6,MG,MOMENTO_(+)_INICIO_LONG_1,q85,6529.852023309984,7802,2624.1397014394693
C-50,M+,cen6,MT,MOMENTO_(+)_INICIO_LONG_1,q85,6933.909047172954,8883,2802.9835758025083
C-50,M+,cen6,PB,MOMENTO_(+)_INICIO_LONG_1,q85,5068.81437822812,1125,2547.9462727952464
C-50,M+,cen6,RJ,MOMENTO_(+)_INICIO_LONG_1,q85,5350.49950060698,3779,2303.731627478322
C-50,M+,cen6,SP,MOMENTO_(+)_INICIO_LONG_1,q85,5832.8289604313295,6176,2478.1236767089504
C-50,M+,cen6,SC,MOMENTO_(+)_INICIO_LONG_1,q85,6014.519201382545,9026,2554.3622581687537
C-50,M+,cen6,PR,MOMENTO_(+)_INICIO_LONG_1,q85,6780.254078323377,9828,2637.9482791979954
C-50,M+,cen8,MG,MOMENTO_(+)_INICIO_LONG_1,q85,6384.355984713755,7959,2617.1934997019985
C-50,M+,cen8,MT,MOMENTO_(+)_INICIO_LONG_1,q85,6959.591632912275,9290,2798.0605283564882
C-50,M+,cen8,PB,MOMENTO_(+)_INICIO_LONG_1,q85,5099.906175487188,1193,2547.2242818775285
C-50,M+,cen8,RJ,MOMENTO_(+)_INICIO_LONG_1,q85,5420.940349034286,3905,2301.324167175695
C-50,M+,cen8,SP,MOMENTO_(+)_INICIO_LONG_1,q85,5840.3595944419885,6287,2477.970699930376
C-50,M+,cen8,SC,MOMENTO_(+)_INICIO_LONG_1,q85,6092.759499956506,8903,2553.569011818913
C-50,M+,cen8,PR,MOMENTO_(+)_INICIO_LONG_1,q85,6623.697935279921,9767,2633.0003797977397
C-50,M+,cen2,MG,MOMENTO_(+)_INICIO_LONG_1,q90,6121.054222098127,6211,2731.146524477923
C-50,M+,cen2,MT,MOMENTO_(+)_INICIO_LONG_1,q90,6371.748822823827,7267,2891.1004794993382
C-50,M+,cen2,PB,MOMENTO_(+)_INICIO_LONG_1,q90,5941.716629873049,936,2671.5297317833956
C-50,M+,cen2,RJ,MOMENTO_(+)_INICIO_LONG_1,q90,5627.38111196303,3069,2456.211894565814
C-50,M+,cen2,SP,MOMENTO_(+)_INICIO_LONG_1,q90,6100.199626174002,4903,2629.28918312236
C-50,M+,cen2,SC,MOMENTO_(+)_INICIO_LONG_1,q90,5930.200924514342,6862,2687.972077413917
C-50,M+,cen2,PR,MOMENTO_(+)_INICIO_LONG_1,q90,6457.013023152915,7545,2749.646117758777
C-50,M+,cen4,MG,MOMENTO_(+)_INICIO_LONG_1,q90,6179.6773298979315,5442,2719.4059946607226
C-50,M+,cen4,MT,MOMENTO_(+)_INICIO_LONG_1,q90,6395.355743454802,6246,2882.231217531783
C-50,M+,cen4,PB,MOMENTO_(+)_INICIO_LONG_1,q90,5175.2495948983,794,2672.4848323599626
C-50,M+,cen4,RJ,MOMENTO_(+)_INICIO_LONG_1,q90,5513.776059605398,2638,2441.926253583854
C-50,M+,cen4,SP,MOMENTO_(+)_INICIO_LONG_1,q90,5978.724434585081,4305,2616.7313050885286
C-50,M+,cen4,SC,MOMENTO_(+)_INICIO_LONG_1,q90,5833.802855843363,6254,2668.0625617547953
C-50,M+,cen4,PR,MOMENTO_(+)_INICIO_LONG_1,q90,6366.395716486606,6838,2729.516411183581
C-50,M+,cen6,MG,MOMENTO_(+)_INICIO_LONG_1,q90,6563.045749994337,5202,2728.555585741862
C-50,M+,cen6,MT,MOMENTO_(+)_INICIO_LONG_1,q90,6843.971957131308,5922,2892.7536790425784
C-50,M+,cen6,PB,MOMENTO_(+)_INICIO_LONG_1,q90,5110.446521179865,750,2672.1064147608545
C-50,M+,cen6,RJ,MOMENTO_(+)_INICIO_LONG_1,q90,5605.315360364579,2519,2460.989222967242
C-50,M+,cen6,SP,MOMENTO_(+)_INICIO_LONG_1,q90,6084.002788077739,4118,2624.9209927965585
C-50,M+,cen6,SC,MOMENTO_(+)_INICIO_LONG_1,q90,6059.025174261662,6017,2680.461596517314
C-50,M+,cen6,PR,MOMENTO_(+)_INICIO_LONG_1,q90,6772.032575112693,6552,2741.597580714653
C-50,M+,cen8,MG,MOMENTO_(+)_INICIO_LONG_1,q90,6400.0648188817595,5306,2722.47113084639
C-50,M+,cen8,MT,MOMENTO_(+)_INICIO_LONG_1,q90,6861.172145749915,6194,2885.56389795047
C-50,M+,cen8,PB,MOMENTO_(+)_INICIO_LONG_1,q90,5157.443496313626,796,2671.255464053242
C-50,M+,cen8,RJ,MOMENTO_(+)_INICIO_LONG_1,q90,5663.02598528002,2604,2452.647988289346
C-50,M+,cen8,SP,MOMENTO_(+)_INICIO_LONG_1,q90,6103.2814284477845,4191,2619.5724164916164
C-50,M+,cen8,SC,MOMENTO_(+)_INICIO_LONG_1,q90,6157.193132603976,5936,2676.626296252688
C-50,M+,cen8,PR,MOMENTO_(+)_INICIO_LONG_1,q90,6638.592723066524,6511,2736.049992636652
C-50,M+,cen2,MG,MOMENTO_(+)_INICIO_LONG_1,q925,6136.289165357932,4658,2796.9417686281113
C-50,M+,cen2,MT,MOMENTO_(+)_INICIO_LONG_1,q925,6358.097707389163,5450,2952.5962620383793
C-50,M+,cen2,PB,MOMENTO_(+)_INICIO_LONG_1,q925,5998.135256754669,702,2744.0294416526185
C-50,M+,cen2,RJ,MOMENTO_(+)_INICIO_LONG_1,q925,5806.307684963006,2302,2569.7723710114387
C-50,M+,cen2,SP,MOMENTO_(+)_INICIO_LONG_1,q925,6201.768646346797,3678,2705.2087082321777
C-50,M+,cen2,SC,MOMENTO_(+)_INICIO_LONG_1,q925,5932.163219396083,5147,2757.8783227112344
C-50,M+,cen2,PR,MOMENTO_(+)_INICIO_LONG_1,q925,6497.790980805861,5659,2812.478272719827
C-50,M+,cen4,MG,MOMENTO_(+)_INICIO_LONG_1,q925,6195.10610903851,4082,2784.3985842122524
C-50,M+,cen4,MT,MOMENTO_(+)_INICIO_LONG_1,q925,6387.732223091754,4685,2944.5728516628706
C-50,M+,cen4,PB,MOMENTO_(+)_INICIO_LONG_1,q925,5127.99855274895,596,2742.889056294809
C-50,M+,cen4,RJ,MOMENTO_(+)_INICIO_LONG_1,q925,5695.196132951662,1979,2558.9693863455777
C-50,M+,cen4,SP,MOMENTO_(+)_INICIO_LONG_1,q925,6087.416356970227,3229,2691.225385236697
C-50,M+,cen4,SC,MOMENTO_(+)_INICIO_LONG_1,q925,5838.372085860472,4691,2736.158134626633
C-50,M+,cen4,PR,MOMENTO_(+)_INICIO_LONG_1,q925,6390.212255300688,5128,2791.1044898289383
C-50,M+,cen6,MG,MOMENTO_(+)_INICIO_LONG_1,q925,6543.985686533808,3901,2794.824673884104
C-50,M+,cen6,MT,MOMENTO_(+)_INICIO_LONG_1,q925,6776.897576918362,4442,2959.052809955368
C-50,M+,cen6,PB,MOMENTO_(+)_INICIO_LONG_1,q925,5055.647115932097,563,2741.144784864018
C-50,M+,cen6,RJ,MOMENTO_(+)_INICIO_LONG_1,q925,5776.320988502608,1890,2575.1815341075217
C-50,M+,cen6,SP,MOMENTO_(+)_INICIO_LONG_1,q925,6142.320464882125,3088,2702.326864436776
C-50,M+,cen6,SC,MOMENTO_(+)_INICIO_LONG_1,q925,6013.200752967832,4513,2752.8806454040828
C-50,M+,cen6,PR,MOMENTO_(+)_INICIO_LONG_1,q925,6733.192672105706,4914,2807.6653564519643
C-50,M+,cen8,MG,MOMENTO_(+)_INICIO_LONG_1,q925,6366.697652950496,3980,2788.8163374491764
C-50,M+,cen8,MT,MOMENTO_(+)_INICIO_LONG_1,q925,6792.984862290157,4645,2951.468099772546
C-50,M+,cen8,PB,MOMENTO_(+)_INICIO_LONG_1,q925,5108.312507822243,597,2741.0643102962995
C-50,M+,cen8,RJ,MOMENTO_(+)_INICIO_LONG_1,q925,5844.008112882282,1953,2568.503586263574
C-50,M+,cen8,SP,MOMENTO_(+)_INICIO_LONG_1,q925,6163.4777149281945,3144,2696.0006294745126
C-50,M+,cen8,SC,MOMENTO_(+)_INICIO_LONG_1,q925,6139.291168999936,4452,2748.071656479772
C-50,M+,cen8,PR,MOMENTO_(+)_INICIO_LONG_1,q925,6621.882055242907,4884,2800.9608178599347
C-50,M+,cen2,MG,MOMENTO_(+)_INICIO_LONG_1,q95,6146.6204899994755,3106,2884.7555195910745
C-50,M+,cen2,MT,MOMENTO_(+)_INICIO_LONG_1,q95,6325.991932199475,3634,3041.4327185204615
C-50,M+,cen2,PB,MOMENTO_(+)_INICIO_LONG_1,q95,5979.30226042805,468,2821.6095655899676
C-50,M+,cen2,RJ,MOMENTO_(+)_INICIO_LONG_1,q95,5867.84453465522,1535,2686.1263917813844
C-50,M+,cen2,SP,MOMENTO_(+)_INICIO_LONG_1,q95,6257.620259610249,2452,2793.7867637480826
C-50,M+,cen2,SC,MOMENTO_(+)_INICIO_LONG_1,q95,5902.215424336453,3431,2844.9542668034437
C-50,M+,cen2,PR,MOMENTO_(+)_INICIO_LONG_1,q95,6547.476410163908,3773,2903.1597630691763
C-50,M+,cen4,MG,MOMENTO_(+)_INICIO_LONG_1,q95,6189.072707882662,2721,2870.8525102414474
C-50,M+,cen4,MT,MOMENTO_(+)_INICIO_LONG_1,q95,6384.318871224634,3123,3033.8961913439903
C-50,M+,cen4,PB,MOMENTO_(+)_INICIO_LONG_1,q95,4992.842204921308,397,2816.3784118304475
C-50,M+,cen4,RJ,MOMENTO_(+)_INICIO_LONG_1,q95,5750.22853568087,1319,2680.459528307984
C-50,M+,cen4,SP,MOMENTO_(+)_INICIO_LONG_1,q95,6159.986572774484,2153,2777.1459925518334
C-50,M+,cen4,SC,MOMENTO_(+)_INICIO_LONG_1,q95,5797.774493089826,3127,2826.4412929531422
C-50,M+,cen4,PR,MOMENTO_(+)_INICIO_LONG_1,q95,6400.295787210973,3419,2877.1382535773023
C-50,M+,cen6,MG,MOMENTO_(+)_INICIO_LONG_1,q95,6489.144013665151,2601,2887.3899392481158
C-50,M+,cen6,MT,MOMENTO_(+)_INICIO_LONG_1,q95,6672.984080326674,2961,3055.141593720907
C-50,M+,cen6,PB,MOMENTO_(+)_INICIO_LONG_1,q95,4929.2019058414335,375,2816.719700256419
C-50,M+,cen6,RJ,MOMENTO_(+)_INICIO_LONG_1,q95,5833.528028468356,1260,2691.5256751399497
C-50,M+,cen6,SP,MOMENTO_(+)_INICIO_LONG_1,q95,6168.38232195961,2059,2791.7827657827747
C-50,M+,cen6,SC,MOMENTO_(+)_INICIO_LONG_1,q95,5917.5276397088855,3009,2845.898824025853
C-50,M+,cen6,PR,MOMENTO_(+)_INICIO_LONG_1,q95,6652.612523493744,3276,2900.9886763836125
C-50,M+,cen8,MG,MOMENTO_(+)_INICIO_LONG_1,q95,6301.737864407241,2653,2879.970700001875
C-50,M+,cen8,MT,MOMENTO_(+)_INICIO_LONG_1,q95,6691.724939398212,3097,3044.1435302001073
C-50,M+,cen8,PB,MOMENTO_(+)_INICIO_LONG_1,q95,4975.30828595655,398,2816.416358997338
C-50,M+,cen8,RJ,MOMENTO_(+)_INICIO_LONG_1,q95,5881.0628264963725,1302,2687.2405780618415
C-50,M+,cen8,SP,MOMENTO_(+)_INICIO_LONG_1,q95,6176.976253256538,2096,2781.9519308748636
C-50,M+,cen8,SC,MOMENTO_(+)_INICIO_LONG_1,q95,6089.876656941522,2968,2841.0756618830173
C-50,M+,cen8,PR,MOMENTO_(+)_INICIO_LONG_1,q95,6579.511643778111,3256,2893.7628681620663
C-50,M+,cen2,MG,MOMENTO_(+)_INICIO_LONG_1,frac058,6142.095452593917,3410,2863.7214352895226
C-50,M+,cen2,MT,MOMENTO_(+)_INICIO_LONG_1,frac058,6396.637845167392,9777,2828.5082298980633
C-50,M+,cen2,PB,MOMENTO_(+)_INICIO_LONG_1,frac058,5991.757977145547,762,2721.984526870328
C-50,M+,cen2,RJ,MOMENTO_(+)_INICIO_LONG_1,frac058,5748.122514107145,2598,2522.1595600485416
C-50,M+,cen2,SP,MOMENTO_(+)_INICIO_LONG_1,frac058,6178.1208130455325,4017,2682.857915271404
C-50,M+,cen2,SC,MOMENTO_(+)_INICIO_LONG_1,frac058,5918.068872573757,7563,2663.73206109395
C-50,M+,cen2,PR,MOMENTO_(+)_INICIO_LONG_1,frac058,6517.340665359496,4872,2845.339294001321
C-50,M+,cen4,MG,MOMENTO_(+)_INICIO_LONG_1,frac058,6189.136415484592,2810,2863.7214352895226
C-50,M+,cen4,MT,MOMENTO_(+)_INICIO_LONG_1,frac058,6414.473910194143,8102,2828.4416871733656
C-50,M+,cen4,PB,MOMENTO_(+)_INICIO_LONG_1,frac058,4744.392186869493,2227,2283.9059433943016
C-50,M+,cen4,RJ,MOMENTO_(+)_INICIO_LONG_1,frac058,5620.180755270703,2268,2504.1084703229544
C-50,M+,cen4,SP,MOMENTO_(+)_INICIO_LONG_1,frac058,6079.709779232897,3337,2682.857915271404
C-50,M+,cen4,SC,MOMENTO_(+)_INICIO_LONG_1,frac058,5676.698850666175,9788,2524.419696255707
C-50,M+,cen4,PR,MOMENTO_(+)_INICIO_LONG_1,frac058,6396.245638315039,3992,2845.3392939108644
C-50,M+,cen6,MG,MOMENTO_(+)_INICIO_LONG_1,frac058,6503.094204976008,2869,2863.7214352895226
C-50,M+,cen6,MT,MOMENTO_(+)_INICIO_LONG_1,frac058,6755.764773618945,4057,2980.786694580113
C-50,M+,cen6,PB,MOMENTO_(+)_INICIO_LONG_1,frac058,4744.487283031602,2119,2283.9059433943016
C-50,M+,cen6,RJ,MOMENTO_(+)_INICIO_LONG_1,frac058,5683.503349588981,2258,2504.1084703229544
C-50,M+,cen6,SP,MOMENTO_(+)_INICIO_LONG_1,frac058,6135.790582157726,3334,2682.857915271404
C-50,M+,cen6,SC,MOMENTO_(+)_INICIO_LONG_1,frac058,5971.424473288012,9743,2524.419696255707
C-50,M+,cen6,PR,MOMENTO_(+)_INICIO_LONG_1,frac058,6701.588588370937,4165,2845.3392939108644
C-50,M+,cen8,MG,MOMENTO_(+)_INICIO_LONG_1,frac058,6314.371944591556,2867,2862.5013670095495
C-50,M+,cen8,MT,MOMENTO_(+)_INICIO_LONG_1,frac058,6854.400087401527,6016,2892.213042792146
C-50,M+,cen8,PB,MOMENTO_(+)_INICIO_LONG_1,frac058,4746.812494677593,2220,2283.9059433943016
C-50,M+,cen8,RJ,MOMENTO_(+)_INICIO_LONG_1,frac058,5857.675871053434,1873,2583.8478522362816
C-50,M+,cen8,SP,MOMENTO_(+)_INICIO_LONG_1,frac058,6159.944495188799,3281,2684.840909415722
C-50,M+,cen8,SC,MOMENTO_(+)_INICIO_LONG_1,frac058,6128.180215778445,4024,2771.0495475839057
C-50,M+,cen8,PR,MOMENTO_(+)_INICIO_LONG_1,frac058,6602.891839379068,4041,2845.3392939108644
C-50,V,cen2,MG,CORTANTE_APOIO_CENTRAL_LONG_1,q85,789.9686768802969,1813,376.34653919946237
C-50,V,cen2,MT,CORTANTE_APOIO_CENTRAL_LONG_1,q85,795.9441839754761,4312,376.5128373335713
C-50,V,cen2,PB,CORTANTE_APOIO_CENTRAL_LONG_1,q85,768.5048892094676,227,371.96904750507576
C-50,V,cen2,RJ,CORTANTE_APOIO_CENTRAL_LONG_1,q85,711.6409489385118,366,377.8004082754498
C-50,V,cen2,SP,CORTANTE_APOIO_CENTRAL_LONG_1,q85,770.0252983418795,977,374.29440116955413
C-50,V,cen2,SC,CORTANTE_APOIO_CENTRAL_LONG_1,q85,746.8399553045236,1680,376.8642176347872
C-50,V,cen2,PR,CORTANTE_APOIO_CENTRAL_LONG_1,q85,824.313394142828,2447,375.8839778525342
C-50,V,cen4,MG,CORTANTE_APOIO_CENTRAL_LONG_1,q85,797.3922070949756,1551,375.94578736246575
C-50,V,cen4,MT,CORTANTE_APOIO_CENTRAL_LONG_1,q85,798.5753464508771,3672,376.5884484395903
C-50,V,cen4,PB,CORTANTE_APOIO_CENTRAL_LONG_1,q85,595.8116272801743,200,370.3288341339435
C-50,V,cen4,RJ,CORTANTE_APOIO_CENTRAL_LONG_1,q85,677.0888817501434,309,377.1397477593642
C-50,V,cen4,SP,CORTANTE_APOIO_CENTRAL_LONG_1,q85,789.9273985902031,818,373.5086048508742
C-50,V,cen4,SC,CORTANTE_APOIO_CENTRAL_LONG_1,q85,714.7728389934216,1426,375.95329607462776
C-50,V,cen4,PR,CORTANTE_APOIO_CENTRAL_LONG_1,q85,812.1203318411865,2101,375.5347043001118
C-50,V,cen6,MG,CORTANTE_APOIO_CENTRAL_LONG_1,q85,795.9834303263323,1498,377.51677953680826
C-50,V,cen6,MT,CORTANTE_APOIO_CENTRAL_LONG_1,q85,800.7460618491518,3492,378.636362286855
C-50,V,cen6,PB,CORTANTE_APOIO_CENTRAL_LONG_1,q85,596.3335183819785,200,368.4039785229888
C-50,V,cen6,RJ,CORTANTE_APOIO_CENTRAL_LONG_1,q85,683.2093895243574,300,377.0701476455675
C-50,V,cen6,SP,CORTANTE_APOIO_CENTRAL_LONG_1,q85,786.9497994653416,796,375.09088157135585
C-50,V,cen6,SC,CORTANTE_APOIO_CENTRAL_LONG_1,q85,693.2246163228476,1399,377.8210620325662
C-50,V,cen6,PR,CORTANTE_APOIO_CENTRAL_LONG_1,q85,795.3391264599453,2034,377.8091489188214
C-50,V,cen8,MG,CORTANTE_APOIO_CENTRAL_LONG_1,q85,776.8481261606662,1493,376.4700519073829
C-50,V,cen8,MT,CORTANTE_APOIO_CENTRAL_LONG_1,q85,797.0581590403398,3563,377.54883752479736
C-50,V,cen8,PB,CORTANTE_APOIO_CENTRAL_LONG_1,q85,585.500796312919,200,370.5365265912399
C-50,V,cen8,RJ,CORTANTE_APOIO_CENTRAL_LONG_1,q85,662.6880652590605,302,377.5517966396272
C-50,V,cen8,SP,CORTANTE_APOIO_CENTRAL_LONG_1,q85,775.2155472317526,794,374.01713573884365
C-50,V,cen8,SC,CORTANTE_APOIO_CENTRAL_LONG_1,q85,734.4745274508352,1369,376.87933335982274
C-50,V,cen8,PR,CORTANTE_APOIO_CENTRAL_LONG_1,q85,788.8908066837371,1979,376.4217315313947
C-50,V,cen2,MG,CORTANTE_APOIO_CENTRAL_LONG_1,q90,788.75218916002,1209,387.5622357009506
C-50,V,cen2,MT,CORTANTE_APOIO_CENTRAL_LONG_1,q90,796.8888124773237,2875,387.5955094523106
C-50,V,cen2,PB,CORTANTE_APOIO_CENTRAL_LONG_1,q90,775.2251110842487,200,375.2875648121213
C-50,V,cen2,RJ,CORTANTE_APOIO_CENTRAL_LONG_1,q90,714.5388339172407,244,390.22199899880417
C-50,V,cen2,SP,CORTANTE_APOIO_CENTRAL_LONG_1,q90,773.4702154863551,651,384.8017348280487
C-50,V,cen2,SC,CORTANTE_APOIO_CENTRAL_LONG_1,q90,746.8364820967663,1120,387.52367498662693
C-50,V,cen2,PR,CORTANTE_APOIO_CENTRAL_LONG_1,q90,818.518593794898,1632,386.60999659515807
C-50,V,cen4,MG,CORTANTE_APOIO_CENTRAL_LONG_1,q90,792.3888265739774,1034,386.58184203525815
C-50,V,cen4,MT,CORTANTE_APOIO_CENTRAL_LONG_1,q90,797.6530779774902,2448,387.5982397984765
C-50,V,cen4,PB,CORTANTE_APOIO_CENTRAL_LONG_1,q90,595.8116272801743,200,370.3288341339435
C-50,V,cen4,RJ,CORTANTE_APOIO_CENTRAL_LONG_1,q90,675.0896373422659,206,390.3554964346283
C-50,V,cen4,SP,CORTANTE_APOIO_CENTRAL_LONG_1,q90,797.6750433254547,545,383.2627224778996
C-50,V,cen4,SC,CORTANTE_APOIO_CENTRAL_LONG_1,q90,713.2677534580895,951,387.4090354530095
C-50,V,cen4,PR,CORTANTE_APOIO_CENTRAL_LONG_1,q90,807.8054210893067,1401,385.76636393747174
C-50,V,cen6,MG,CORTANTE_APOIO_CENTRAL_LONG_1,q90,783.6467504335949,999,388.1562653225949
C-50,V,cen6,MT,CORTANTE_APOIO_CENTRAL_LONG_1,q90,796.016796488701,2328,390.6473845435311
C-50,V,cen6,PB,CORTANTE_APOIO_CENTRAL_LONG_1,q90,596.3335183819785,200,368.4039785229888
C-50,V,cen6,RJ,CORTANTE_APOIO_CENTRAL_LONG_1,q90,675.4923826927547,200,389.7972262498907
C-50,V,cen6,SP,CORTANTE_APOIO_CENTRAL_LONG_1,q90,793.9650992299124,531,386.08415651528315
C-50,V,cen6,SC,CORTANTE_APOIO_CENTRAL_LONG_1,q90,685.8146308369023,933,389.06864085655053
C-50,V,cen6,PR,CORTANTE_APOIO_CENTRAL_LONG_1,q90,788.3680564970846,1356,388.87434027780665
C-50,V,cen8,MG,CORTANTE_APOIO_CENTRAL_LONG_1,q90,772.3627029196662,996,387.9191476688031
C-50,V,cen8,MT,CORTANTE_APOIO_CENTRAL_LONG_1,q90,798.38330205836,2375,389.78305791237995
C-50,V,cen8,PB,CORTANTE_APOIO_CENTRAL_LONG_1,q90,585.500796312919,200,370.5365265912399
C-50,V,cen8,RJ,CORTANTE_APOIO_CENTRAL_LONG_1,q90,656.6026481524976,202,391.30812429015083
C-50,V,cen8,SP,CORTANTE_APOIO_CENTRAL_LONG_1,q90,779.7278121531451,530,384.1391973999792
C-50,V,cen8,SC,CORTANTE_APOIO_CENTRAL_LONG_1,q90,732.950225507326,913,388.5093091182855
C-50,V,cen8,PR,CORTANTE_APOIO_CENTRAL_LONG_1,q90,779.0323562791268,1319,387.52950173657916
C-50,V,cen2,MG,CORTANTE_APOIO_CENTRAL_LONG_1,q925,783.1460701659516,907,395.02379508705064
C-50,V,cen2,MT,CORTANTE_APOIO_CENTRAL_LONG_1,q925,796.6366078581284,2156,395.8976499630621
C-50,V,cen2,PB,CORTANTE_APOIO_CENTRAL_LONG_1,q925,775.2251110842487,200,375.2875648121213
C-50,V,cen2,RJ,CORTANTE_APOIO_CENTRAL_LONG_1,q925,712.2935030802105,200,396.81265942488665
C-50,V,cen2,SP,CORTANTE_APOIO_CENTRAL_LONG_1,q925,772.6440435996228,489,393.609933512932
C-50,V,cen2,SC,CORTANTE_APOIO_CENTRAL_LONG_1,q925,747.5215691261039,840,395.2335427813193
C-50,V,cen2,PR,CORTANTE_APOIO_CENTRAL_LONG_1,q925,812.4671405690402,1224,393.64773355238134
C-50,V,cen4,MG,CORTANTE_APOIO_CENTRAL_LONG_1,q925,789.3582661534422,776,394.0244516057364
C-50,V,cen4,MT,CORTANTE_APOIO_CENTRAL_LONG_1,q925,794.4535313178842,1836,395.7980904359993
C-50,V,cen4,PB,CORTANTE_APOIO_CENTRAL_LONG_1,q925,595.8116272801743,200,370.3288341339435
C-50,V,cen4,RJ,CORTANTE_APOIO_CENTRAL_LONG_1,q925,674.5474827666899,200,391.2662984245614
C-50,V,cen4,SP,CORTANTE_APOIO_CENTRAL_LONG_1,q925,803.431327072162,409,390.68829676510217
C-50,V,cen4,SC,CORTANTE_APOIO_CENTRAL_LONG_1,q925,711.0140570931845,713,394.39659157370164
C-50,V,cen4,PR,CORTANTE_APOIO_CENTRAL_LONG_1,q925,803.6673239203635,1051,393.243709783348
C-50,V,cen6,MG,CORTANTE_APOIO_CENTRAL_LONG_1,q925,776.2731099782327,749,395.723460483199
C-50,V,cen6,MT,CORTANTE_APOIO_CENTRAL_LONG_1,q925,790.2727689987441,1746,399.0477378470917
C-50,V,cen6,PB,CORTANTE_APOIO_CENTRAL_LONG_1,q925,596.3335183819785,200,368.4039785229888
C-50,V,cen6,RJ,CORTANTE_APOIO_CENTRAL_LONG_1,q925,675.4923826927547,200,389.8242079962666
C-50,V,cen6,SP,CORTANTE_APOIO_CENTRAL_LONG_1,q925,796.3421686048846,398,394.1813717974638
C-50,V,cen6,SC,CORTANTE_APOIO_CENTRAL_LONG_1,q925,684.4943251571444,700,397.1707790003634
C-50,V,cen6,PR,CORTANTE_APOIO_CENTRAL_LONG_1,q925,784.2724782683904,1017,396.61906417729506
C-50,V,cen8,MG,CORTANTE_APOIO_CENTRAL_LONG_1,q925,769.5379118944406,747,395.6088697835927
C-50,V,cen8,MT,CORTANTE_APOIO_CENTRAL_LONG_1,q925,798.0187214139123,1782,397.8878020387631
C-50,V,cen8,PB,CORTANTE_APOIO_CENTRAL_LONG_1,q925,585.500796312919,200,370.5365265912399
C-50,V,cen8,RJ,CORTANTE_APOIO_CENTRAL_LONG_1,q925,656.3567598418394,200,391.6021703176665
C-50,V,cen8,SP,CORTANTE_APOIO_CENTRAL_LONG_1,q925,782.2068788328826,397,392.35427679870793
C-50,V,cen8,SC,CORTANTE_APOIO_CENTRAL_LONG_1,q925,734.7154735107792,685,396.17889397238355
C-50,V,cen8,PR,CORTANTE_APOIO_CENTRAL_LONG_1,q925,771.8802896414875,990,395.2688551141118
C-50,V,cen2,MG,CORTANTE_APOIO_CENTRAL_LONG_1,q95,780.5546585409902,605,404.82655184393735
C-50,V,cen2,MT,CORTANTE_APOIO_CENTRAL_LONG_1,q95,791.6272442871377,1438,406.8845657763951
C-50,V,cen2,PB,CORTANTE_APOIO_CENTRAL_LONG_1,q95,775.2251110842487,200,375.2875648121213
C-50,V,cen2,RJ,CORTANTE_APOIO_CENTRAL_LONG_1,q95,712.2935030802105,200,396.81265942488665
C-50,V,cen2,SP,CORTANTE_APOIO_CENTRAL_LONG_1,q95,761.5650730581553,326,403.5465833407772
C-50,V,cen2,SC,CORTANTE_APOIO_CENTRAL_LONG_1,q95,754.8097947755189,560,405.3071234043252
C-50,V,cen2,PR,CORTANTE_APOIO_CENTRAL_LONG_1,q95,804.4242747362025,816,404.76350431407616
C-50,V,cen4,MG,CORTANTE_APOIO_CENTRAL_LONG_1,q95,788.1486720105211,517,404.496968320179
C-50,V,cen4,MT,CORTANTE_APOIO_CENTRAL_LONG_1,q95,785.284287146447,1224,406.7143346715019
C-50,V,cen4,PB,CORTANTE_APOIO_CENTRAL_LONG_1,q95,595.8116272801743,200,370.3288341339435
C-50,V,cen4,RJ,CORTANTE_APOIO_CENTRAL_LONG_1,q95,674.5474827666899,200,391.2662984245614
C-50,V,cen4,SP,CORTANTE_APOIO_CENTRAL_LONG_1,q95,797.4183600354083,273,402.3159365702361
C-50,V,cen4,SC,CORTANTE_APOIO_CENTRAL_LONG_1,q95,715.5195237563257,476,405.17580012223596
C-50,V,cen4,PR,CORTANTE_APOIO_CENTRAL_LONG_1,q95,798.4015943850023,701,404.1252346607724
C-50,V,cen6,MG,CORTANTE_APOIO_CENTRAL_LONG_1,q95,773.3935655872056,500,406.6625488464724
C-50,V,cen6,MT,CORTANTE_APOIO_CENTRAL_LONG_1,q95,778.3908014909273,1164,410.6248127363089
C-50,V,cen6,PB,CORTANTE_APOIO_CENTRAL_LONG_1,q95,596.3335183819785,200,368.4039785229888
C-50,V,cen6,RJ,CORTANTE_APOIO_CENTRAL_LONG_1,q95,675.4923826927547,200,389.8242079962666
C-50,V,cen6,SP,CORTANTE_APOIO_CENTRAL_LONG_1,q95,783.1431387828612,266,403.80981943883273
C-50,V,cen6,SC,CORTANTE_APOIO_CENTRAL_LONG_1,q95,689.3933160758008,467,409.35237884917893
C-50,V,cen6,PR,CORTANTE_APOIO_CENTRAL_LONG_1,q95,778.4640016790911,678,408.47429867783916
C-50,V,cen8,MG,CORTANTE_APOIO_CENTRAL_LONG_1,q95,774.0212270923289,498,406.4545650683136
C-50,V,cen8,MT,CORTANTE_APOIO_CENTRAL_LONG_1,q95,793.8017005446541,1188,409.75145263436406
C-50,V,cen8,PB,CORTANTE_APOIO_CENTRAL_LONG_1,q95,585.500796312919,200,370.5365265912399
C-50,V,cen8,RJ,CORTANTE_APOIO_CENTRAL_LONG_1,q95,656.3567598418394,200,391.6021703176665
C-50,V,cen8,SP,CORTANTE_APOIO_CENTRAL_LONG_1,q95,776.0429491885642,265,403.1265585527945
C-50,V,cen8,SC,CORTANTE_APOIO_CENTRAL_LONG_1,q95,742.4982150449156,457,408.33492634159137
C-50,V,cen8,PR,CORTANTE_APOIO_CENTRAL_LONG_1,q95,763.8286450821931,660,406.8818430196631
C-50,V,cen2,MG,CORTANTE_APOIO_CENTRAL_LONG_1,frac058,788.4230284304281,2895,364.0497817039283
C-50,V,cen2,MT,CORTANTE_APOIO_CENTRAL_LONG_1,frac058,805.2885726067259,11273,351.7511915057672
C-50,V,cen2,PB,CORTANTE_APOIO_CENTRAL_LONG_1,frac058,758.2091845322777,752,343.69951218222275
C-50,V,cen2,RJ,CORTANTE_APOIO_CENTRAL_LONG_1,frac058,720.9012126160474,2433,320.04747793641513
C-50,V,cen2,SP,CORTANTE_APOIO_CENTRAL_LONG_1,frac058,773.6457754968534,4072,338.3000299864506
C-50,V,cen2,SC,CORTANTE_APOIO_CENTRAL_LONG_1,frac058,749.0084110844701,7867,334.763018153134
C-50,V,cen2,PR,CORTANTE_APOIO_CENTRAL_LONG_1,frac058,822.9882480548513,5936,352.79030185282215
C-50,V,cen4,MG,CORTANTE_APOIO_CENTRAL_LONG_1,frac058,796.8959526060921,2422,364.0497817039283
C-50,V,cen4,MT,CORTANTE_APOIO_CENTRAL_LONG_1,frac058,805.0014174204925,9450,351.87770345548114
C-50,V,cen4,PB,CORTANTE_APOIO_CENTRAL_LONG_1,frac058,639.5745826271418,1273,280.85413307772734
C-50,V,cen4,RJ,CORTANTE_APOIO_CENTRAL_LONG_1,frac058,700.1215689934559,2059,305.78909425601364
C-50,V,cen4,SP,CORTANTE_APOIO_CENTRAL_LONG_1,frac058,767.2435884622608,3375,338.3000299864506
C-50,V,cen4,SC,CORTANTE_APOIO_CENTRAL_LONG_1,frac058,722.1585775255817,9098,322.0078914681386
C-50,V,cen4,PR,CORTANTE_APOIO_CENTRAL_LONG_1,frac058,806.4904373819377,4931,352.79030254791286
C-50,V,cen6,MG,CORTANTE_APOIO_CENTRAL_LONG_1,frac058,803.1479885787971,2432,364.0497817039283
C-50,V,cen6,MT,CORTANTE_APOIO_CENTRAL_LONG_1,frac058,821.6714209559037,9205,351.87770345548114
C-50,V,cen6,PB,CORTANTE_APOIO_CENTRAL_LONG_1,frac058,634.2496104047373,1207,280.85413307772734
C-50,V,cen6,RJ,CORTANTE_APOIO_CENTRAL_LONG_1,frac058,706.6827465038315,1995,305.78909425601364
C-50,V,cen6,SP,CORTANTE_APOIO_CENTRAL_LONG_1,frac058,766.516770254716,3314,338.3000299864506
C-50,V,cen6,SC,CORTANTE_APOIO_CENTRAL_LONG_1,frac058,728.7687752524021,8957,322.0078914681386
C-50,V,cen6,PR,CORTANTE_APOIO_CENTRAL_LONG_1,frac058,802.4612752619082,4974,352.79030254791286
C-50,V,cen8,MG,CORTANTE_APOIO_CENTRAL_LONG_1,frac058,779.0794269764722,2348,364.0497817039283
C-50,V,cen8,MT,CORTANTE_APOIO_CENTRAL_LONG_1,frac058,812.271608583035,9246,351.87770345548114
C-50,V,cen8,PB,CORTANTE_APOIO_CENTRAL_LONG_1,frac058,631.3638688097578,1254,280.85413307772734
C-50,V,cen8,RJ,CORTANTE_APOIO_CENTRAL_LONG_1,frac058,704.4873087327885,2013,302.39536292289625
C-50,V,cen8,SP,CORTANTE_APOIO_CENTRAL_LONG_1,frac058,766.048558275347,3223,338.3000299864506
C-50,V,cen8,SC,CORTANTE_APOIO_CENTRAL_LONG_1,frac058,755.599931493068,6415,334.1647243836181
C-50,V,cen8,PR,CORTANTE_APOIO_CENTRAL_LONG_1,frac058,800.842552334901,4679,352.81786875749816
C-50,M-,cen2,MG,MOMENTO_(-)_APOIO_CENTRAL_LONG_1,q85,5035.30746917145,200,2372.476717212141
C-50,M-,cen2,MT,MOMENTO_(-)_APOIO_CENTRAL_LONG_1,q85,4655.889103223048,200,2428.3116805222444
C-50,M-,cen2,PB,MOMENTO_(-)_APOIO_CENTRAL_LONG_1,q85,3988.34167358648,20,2210.50601452604
C-50,M-,cen2,RJ,MOMENTO_(-)_APOIO_CENTRAL_LONG_1,q85,4584.965965252248,72,2201.109071703847
C-50,M-,cen2,SP,MOMENTO_(-)_APOIO_CENTRAL_LONG_1,q85,4693.768501836905,200,2282.0888249392065
C-50,M-,cen2,SC,MOMENTO_(-)_APOIO_CENTRAL_LONG_1,q85,4425.927347628285,200,2556.621221608188
C-50,M-,cen2,PR,MOMENTO_(-)_APOIO_CENTRAL_LONG_1,q85,4510.6662339536,200,2652.365640280853
C-50,M-,cen4,MG,MOMENTO_(-)_APOIO_CENTRAL_LONG_1,q85,4421.166074823977,200,2258.6153627213903
C-50,M-,cen4,MT,MOMENTO_(-)_APOIO_CENTRAL_LONG_1,q85,4743.5882599215365,200,2352.212612061828
C-50,M-,cen4,PB,MOMENTO_(-)_APOIO_CENTRAL_LONG_1,q85,2863.413034426832,13,2210.50601452604
C-50,M-,cen4,RJ,MOMENTO_(-)_APOIO_CENTRAL_LONG_1,q85,3860.2651036423104,49,2204.7512715914336
C-50,M-,cen4,SP,MOMENTO_(-)_APOIO_CENTRAL_LONG_1,q85,5178.723040780316,157,2200.713842319374
C-50,M-,cen4,SC,MOMENTO_(-)_APOIO_CENTRAL_LONG_1,q85,3939.125349149082,200,2374.4934276948084
C-50,M-,cen4,PR,MOMENTO_(-)_APOIO_CENTRAL_LONG_1,q85,4370.551607152203,200,2430.030499808623
C-50,M-,cen6,MG,MOMENTO_(-)_APOIO_CENTRAL_LONG_1,q85,4438.751200597262,200,2348.2969383553746
C-50,M-,cen6,MT,MOMENTO_(-)_APOIO_CENTRAL_LONG_1,q85,4665.460463740341,200,2505.476188008241
C-50,M-,cen6,PB,MOMENTO_(-)_APOIO_CENTRAL_LONG_1,q85,2818.631561088826,13,2208.180893496049
C-50,M-,cen6,RJ,MOMENTO_(-)_APOIO_CENTRAL_LONG_1,q85,3530.415571656158,56,2209.7727860298983
C-50,M-,cen6,SP,MOMENTO_(-)_APOIO_CENTRAL_LONG_1,q85,4910.069548915346,200,2225.4778653389035
C-50,M-,cen6,SC,MOMENTO_(-)_APOIO_CENTRAL_LONG_1,q85,4431.408903261089,200,2443.322914360994
C-50,M-,cen6,PR,MOMENTO_(-)_APOIO_CENTRAL_LONG_1,q85,4918.969813289988,200,2512.688222190643
C-50,M-,cen8,MG,MOMENTO_(-)_APOIO_CENTRAL_LONG_1,q85,4358.3540093662805,200,2333.2867569648115
C-50,M-,cen8,MT,MOMENTO_(-)_APOIO_CENTRAL_LONG_1,q85,4476.43742876471,200,2505.735824666736
C-50,M-,cen8,PB,MOMENTO_(-)_APOIO_CENTRAL_LONG_1,q85,3032.139719805962,16,2210.50601452604
C-50,M-,cen8,RJ,MOMENTO_(-)_APOIO_CENTRAL_LONG_1,q85,3970.2601845533204,65,2204.7512715914336
C-50,M-,cen8,SP,MOMENTO_(-)_APOIO_CENTRAL_LONG_1,q85,4922.571614715445,200,2214.667206531315
C-50,M-,cen8,SC,MOMENTO_(-)_APOIO_CENTRAL_LONG_1,q85,4567.85397038866,200,2411.9265489571912
C-50,M-,cen8,PR,MOMENTO_(-)_APOIO_CENTRAL_LONG_1,q85,4442.497778873198,200,2494.200123736714
C-50,M-,cen2,MG,MOMENTO_(-)_APOIO_CENTRAL_LONG_1,q90,5035.30746917145,200,2372.476717212141
C-50,M-,cen2,MT,MOMENTO_(-)_APOIO_CENTRAL_LONG_1,q90,4655.889103223048,200,2428.3116805222444
C-50,M-,cen2,PB,MOMENTO_(-)_APOIO_CENTRAL_LONG_1,q90,3988.34167358648,20,2210.50601452604
C-50,M-,cen2,RJ,MOMENTO_(-)_APOIO_CENTRAL_LONG_1,q90,4584.965965252248,72,2201.109071703847
C-50,M-,cen2,SP,MOMENTO_(-)_APOIO_CENTRAL_LONG_1,q90,4693.768501836905,200,2282.0888249392065
C-50,M-,cen2,SC,MOMENTO_(-)_APOIO_CENTRAL_LONG_1,q90,4425.927347628285,200,2556.621221608188
C-50,M-,cen2,PR,MOMENTO_(-)_APOIO_CENTRAL_LONG_1,q90,4510.6662339536,200,2652.365640280853
C-50,M-,cen4,MG,MOMENTO_(-)_APOIO_CENTRAL_LONG_1,q90,4421.166074823977,200,2258.6153627213903
C-50,M-,cen4,MT,MOMENTO_(-)_APOIO_CENTRAL_LONG_1,q90,4743.5882599215365,200,2352.212612061828
C-50,M-,cen4,PB,MOMENTO_(-)_APOIO_CENTRAL_LONG_1,q90,2863.413034426832,13,2210.50601452604
C-50,M-,cen4,RJ,MOMENTO_(-)_APOIO_CENTRAL_LONG_1,q90,3860.2651036423104,49,2204.7512715914336
C-50,M-,cen4,SP,MOMENTO_(-)_APOIO_CENTRAL_LONG_1,q90,5178.723040780316,157,2200.713842319374
C-50,M-,cen4,SC,MOMENTO_(-)_APOIO_CENTRAL_LONG_1,q90,3939.125349149082,200,2374.4934276948084
C-50,M-,cen4,PR,MOMENTO_(-)_APOIO_CENTRAL_LONG_1,q90,4370.551607152203,200,2430.030499808623
C-50,M-,cen6,MG,MOMENTO_(-)_APOIO_CENTRAL_LONG_1,q90,4438.751200597262,200,2348.2969383553746
C-50,M-,cen6,MT,MOMENTO_(-)_APOIO_CENTRAL_LONG_1,q90,4665.460463740341,200,2505.476188008241
C-50,M-,cen6,PB,MOMENTO_(-)_APOIO_CENTRAL_LONG_1,q90,2818.631561088826,13,2208.180893496049
C-50,M-,cen6,RJ,MOMENTO_(-)_APOIO_CENTRAL_LONG_1,q90,3530.415571656158,56,2209.7727860298983
C-50,M-,cen6,SP,MOMENTO_(-)_APOIO_CENTRAL_LONG_1,q90,4910.069548915346,200,2225.4778653389035
C-50,M-,cen6,SC,MOMENTO_(-)_APOIO_CENTRAL_LONG_1,q90,4431.408903261089,200,2443.322914360994
C-50,M-,cen6,PR,MOMENTO_(-)_APOIO_CENTRAL_LONG_1,q90,4918.969813289988,200,2512.688222190643
C-50,M-,cen8,MG,MOMENTO_(-)_APOIO_CENTRAL_LONG_1,q90,4358.3540093662805,200,2333.2867569648115
C-50,M-,cen8,MT,MOMENTO_(-)_APOIO_CENTRAL_LONG_1,q90,4476.43742876471,200,2505.735824666736
C-50,M-,cen8,PB,MOMENTO_(-)_APOIO_CENTRAL_LONG_1,q90,3032.139719805962,16,2210.50601452604
C-50,M-,cen8,RJ,MOMENTO_(-)_APOIO_CENTRAL_LONG_1,q90,3970.2601845533204,65,2204.7512715914336
C-50,M-,cen8,SP,MOMENTO_(-)_APOIO_CENTRAL_LONG_1,q90,4922.571614715445,200,2214.667206531315
C-50,M-,cen8,SC,MOMENTO_(-)_APOIO_CENTRAL_LONG_1,q90,4567.85397038866,200,2411.9265489571912
C-50,M-,cen8,PR,MOMENTO_(-)_APOIO_CENTRAL_LONG_1,q90,4442.497778873198,200,2494.200123736714
C-50,M-,cen2,MG,MOMENTO_(-)_APOIO_CENTRAL_LONG_1,q925,5035.30746917145,200,2372.476717212141
C-50,M-,cen2,MT,MOMENTO_(-)_APOIO_CENTRAL_LONG_1,q925,4655.889103223048,200,2428.3116805222444
C-50,M-,cen2,PB,MOMENTO_(-)_APOIO_CENTRAL_LONG_1,q925,3988.34167358648,20,2210.50601452604
C-50,M-,cen2,RJ,MOMENTO_(-)_APOIO_CENTRAL_LONG_1,q925,4584.965965252248,72,2201.109071703847
C-50,M-,cen2,SP,MOMENTO_(-)_APOIO_CENTRAL_LONG_1,q925,4693.768501836905,200,2282.0888249392065
C-50,M-,cen2,SC,MOMENTO_(-)_APOIO_CENTRAL_LONG_1,q925,4425.927347628285,200,2556.621221608188
C-50,M-,cen2,PR,MOMENTO_(-)_APOIO_CENTRAL_LONG_1,q925,4510.6662339536,200,2652.365640280853
C-50,M-,cen4,MG,MOMENTO_(-)_APOIO_CENTRAL_LONG_1,q925,4421.166074823977,200,2258.6153627213903
C-50,M-,cen4,MT,MOMENTO_(-)_APOIO_CENTRAL_LONG_1,q925,4743.5882599215365,200,2352.212612061828
C-50,M-,cen4,PB,MOMENTO_(-)_APOIO_CENTRAL_LONG_1,q925,2863.413034426832,13,2210.50601452604
C-50,M-,cen4,RJ,MOMENTO_(-)_APOIO_CENTRAL_LONG_1,q925,3860.2651036423104,49,2204.7512715914336
C-50,M-,cen4,SP,MOMENTO_(-)_APOIO_CENTRAL_LONG_1,q925,5178.723040780316,157,2200.713842319374
C-50,M-,cen4,SC,MOMENTO_(-)_APOIO_CENTRAL_LONG_1,q925,3939.125349149082,200,2374.4934276948084
C-50,M-,cen4,PR,MOMENTO_(-)_APOIO_CENTRAL_LONG_1,q925,4370.551607152203,200,2430.030499808623
C-50,M-,cen6,MG,MOMENTO_(-)_APOIO_CENTRAL_LONG_1,q925,4438.751200597262,200,2348.2969383553746
C-50,M-,cen6,MT,MOMENTO_(-)_APOIO_CENTRAL_LONG_1,q925,4665.460463740341,200,2505.476188008241
C-50,M-,cen6,PB,MOMENTO_(-)_APOIO_CENTRAL_LONG_1,q925,2818.631561088826,13,2208.180893496049
C-50,M-,cen6,RJ,MOMENTO_(-)_APOIO_CENTRAL_LONG_1,q925,3530.415571656158,56,2209.7727860298983
C-50,M-,cen6,SP,MOMENTO_(-)_APOIO_CENTRAL_LONG_1,q925,4910.069548915346,200,2225.4778653389035
C-50,M-,cen6,SC,MOMENTO_(-)_APOIO_CENTRAL_LONG_1,q925,4431.408903261089,200,2443.322914360994
C-50,M-,cen6,PR,MOMENTO_(-)_APOIO_CENTRAL_LONG_1,q925,4918.969813289988,200,2512.688222190643
C-50,M-,cen8,MG,MOMENTO_(-)_APOIO_CENTRAL_LONG_1,q925,4358.3540093662805,200,2333.2867569648115
C-50,M-,cen8,MT,MOMENTO_(-)_APOIO_CENTRAL_LONG_1,q925,4476.43742876471,200,2505.735824666736
C-50,M-,cen8,PB,MOMENTO_(-)_APOIO_CENTRAL_LONG_1,q925,3032.139719805962,16,2210.50601452604
C-50,M-,cen8,RJ,MOMENTO_(-)_APOIO_CENTRAL_LONG_1,q925,3970.2601845533204,65,2204.7512715914336
C-50,M-,cen8,SP,MOMENTO_(-)_APOIO_CENTRAL_LONG_1,q925,4922.571614715445,200,2214.667206531315
C-50,M-,cen8,SC,MOMENTO_(-)_APOIO_CENTRAL_LONG_1,q925,4567.85397038866,200,2411.9265489571912
C-50,M-,cen8,PR,MOMENTO_(-)_APOIO_CENTRAL_LONG_1,q925,4442.497778873198,200,2494.200123736714
C-50,M-,cen2,MG,MOMENTO_(-)_APOIO_CENTRAL_LONG_1,q95,5035.30746917145,200,2372.476717212141
C-50,M-,cen2,MT,MOMENTO_(-)_APOIO_CENTRAL_LONG_1,q95,4655.889103223048,200,2428.3116805222444
C-50,M-,cen2,PB,MOMENTO_(-)_APOIO_CENTRAL_LONG_1,q95,3988.34167358648,20,2210.50601452604
C-50,M-,cen2,RJ,MOMENTO_(-)_APOIO_CENTRAL_LONG_1,q95,4584.965965252248,72,2201.109071703847
C-50,M-,cen2,SP,MOMENTO_(-)_APOIO_CENTRAL_LONG_1,q95,4693.768501836905,200,2282.0888249392065
C-50,M-,cen2,SC,MOMENTO_(-)_APOIO_CENTRAL_LONG_1,q95,4425.927347628285,200,2556.621221608188
C-50,M-,cen2,PR,MOMENTO_(-)_APOIO_CENTRAL_LONG_1,q95,4510.6662339536,200,2652.365640280853
C-50,M-,cen4,MG,MOMENTO_(-)_APOIO_CENTRAL_LONG_1,q95,4421.166074823977,200,2258.6153627213903
C-50,M-,cen4,MT,MOMENTO_(-)_APOIO_CENTRAL_LONG_1,q95,4743.5882599215365,200,2352.212612061828
C-50,M-,cen4,PB,MOMENTO_(-)_APOIO_CENTRAL_LONG_1,q95,2863.413034426832,13,2210.50601452604
C-50,M-,cen4,RJ,MOMENTO_(-)_APOIO_CENTRAL_LONG_1,q95,3860.2651036423104,49,2204.7512715914336
C-50,M-,cen4,SP,MOMENTO_(-)_APOIO_CENTRAL_LONG_1,q95,5178.723040780316,157,2200.713842319374
C-50,M-,cen4,SC,MOMENTO_(-)_APOIO_CENTRAL_LONG_1,q95,3939.125349149082,200,2374.4934276948084
C-50,M-,cen4,PR,MOMENTO_(-)_APOIO_CENTRAL_LONG_1,q95,4370.551607152203,200,2430.030499808623
C-50,M-,cen6,MG,MOMENTO_(-)_APOIO_CENTRAL_LONG_1,q95,4438.751200597262,200,2348.2969383553746
C-50,M-,cen6,MT,MOMENTO_(-)_APOIO_CENTRAL_LONG_1,q95,4665.460463740341,200,2505.476188008241
C-50,M-,cen6,PB,MOMENTO_(-)_APOIO_CENTRAL_LONG_1,q95,2818.631561088826,13,2208.180893496049
C-50,M-,cen6,RJ,MOMENTO_(-)_APOIO_CENTRAL_LONG_1,q95,3530.415571656158,56,2209.7727860298983
C-50,M-,cen6,SP,MOMENTO_(-)_APOIO_CENTRAL_LONG_1,q95,4910.069548915346,200,2225.4778653389035
C-50,M-,cen6,SC,MOMENTO_(-)_APOIO_CENTRAL_LONG_1,q95,4431.408903261089,200,2443.322914360994
C-50,M-,cen6,PR,MOMENTO_(-)_APOIO_CENTRAL_LONG_1,q95,4918.969813289988,200,2512.688222190643
C-50,M-,cen8,MG,MOMENTO_(-)_APOIO_CENTRAL_LONG_1,q95,4358.3540093662805,200,2333.2867569648115
C-50,M-,cen8,MT,MOMENTO_(-)_APOIO_CENTRAL_LONG_1,q95,4476.43742876471,200,2505.735824666736
C-50,M-,cen8,PB,MOMENTO_(-)_APOIO_CENTRAL_LONG_1,q95,3032.139719805962,16,2210.50601452604
C-50,M-,cen8,RJ,MOMENTO_(-)_APOIO_CENTRAL_LONG_1,q95,3970.2601845533204,65,2204.7512715914336
C-50,M-,cen8,SP,MOMENTO_(-)_APOIO_CENTRAL_LONG_1,q95,4922.571614715445,200,2214.667206531315
C-50,M-,cen8,SC,MOMENTO_(-)_APOIO_CENTRAL_LONG_1,q95,4567.85397038866,200,2411.9265489571912
C-50,M-,cen8,PR,MOMENTO_(-)_APOIO_CENTRAL_LONG_1,q95,4442.497778873198,200,2494.200123736714
C-50,M-,cen2,MG,MOMENTO_(-)_APOIO_CENTRAL_LONG_1,frac058,5179.0137559552795,437,2200.208553137669
C-50,M-,cen2,MT,MOMENTO_(-)_APOIO_CENTRAL_LONG_1,frac058,5297.29615475621,608,2036.3833864729395
C-50,M-,cen2,PB,MOMENTO_(-)_APOIO_CENTRAL_LONG_1,frac058,3988.34167358648,20,2210.50601452604
C-50,M-,cen2,RJ,MOMENTO_(-)_APOIO_CENTRAL_LONG_1,frac058,4584.965965252248,72,2201.109071703847
C-50,M-,cen2,SP,MOMENTO_(-)_APOIO_CENTRAL_LONG_1,frac058,4704.334384820531,292,2078.4869218751087
C-50,M-,cen2,SC,MOMENTO_(-)_APOIO_CENTRAL_LONG_1,frac058,4622.970544433489,765,2097.257371311445
C-50,M-,cen2,PR,MOMENTO_(-)_APOIO_CENTRAL_LONG_1,frac058,5183.241952827011,917,2114.9278421197705
C-50,M-,cen4,MG,MOMENTO_(-)_APOIO_CENTRAL_LONG_1,frac058,4530.323001487822,271,1899.9257849564935
C-50,M-,cen4,MT,MOMENTO_(-)_APOIO_CENTRAL_LONG_1,frac058,5081.407429576608,450,1976.8467960328887
C-50,M-,cen4,PB,MOMENTO_(-)_APOIO_CENTRAL_LONG_1,frac058,2863.413034426832,13,2210.50601452604
C-50,M-,cen4,RJ,MOMENTO_(-)_APOIO_CENTRAL_LONG_1,frac058,3860.2651036423104,49,2204.7512715914336
C-50,M-,cen4,SP,MOMENTO_(-)_APOIO_CENTRAL_LONG_1,frac058,5178.723040780316,157,2200.713842319374
C-50,M-,cen4,SC,MOMENTO_(-)_APOIO_CENTRAL_LONG_1,frac058,4132.654883077607,430,1930.1796978353318
C-50,M-,cen4,PR,MOMENTO_(-)_APOIO_CENTRAL_LONG_1,frac058,4677.453406838553,521,2025.6638718332456
C-50,M-,cen6,MG,MOMENTO_(-)_APOIO_CENTRAL_LONG_1,frac058,4585.115909686477,435,2001.4024798940984
C-50,M-,cen6,MT,MOMENTO_(-)_APOIO_CENTRAL_LONG_1,frac058,4756.178735378458,941,2060.4264461769335
C-50,M-,cen6,PB,MOMENTO_(-)_APOIO_CENTRAL_LONG_1,frac058,2818.631561088826,13,2208.180893496049
C-50,M-,cen6,RJ,MOMENTO_(-)_APOIO_CENTRAL_LONG_1,frac058,3530.415571656158,56,2209.7727860298983
C-50,M-,cen6,SP,MOMENTO_(-)_APOIO_CENTRAL_LONG_1,frac058,4933.7032565126165,227,2087.2676511773516
C-50,M-,cen6,SC,MOMENTO_(-)_APOIO_CENTRAL_LONG_1,frac058,4429.718448969829,584,2014.5555396816526
C-50,M-,cen6,PR,MOMENTO_(-)_APOIO_CENTRAL_LONG_1,frac058,4874.924831669492,790,2158.323482948564
C-50,M-,cen8,MG,MOMENTO_(-)_APOIO_CENTRAL_LONG_1,frac058,4459.063264749922,390,1899.9257849564935
C-50,M-,cen8,MT,MOMENTO_(-)_APOIO_CENTRAL_LONG_1,frac058,4611.267249233375,887,1976.8467960328887
C-50,M-,cen8,PB,MOMENTO_(-)_APOIO_CENTRAL_LONG_1,frac058,3032.139719805962,16,2210.50601452604
C-50,M-,cen8,RJ,MOMENTO_(-)_APOIO_CENTRAL_LONG_1,frac058,3970.2601845533204,65,2204.7512715914336
C-50,M-,cen8,SP,MOMENTO_(-)_APOIO_CENTRAL_LONG_1,frac058,4893.857330383555,216,2083.5467994887285
C-50,M-,cen8,SC,MOMENTO_(-)_APOIO_CENTRAL_LONG_1,frac058,4470.058386538052,527,2127.471083399343
C-50,M-,cen8,PR,MOMENTO_(-)_APOIO_CENTRAL_LONG_1,frac058,4755.001739552944,710,2025.6638718332456
