stream,composition_group,stream_aadtt_dir,bridge,system,span_m,n_girders,load_effect,unit,lane_layout,governing_section,governing_girder,threshold_u,n_exceedances,max_observed_30d,gpd_shape_xi,gpd_scale_sigma,q117,q117_over_max_observed,tail_fraction_pct,ks_statistic,ks_critical,ks_pass
MG,intermediate,6470,C-10,two_span_continuous,10,2,M+,kN.m,2o,second_span_0.4L,1,586.4,50,675.003,0.0,28.2102,901.589,1.3357,0.082,0.09856,0.19233,True
MG,intermediate,6470,C-10,two_span_continuous,10,2,M+,kN.m,2s,second_span_0.4L,1,569.117,50,663.536,0.0,25.0917,849.464,1.2802,0.098,0.07145,0.19233,True
MG,intermediate,6470,C-10,two_span_continuous,10,2,M+,kN.m,3s,second_span_0.4L,1,599.35,50,777.444,0.0,36.1599,1003.36,1.2906,0.104,0.05902,0.19233,True
MG,intermediate,6470,C-10,two_span_continuous,10,2,M+,kN.m,3o,second_span_0.4L,1,602.903,50,699.845,0.0,26.7626,901.919,1.2887,0.097,0.1377,0.19233,True
MT,heavy,4232,C-10,two_span_continuous,10,2,M+,kN.m,2o,first_span_0.4L,1,528.658,50,703.904,0.0,30.6381,870.975,1.2373,0.111,0.0934,0.19233,True
MT,heavy,4232,C-10,two_span_continuous,10,2,M+,kN.m,2s,first_span_0.4L,1,508.185,50,703.904,0.0,29.8874,842.114,1.1963,0.134,0.11558,0.19233,True
MT,heavy,4232,C-10,two_span_continuous,10,2,M+,kN.m,3s,second_span_0.4L,1,605.882,50,705.685,0.0,29.9348,940.341,1.3325,0.1,0.08072,0.19233,True
MT,heavy,4232,C-10,two_span_continuous,10,2,M+,kN.m,3o,second_span_0.4L,1,609.017,50,710.944,0.0,30.4182,948.877,1.3347,0.093,0.08542,0.19233,True
PB,light,2635,C-10,two_span_continuous,10,2,M+,kN.m,2o,second_span_0.4L,1,525.285,50,627.314,0.0,23.103,783.412,1.2488,0.549,0.07766,0.19233,True
PB,light,2635,C-10,two_span_continuous,10,2,M+,kN.m,2s,second_span_0.4L,1,518.624,50,601.805,0.0,20.541,748.126,1.2431,0.652,0.07025,0.19233,True
PB,light,2635,C-10,two_span_continuous,10,2,M+,kN.m,3s,second_span_0.4L,1,521.555,50,666.167,0.0,26.2891,815.28,1.2238,0.688,0.10462,0.19233,True
PB,light,2635,C-10,two_span_continuous,10,2,M+,kN.m,3o,second_span_0.4L,1,520.688,50,601.805,0.0,21.4848,760.735,1.2641,0.649,0.08984,0.19233,True
PR,intermediate,7699,C-10,two_span_continuous,10,2,M+,kN.m,2o,second_span_0.4L,1,594.691,50,710.553,0.0,26.1092,886.406,1.2475,0.065,0.13693,0.19233,True
PR,intermediate,7699,C-10,two_span_continuous,10,2,M+,kN.m,2s,second_span_0.4L,1,575.206,50,711.449,0.0,29.8711,908.953,1.2776,0.078,0.14619,0.19233,True
PR,intermediate,7699,C-10,two_span_continuous,10,2,M+,kN.m,3s,first_span_0.4L,1,565.361,50,752.545,0.0,25.083,845.611,1.1237,0.131,0.12983,0.19233,True
PR,intermediate,7699,C-10,two_span_continuous,10,2,M+,kN.m,3o,second_span_0.4L,1,609.783,50,711.449,0.0,36.7923,1020.861,1.4349,0.077,0.16526,0.19233,True
RJ,light,6230,C-10,two_span_continuous,10,2,M+,kN.m,2o,second_span_0.4L,1,565.461,50,729.014,0.0,27.0295,867.459,1.1899,0.156,0.13802,0.19233,True
RJ,light,6230,C-10,two_span_continuous,10,2,M+,kN.m,2s,second_span_0.4L,1,549.982,50,668.206,0.0,21.5186,790.407,1.1829,0.187,0.0882,0.19233,True
RJ,light,6230,C-10,two_span_continuous,10,2,M+,kN.m,3s,second_span_0.4L,1,560.687,50,668.206,0.0,31.8659,916.721,1.3719,0.198,0.10596,0.19233,True
RJ,light,6230,C-10,two_span_continuous,10,2,M+,kN.m,3o,second_span_0.4L,1,564.166,50,684.506,0.0,28.3218,880.602,1.2865,0.185,0.11047,0.19233,True
SC,intermediate,8414,C-10,two_span_continuous,10,2,M+,kN.m,2o,second_span_0.4L,1,595.03,50,739.477,0.0,29.2549,921.892,1.2467,0.069,0.13202,0.19233,True
SC,intermediate,8414,C-10,two_span_continuous,10,2,M+,kN.m,2s,second_span_0.4L,1,579.725,50,739.477,0.0,34.5445,965.687,1.3059,0.084,0.06602,0.19233,True
SC,intermediate,8414,C-10,two_span_continuous,10,2,M+,kN.m,3s,second_span_0.4L,1,613.422,50,759.546,0.0,33.7112,990.074,1.3035,0.088,0.10281,0.19233,True
SC,intermediate,8414,C-10,two_span_continuous,10,2,M+,kN.m,3o,second_span_0.4L,1,621.356,50,740.508,0.0,28.0156,934.371,1.2618,0.083,0.08337,0.19233,True
SP,light,7499,C-10,two_span_continuous,10,2,M+,kN.m,2o,second_span_0.4L,1,580.55,50,689.1,0.0,29.6638,911.981,1.3234,0.094,0.12443,0.19233,True
SP,light,7499,C-10,two_span_continuous,10,2,M+,kN.m,2s,second_span_0.4L,1,563.892,50,689.1,0.0,33.6826,940.225,1.3644,0.113,0.09115,0.19233,True
SP,light,7499,C-10,two_span_continuous,10,2,M+,kN.m,3s,second_span_0.4L,1,592.8,50,695.666,0.0,32.4193,955.017,1.3728,0.12,0.09037,0.19233,True
SP,light,7499,C-10,two_span_continuous,10,2,M+,kN.m,3o,second_span_0.4L,1,595.64,50,756.704,0.0,31.0561,942.627,1.2457,0.112,0.07673,0.19233,True
ROSSIGALI,,7019,C-10,two_span_continuous,10,2,M+,kN.m,2o,second_span_0.4L,1,673.029,50,822.085,0.0,34.9225,1063.214,1.2933,0.119,0.06834,0.19233,True
ROSSIGALI,,7019,C-10,two_span_continuous,10,2,M+,kN.m,2s,second_span_0.4L,1,664.335,50,822.085,0.0,32.1941,1024.036,1.2457,0.142,0.09681,0.19233,True
ROSSIGALI,,7019,C-10,two_span_continuous,10,2,M+,kN.m,3s,second_span_0.4L,1,664.335,50,853.361,0.0,32.2734,1024.922,1.201,0.15,0.08272,0.19233,True
ROSSIGALI,,7019,C-10,two_span_continuous,10,2,M+,kN.m,3o,second_span_0.4L,1,668.293,50,822.085,0.0,34.5958,1054.828,1.2831,0.141,0.10814,0.19233,True
MG,intermediate,6470,C-10,two_span_continuous,10,2,M-,kN.m,2o,central_support,1,615.495,50,774.327,0.0,21.0702,850.91,1.0989,0.079,0.0975,0.19233,True
MG,intermediate,6470,C-10,two_span_continuous,10,2,M-,kN.m,2s,central_support,1,587.295,50,657.575,0.0,24.8458,864.895,1.3153,0.094,0.13249,0.19233,True
MG,intermediate,6470,C-10,two_span_continuous,10,2,M-,kN.m,3s,central_support,1,660.81,50,814.627,0.0,37.3957,1078.627,1.3241,0.099,0.14069,0.19233,True
MG,intermediate,6470,C-10,two_span_continuous,10,2,M-,kN.m,3o,central_support,1,635.712,50,732.682,0.0,35.6023,1033.493,1.4106,0.093,0.0926,0.19233,True
MT,heavy,4232,C-10,two_span_continuous,10,2,M-,kN.m,2o,central_support,1,633.317,50,681.089,0.0,15.7735,809.553,1.1886,0.069,0.07402,0.19233,True
MT,heavy,4232,C-10,two_span_continuous,10,2,M-,kN.m,2s,central_support,1,609.252,50,684.58,0.0,22.207,857.368,1.2524,0.081,0.08083,0.19233,True
MT,heavy,4232,C-10,two_span_continuous,10,2,M-,kN.m,3s,central_support,1,684.619,50,765.014,0.0,28.887,1007.37,1.3168,0.086,0.10986,0.19233,True
MT,heavy,4232,C-10,two_span_continuous,10,2,M-,kN.m,3o,central_support,1,688.861,50,794.979,0.0,29.3897,1017.229,1.2796,0.081,0.08793,0.19233,True
PB,light,2635,C-10,two_span_continuous,10,2,M-,kN.m,2o,central_support,1,541.937,50,651.38,0.0,21.9544,787.231,1.2086,0.557,0.0888,0.19233,True
PB,light,2635,C-10,two_span_continuous,10,2,M-,kN.m,2s,central_support,1,533.82,50,651.38,0.0,16.2464,715.339,1.0982,0.657,0.17299,0.19233,True
PB,light,2635,C-10,two_span_continuous,10,2,M-,kN.m,3s,central_support,1,537.138,50,688.383,0.0,30.1218,873.685,1.2692,0.694,0.24237,0.19233,False
PB,light,2635,C-10,two_span_continuous,10,2,M-,kN.m,3o,central_support,1,536.194,50,651.38,0.0,21.0812,771.732,1.1848,0.654,0.15781,0.19233,True
PR,intermediate,7699,C-10,two_span_continuous,10,2,M-,kN.m,2o,central_support,1,628.588,50,749.992,0.0,28.5236,947.279,1.2631,0.061,0.14575,0.19233,True
PR,intermediate,7699,C-10,two_span_continuous,10,2,M-,kN.m,2s,central_support,1,602.523,50,749.992,0.0,30.4065,942.252,1.2564,0.073,0.08013,0.19233,True
PR,intermediate,7699,C-10,two_span_continuous,10,2,M-,kN.m,3s,central_support,1,676.422,50,785.124,0.0,29.3335,1004.163,1.279,0.077,0.0828,0.19233,True
PR,intermediate,7699,C-10,two_span_continuous,10,2,M-,kN.m,3o,central_support,1,676.414,50,782.402,0.0,32.0492,1034.497,1.3222,0.072,0.14983,0.19233,True
RJ,light,6230,C-10,two_span_continuous,10,2,M-,kN.m,2o,central_support,1,572.402,50,780.982,0.0,21.8993,817.08,1.0462,0.164,0.14471,0.19233,True
RJ,light,6230,C-10,two_span_continuous,10,2,M-,kN.m,2s,central_support,1,553.067,50,780.982,0.0,28.1485,867.567,1.1109,0.196,0.09983,0.19233,True
RJ,light,6230,C-10,two_span_continuous,10,2,M-,kN.m,3s,central_support,1,572.111,50,780.982,0.0,39.4936,1013.369,1.2976,0.208,0.09423,0.19233,True
RJ,light,6230,C-10,two_span_continuous,10,2,M-,kN.m,3o,central_support,1,568.094,50,780.982,0.0,35.2899,962.385,1.2323,0.195,0.19971,0.19233,False
SC,intermediate,8414,C-10,two_span_continuous,10,2,M-,kN.m,2o,central_support,1,623.097,50,752.966,0.0,29.8301,956.386,1.2702,0.067,0.1183,0.19233,True
SC,intermediate,8414,C-10,two_span_continuous,10,2,M-,kN.m,2s,central_support,1,599.146,50,752.712,0.0,29.7825,931.903,1.2381,0.08,0.10562,0.19233,True
SC,intermediate,8414,C-10,two_span_continuous,10,2,M-,kN.m,3s,central_support,1,659.489,50,803.167,0.0,37.2821,1076.038,1.3397,0.084,0.11997,0.19233,True
SC,intermediate,8414,C-10,two_span_continuous,10,2,M-,kN.m,3o,central_support,1,657.39,50,770.747,0.0,34.82,1046.43,1.3577,0.079,0.13697,0.19233,True
SP,light,7499,C-10,two_span_continuous,10,2,M-,kN.m,2o,central_support,1,606.746,50,747.291,0.0,23.0422,864.194,1.1564,0.098,0.12942,0.19233,True
SP,light,7499,C-10,two_span_continuous,10,2,M-,kN.m,2s,central_support,1,581.906,50,747.291,0.0,29.1277,907.347,1.2142,0.118,0.08143,0.19233,True
SP,light,7499,C-10,two_span_continuous,10,2,M-,kN.m,3s,central_support,1,611.199,50,791.618,0.0,41.9099,1079.455,1.3636,0.125,0.09441,0.19233,True
SP,light,7499,C-10,two_span_continuous,10,2,M-,kN.m,3o,central_support,1,621.452,50,757.204,0.0,42.8102,1099.766,1.4524,0.117,0.09813,0.19233,True
ROSSIGALI,,7019,C-10,two_span_continuous,10,2,M-,kN.m,2o,central_support,1,596.62,50,776.929,0.0,29.7608,929.135,1.1959,0.123,0.13198,0.19233,True
ROSSIGALI,,7019,C-10,two_span_continuous,10,2,M-,kN.m,2s,central_support,1,581.253,50,776.929,0.0,32.0949,939.845,1.2097,0.147,0.10736,0.19233,True
ROSSIGALI,,7019,C-10,two_span_continuous,10,2,M-,kN.m,3s,central_support,1,600.708,50,776.929,0.0,40.5482,1053.749,1.3563,0.155,0.10277,0.19233,True
ROSSIGALI,,7019,C-10,two_span_continuous,10,2,M-,kN.m,3o,central_support,1,597.014,50,776.929,0.0,36.79,1008.064,1.2975,0.146,0.13698,0.19233,True
MG,intermediate,6470,C-10,two_span_continuous,10,2,V,kN,2o,central_support,1,358.631,50,398.23,0.0,10.5823,476.865,1.1975,0.075,0.08827,0.19233,True
MG,intermediate,6470,C-10,two_span_continuous,10,2,V,kN,2s,central_support,1,350.27,50,384.135,0.0,10.2104,464.349,1.2088,0.09,0.09319,0.19233,True
MG,intermediate,6470,C-10,two_span_continuous,10,2,V,kN,3s,central_support,1,374.874,50,468.675,0.0,19.948,597.751,1.2754,0.095,0.10223,0.19233,True
MG,intermediate,6470,C-10,two_span_continuous,10,2,V,kN,3o,central_support,1,371.959,50,443.908,0.0,12.5925,512.653,1.1549,0.089,0.13125,0.19233,True
MT,heavy,4232,C-10,two_span_continuous,10,2,V,kN,2o,central_support,1,368.894,50,471.27,0.0,13.0654,514.872,1.0925,0.069,0.14497,0.19233,True
MT,heavy,4232,C-10,two_span_continuous,10,2,V,kN,2s,central_support,1,363.209,50,471.27,0.0,10.9663,485.734,1.0307,0.081,0.10989,0.19233,True
MT,heavy,4232,C-10,two_span_continuous,10,2,V,kN,3s,central_support,1,387.929,50,474.23,0.0,19.2035,602.488,1.2705,0.086,0.11522,0.19233,True
MT,heavy,4232,C-10,two_span_continuous,10,2,V,kN,3o,central_support,1,385.783,50,471.27,0.0,20.9205,619.525,1.3146,0.081,0.09166,0.19233,True
PB,light,2635,C-10,two_span_continuous,10,2,V,kN,2o,central_support,1,323.913,50,368.692,0.0,12.6228,464.947,1.2611,0.498,0.11188,0.19233,True
PB,light,2635,C-10,two_span_continuous,10,2,V,kN,2s,central_support,1,320.383,50,356.433,0.0,11.2977,446.611,1.253,0.591,0.09604,0.19233,True
PB,light,2635,C-10,two_span_continuous,10,2,V,kN,3s,central_support,1,321.682,50,385.785,0.0,15.055,489.89,1.2699,0.624,0.08226,0.19233,True
PB,light,2635,C-10,two_span_continuous,10,2,V,kN,3o,central_support,1,322.351,50,366.83,0.0,13.1463,469.233,1.2792,0.588,0.10376,0.19233,True
PR,intermediate,7699,C-10,two_span_continuous,10,2,V,kN,2o,central_support,1,365.034,50,466.32,0.0,19.5632,583.612,1.2515,0.058,0.12194,0.19233,True
PR,intermediate,7699,C-10,two_span_continuous,10,2,V,kN,2s,central_support,1,358.547,50,466.32,0.0,15.787,534.934,1.1471,0.07,0.15183,0.19233,True
PR,intermediate,7699,C-10,two_span_continuous,10,2,V,kN,3s,central_support,1,387.047,50,483.046,0.0,21.5261,627.556,1.2992,0.073,0.11617,0.19233,True
PR,intermediate,7699,C-10,two_span_continuous,10,2,V,kN,3o,central_support,1,387.162,50,466.32,0.0,19.8775,609.251,1.3065,0.069,0.10802,0.19233,True
RJ,light,6230,C-10,two_span_continuous,10,2,V,kN,2o,central_support,1,336.956,50,397.724,0.0,11.0468,460.38,1.1575,0.15,0.0824,0.19233,True
RJ,light,6230,C-10,two_span_continuous,10,2,V,kN,2s,central_support,1,331.062,50,397.724,0.0,12.9964,476.269,1.1975,0.18,0.07234,0.19233,True
RJ,light,6230,C-10,two_span_continuous,10,2,V,kN,3s,central_support,1,338.417,50,414.689,0.0,20.3161,565.407,1.3634,0.19,0.10559,0.19233,True
RJ,light,6230,C-10,two_span_continuous,10,2,V,kN,3o,central_support,1,338.723,50,408.088,0.0,16.8585,527.081,1.2916,0.178,0.07577,0.19233,True
SC,intermediate,8414,C-10,two_span_continuous,10,2,V,kN,2o,central_support,1,364.743,50,430.27,0.0,19.478,582.368,1.3535,0.062,0.10621,0.19233,True
SC,intermediate,8414,C-10,two_span_continuous,10,2,V,kN,2s,central_support,1,351.602,50,436.897,0.0,16.963,541.128,1.2386,0.076,0.11737,0.19233,True
SC,intermediate,8414,C-10,two_span_continuous,10,2,V,kN,3s,central_support,1,383.569,50,470.535,0.0,17.451,578.548,1.2296,0.079,0.10176,0.19233,True
SC,intermediate,8414,C-10,two_span_continuous,10,2,V,kN,3o,central_support,1,374.597,50,460.769,0.0,20.1581,599.821,1.3018,0.074,0.07409,0.19233,True
SP,light,7499,C-10,two_span_continuous,10,2,V,kN,2o,central_support,1,356.243,50,466.32,0.0,14.8249,521.881,1.1191,0.089,0.09266,0.19233,True
SP,light,7499,C-10,two_span_continuous,10,2,V,kN,2s,central_support,1,345.053,50,466.32,0.0,15.1081,513.854,1.1019,0.108,0.09576,0.19233,True
SP,light,7499,C-10,two_span_continuous,10,2,V,kN,3s,central_support,1,362.248,50,466.32,0.0,21.4872,602.322,1.2917,0.114,0.09524,0.19233,True
SP,light,7499,C-10,two_span_continuous,10,2,V,kN,3o,central_support,1,364.605,50,466.32,0.0,15.8094,541.242,1.1607,0.106,0.13915,0.19233,True
ROSSIGALI,,7019,C-10,two_span_continuous,10,2,V,kN,2o,central_support,1,388.668,50,471.808,0.0,22.8279,643.721,1.3644,0.105,0.07021,0.19233,True
ROSSIGALI,,7019,C-10,two_span_continuous,10,2,V,kN,2s,central_support,1,382.948,50,471.808,0.0,20.94,616.908,1.3075,0.125,0.08415,0.19233,True
ROSSIGALI,,7019,C-10,two_span_continuous,10,2,V,kN,3s,central_support,1,389.28,50,473.662,0.0,19.2984,604.899,1.2771,0.132,0.07402,0.19233,True
ROSSIGALI,,7019,C-10,two_span_continuous,10,2,V,kN,3o,central_support,1,391.258,50,471.808,0.0,21.0371,626.304,1.3275,0.124,0.11785,0.19233,True
MG,intermediate,6470,C-20,two_span_continuous,20,2,M+,kN.m,2o,second_span_0.4L,1,1721.795,50,1920.654,0.0,47.1534,2248.635,1.1708,0.043,0.10987,0.19233,True
MG,intermediate,6470,C-20,two_span_continuous,20,2,M+,kN.m,2s,first_span_0.4L,1,1654.986,50,1849.021,0.0,60.3331,2329.08,1.2596,0.05,0.12096,0.19233,True
MG,intermediate,6470,C-20,two_span_continuous,20,2,M+,kN.m,3s,second_span_0.4L,1,1760.764,50,2233.316,0.0,107.7573,2964.725,1.3275,0.052,0.16075,0.19233,True
MG,intermediate,6470,C-20,two_span_continuous,20,2,M+,kN.m,3o,first_span_0.4L,1,1780.864,50,2093.486,0.0,97.2258,2867.157,1.3696,0.047,0.10066,0.19233,True
MT,heavy,4232,C-20,two_span_continuous,20,2,M+,kN.m,2o,second_span_0.4L,1,1767.008,50,2134.936,0.0,73.6743,2590.163,1.2132,0.051,0.13154,0.19233,True
MT,heavy,4232,C-20,two_span_continuous,20,2,M+,kN.m,2s,first_span_0.4L,1,1693.968,50,2131.593,0.0,65.527,2426.095,1.1382,0.06,0.07791,0.19233,True
MT,heavy,4232,C-20,two_span_continuous,20,2,M+,kN.m,3s,second_span_0.4L,1,1827.67,50,2245.26,0.0,88.3952,2815.301,1.2539,0.059,0.09756,0.19233,True
MT,heavy,4232,C-20,two_span_continuous,20,2,M+,kN.m,3o,first_span_0.4L,1,1843.499,50,2185.3,0.0,100.3941,2965.191,1.3569,0.056,0.08361,0.19233,True
PB,light,2635,C-20,two_span_continuous,20,2,M+,kN.m,2o,first_span_0.4L,1,1539.011,50,1726.782,0.0,51.9274,2119.191,1.2272,0.201,0.09585,0.19233,True
PB,light,2635,C-20,two_span_continuous,20,2,M+,kN.m,2s,second_span_0.4L,1,1478.095,50,1680.621,0.0,40.5541,1931.201,1.1491,0.25,0.06597,0.19233,True
PB,light,2635,C-20,two_span_continuous,20,2,M+,kN.m,3s,first_span_0.4L,1,1521.615,50,1912.036,0.0,80.6669,2422.898,1.2672,0.241,0.12112,0.19233,True
PB,light,2635,C-20,two_span_continuous,20,2,M+,kN.m,3o,first_span_0.4L,1,1516.984,50,1805.472,0.0,67.0353,2265.963,1.2551,0.228,0.07788,0.19233,True
PR,intermediate,7699,C-20,two_span_continuous,20,2,M+,kN.m,2o,first_span_0.4L,1,1772.783,50,2236.02,0.0,79.7378,2663.685,1.1913,0.033,0.08194,0.19233,True
PR,intermediate,7699,C-20,two_span_continuous,20,2,M+,kN.m,2s,first_span_0.4L,1,1659.679,50,2116.648,0.0,94.8801,2719.765,1.2849,0.039,0.11207,0.19233,True
PR,intermediate,7699,C-20,two_span_continuous,20,2,M+,kN.m,3s,first_span_0.4L,1,1852.838,50,2127.221,0.0,92.038,2881.169,1.3544,0.039,0.08243,0.19233,True
PR,intermediate,7699,C-20,two_span_continuous,20,2,M+,kN.m,3o,first_span_0.4L,1,1844.647,50,2116.648,0.0,74.3158,2674.971,1.2638,0.037,0.06072,0.19233,True
RJ,light,6230,C-20,two_span_continuous,20,2,M+,kN.m,2o,second_span_0.4L,1,1575.215,50,1939.326,0.0,77.2029,2437.795,1.257,0.07,0.10967,0.19233,True
RJ,light,6230,C-20,two_span_continuous,20,2,M+,kN.m,2s,second_span_0.4L,1,1511.989,50,1939.326,0.0,57.0039,2148.887,1.1081,0.083,0.15399,0.19233,True
RJ,light,6230,C-20,two_span_continuous,20,2,M+,kN.m,3s,second_span_0.4L,1,1594.063,50,1939.326,0.0,83.5482,2527.539,1.3033,0.085,0.11053,0.19233,True
RJ,light,6230,C-20,two_span_continuous,20,2,M+,kN.m,3o,second_span_0.4L,1,1569.355,50,1939.326,0.0,88.1198,2553.909,1.3169,0.081,0.07815,0.19233,True
SC,intermediate,8414,C-20,two_span_continuous,20,2,M+,kN.m,2o,first_span_0.4L,1,1744.667,50,2061.583,0.0,65.5591,2477.151,1.2016,0.032,0.07845,0.19233,True
SC,intermediate,8414,C-20,two_span_continuous,20,2,M+,kN.m,2s,first_span_0.4L,1,1648.734,50,2061.583,0.0,73.5302,2470.28,1.1982,0.038,0.07491,0.19233,True
SC,intermediate,8414,C-20,two_span_continuous,20,2,M+,kN.m,3s,second_span_0.4L,1,1784.499,50,2101.689,0.0,86.6306,2752.413,1.3096,0.04,0.11392,0.19233,True
SC,intermediate,8414,C-20,two_span_continuous,20,2,M+,kN.m,3o,first_span_0.4L,1,1826.55,50,2080.185,0.0,61.6582,2515.45,1.2092,0.037,0.07817,0.19233,True
SP,light,7499,C-20,two_span_continuous,20,2,M+,kN.m,2o,first_span_0.4L,1,1709.781,50,2116.648,0.0,74.9189,2546.842,1.2032,0.041,0.14508,0.19233,True
SP,light,7499,C-20,two_span_continuous,20,2,M+,kN.m,2s,first_span_0.4L,1,1616.527,50,2116.648,0.0,75.8111,2463.557,1.1639,0.049,0.0718,0.19233,True
SP,light,7499,C-20,two_span_continuous,20,2,M+,kN.m,3s,second_span_0.4L,1,1677.17,50,2433.874,0.0,124.6875,3070.29,1.2615,0.052,0.05943,0.19233,True
SP,light,7499,C-20,two_span_continuous,20,2,M+,kN.m,3o,first_span_0.4L,1,1733.601,50,2116.648,0.0,89.8485,2737.469,1.2933,0.047,0.16902,0.19233,True
ROSSIGALI,,7019,C-20,two_span_continuous,20,2,M+,kN.m,2o,first_span_0.4L,1,1815.342,50,2264.451,0.0,117.0233,3122.831,1.3791,0.066,0.07463,0.19233,True
ROSSIGALI,,7019,C-20,two_span_continuous,20,2,M+,kN.m,2s,first_span_0.4L,1,1769.071,50,2264.451,0.0,119.044,3099.137,1.3686,0.08,0.112,0.19233,True
ROSSIGALI,,7019,C-20,two_span_continuous,20,2,M+,kN.m,3s,first_span_0.4L,1,1833.591,50,2197.601,0.0,90.4243,2843.892,1.2941,0.078,0.0724,0.19233,True
ROSSIGALI,,7019,C-20,two_span_continuous,20,2,M+,kN.m,3o,first_span_0.4L,1,1834.968,50,2265.092,0.0,110.4488,3069.001,1.3549,0.075,0.09436,0.19233,True
MG,intermediate,6470,C-20,two_span_continuous,20,2,M-,kN.m,2o,central_support,1,1560.122,50,1708.301,0.0,41.4964,2023.757,1.1847,0.069,0.08922,0.19233,True
MG,intermediate,6470,C-20,two_span_continuous,20,2,M-,kN.m,2s,central_support,1,1463.662,50,1610.743,0.0,47.8652,1998.454,1.2407,0.086,0.09812,0.19233,True
MG,intermediate,6470,C-20,two_span_continuous,20,2,M-,kN.m,3s,central_support,1,1599.109,50,1877.171,0.0,95.841,2669.93,1.4223,0.087,0.1174,0.19233,True
MG,intermediate,6470,C-20,two_span_continuous,20,2,M-,kN.m,3o,central_support,1,1566.029,50,1885.291,0.0,87.1552,2539.806,1.3472,0.082,0.09556,0.19233,True
MT,heavy,4232,C-20,two_span_continuous,20,2,M-,kN.m,2o,central_support,1,1629.086,50,1813.226,0.0,38.3765,2057.863,1.1349,0.065,0.06761,0.19233,True
MT,heavy,4232,C-20,two_span_continuous,20,2,M-,kN.m,2s,central_support,1,1543.41,50,1747.684,0.0,60.0271,2214.087,1.2669,0.077,0.08754,0.19233,True
MT,heavy,4232,C-20,two_span_continuous,20,2,M-,kN.m,3s,central_support,1,1724.374,50,1968.132,0.0,83.1178,2653.041,1.348,0.077,0.10577,0.19233,True
MT,heavy,4232,C-20,two_span_continuous,20,2,M-,kN.m,3o,central_support,1,1709.885,50,2006.244,0.0,96.6796,2790.077,1.3907,0.073,0.10374,0.19233,True
PB,light,2635,C-20,two_span_continuous,20,2,M-,kN.m,2o,central_support,1,1356.746,50,1610.743,0.0,57.7858,2002.38,1.2431,0.489,0.09044,0.19233,True
PB,light,2635,C-20,two_span_continuous,20,2,M-,kN.m,2s,central_support,1,1334.776,50,1610.743,0.0,51.2018,1906.848,1.1838,0.59,0.11443,0.19233,True
PB,light,2635,C-20,two_span_continuous,20,2,M-,kN.m,3s,central_support,1,1330.441,50,1669.967,0.0,63.128,2035.764,1.219,0.605,0.13072,0.19233,True
PB,light,2635,C-20,two_span_continuous,20,2,M-,kN.m,3o,central_support,1,1341.085,50,1610.743,0.0,57.581,1984.432,1.232,0.572,0.08833,0.19233,True
PR,intermediate,7699,C-20,two_span_continuous,20,2,M-,kN.m,2o,central_support,1,1596.251,50,1844.141,0.0,66.577,2340.11,1.2689,0.053,0.09296,0.19233,True
PR,intermediate,7699,C-20,two_span_continuous,20,2,M-,kN.m,2s,central_support,1,1494.942,50,1726.336,0.0,56.7189,2128.656,1.233,0.067,0.08303,0.19233,True
PR,intermediate,7699,C-20,two_span_continuous,20,2,M-,kN.m,3s,central_support,1,1660.775,50,1916.316,0.0,79.6406,2550.591,1.331,0.068,0.09656,0.19233,True
PR,intermediate,7699,C-20,two_span_continuous,20,2,M-,kN.m,3o,central_support,1,1619.932,50,1910.497,0.0,83.7409,2555.561,1.3376,0.063,0.09063,0.19233,True
RJ,light,6230,C-20,two_span_continuous,20,2,M-,kN.m,2o,central_support,1,1429.646,50,1945.553,0.0,48.5594,1972.195,1.0137,0.14,0.13015,0.19233,True
RJ,light,6230,C-20,two_span_continuous,20,2,M-,kN.m,2s,central_support,1,1380.804,50,1945.553,0.0,55.5907,2001.913,1.029,0.175,0.14691,0.19233,True
RJ,light,6230,C-20,two_span_continuous,20,2,M-,kN.m,3s,central_support,1,1392.966,50,1945.553,0.0,105.6788,2573.705,1.3229,0.181,0.10172,0.19233,True
RJ,light,6230,C-20,two_span_continuous,20,2,M-,kN.m,3o,central_support,1,1392.033,50,1945.553,0.0,82.4772,2313.542,1.1891,0.168,0.10016,0.19233,True
SC,intermediate,8414,C-20,two_span_continuous,20,2,M-,kN.m,2o,central_support,1,1556.791,50,1838.119,0.0,54.3147,2163.643,1.1771,0.056,0.09087,0.19233,True
SC,intermediate,8414,C-20,two_span_continuous,20,2,M-,kN.m,2s,central_support,1,1469.684,50,1838.058,0.0,67.5075,2223.939,1.2099,0.071,0.0851,0.19233,True
SC,intermediate,8414,C-20,two_span_continuous,20,2,M-,kN.m,3s,central_support,1,1577.52,50,1839.616,0.0,75.0234,2415.748,1.3132,0.073,0.08792,0.19233,True
SC,intermediate,8414,C-20,two_span_continuous,20,2,M-,kN.m,3o,central_support,1,1601.942,50,1838.067,0.0,77.9702,2473.095,1.3455,0.068,0.08754,0.19233,True
SP,light,7499,C-20,two_span_continuous,20,2,M-,kN.m,2o,central_support,1,1509.049,50,1757.106,0.0,54.8778,2122.193,1.2078,0.081,0.07471,0.19233,True
SP,light,7499,C-20,two_span_continuous,20,2,M-,kN.m,2s,central_support,1,1434.017,50,1701.711,0.0,56.2474,2062.463,1.212,0.104,0.11197,0.19233,True
SP,light,7499,C-20,two_span_continuous,20,2,M-,kN.m,3s,central_support,1,1488.604,50,1977.178,0.0,95.5515,2556.192,1.2928,0.107,0.08368,0.19233,True
SP,light,7499,C-20,two_span_continuous,20,2,M-,kN.m,3o,central_support,1,1501.482,50,1859.651,0.0,89.75,2504.249,1.3466,0.099,0.10501,0.19233,True
ROSSIGALI,,7019,C-20,two_span_continuous,20,2,M-,kN.m,2o,central_support,1,1383.431,50,1765.677,0.0,65.804,2118.653,1.1999,0.102,0.10395,0.19233,True
ROSSIGALI,,7019,C-20,two_span_continuous,20,2,M-,kN.m,2s,central_support,1,1335.431,50,1545.176,0.0,49.3381,1886.681,1.221,0.124,0.10163,0.19233,True
ROSSIGALI,,7019,C-20,two_span_continuous,20,2,M-,kN.m,3s,central_support,1,1356.811,50,1583.859,0.0,68.2418,2119.269,1.338,0.129,0.08698,0.19233,True
ROSSIGALI,,7019,C-20,two_span_continuous,20,2,M-,kN.m,3o,central_support,1,1367.386,50,1545.176,0.0,70.6932,2157.234,1.3961,0.121,0.09755,0.19233,True
MG,intermediate,6470,C-20,two_span_continuous,20,2,V,kN,2o,central_support,1,537.433,50,602.211,0.0,13.3079,686.121,1.1393,0.067,0.05821,0.19233,True
MG,intermediate,6470,C-20,two_span_continuous,20,2,V,kN,2s,central_support,1,508.415,50,563.813,0.0,19.0643,721.419,1.2795,0.08,0.12148,0.19233,True
MG,intermediate,6470,C-20,two_span_continuous,20,2,V,kN,3s,central_support,1,554.269,50,714.251,0.0,33.3541,926.931,1.2978,0.084,0.06328,0.19233,True
MG,intermediate,6470,C-20,two_span_continuous,20,2,V,kN,3o,central_support,1,560.98,50,631.509,0.0,21.2612,798.529,1.2645,0.079,0.10238,0.19233,True
MT,heavy,4232,C-20,two_span_continuous,20,2,V,kN,2o,central_support,1,554.234,50,621.168,0.0,18.4784,760.692,1.2246,0.063,0.06566,0.19233,True
MT,heavy,4232,C-20,two_span_continuous,20,2,V,kN,2s,central_support,1,528.453,50,630.38,0.0,23.8661,795.106,1.2613,0.075,0.12274,0.19233,True
MT,heavy,4232,C-20,two_span_continuous,20,2,V,kN,3s,central_support,1,593.003,50,695.832,0.0,20.3973,820.9,1.1797,0.079,0.09159,0.19233,True
MT,heavy,4232,C-20,two_span_continuous,20,2,V,kN,3o,central_support,1,595.92,50,740.145,0.0,28.1609,910.559,1.2302,0.074,0.07229,0.19233,True
PB,light,2635,C-20,two_span_continuous,20,2,V,kN,2o,central_support,1,472.11,50,563.813,0.0,16.0295,651.205,1.155,0.447,0.17148,0.19233,True
PB,light,2635,C-20,two_span_continuous,20,2,V,kN,2s,central_support,1,465.087,50,563.813,0.0,13.165,612.179,1.0858,0.53,0.16003,0.19233,True
PB,light,2635,C-20,two_span_continuous,20,2,V,kN,3s,central_support,1,467.21,50,563.813,0.0,20.8645,700.326,1.2421,0.557,0.19156,0.19233,True
PB,light,2635,C-20,two_span_continuous,20,2,V,kN,3o,central_support,1,468.417,50,563.813,0.0,15.9137,646.219,1.1462,0.527,0.22969,0.19233,False
PR,intermediate,7699,C-20,two_span_continuous,20,2,V,kN,2o,central_support,1,547.815,50,634.441,0.0,21.8873,792.359,1.2489,0.051,0.08141,0.19233,True
PR,intermediate,7699,C-20,two_span_continuous,20,2,V,kN,2s,central_support,1,514.283,50,634.441,0.0,26.9793,815.72,1.2857,0.062,0.09528,0.19233,True
PR,intermediate,7699,C-20,two_span_continuous,20,2,V,kN,3s,central_support,1,585.942,50,658.484,0.0,24.5135,859.83,1.3058,0.065,0.10741,0.19233,True
PR,intermediate,7699,C-20,two_span_continuous,20,2,V,kN,3o,central_support,1,570.88,50,660.998,0.0,27.5461,878.649,1.3293,0.061,0.10447,0.19233,True
RJ,light,6230,C-20,two_span_continuous,20,2,V,kN,2o,central_support,1,486.95,50,659.992,0.0,24.36,759.122,1.1502,0.13,0.08461,0.19233,True
RJ,light,6230,C-20,two_span_continuous,20,2,V,kN,2s,central_support,1,475.499,50,659.992,0.0,21.4158,714.776,1.083,0.157,0.12414,0.19233,True
RJ,light,6230,C-20,two_span_continuous,20,2,V,kN,3s,central_support,1,493.52,50,659.992,0.0,33.5686,868.578,1.316,0.165,0.09598,0.19233,True
RJ,light,6230,C-20,two_span_continuous,20,2,V,kN,3o,central_support,1,487.817,50,659.992,0.0,33.9236,866.843,1.3134,0.155,0.08696,0.19233,True
SC,intermediate,8414,C-20,two_span_continuous,20,2,V,kN,2o,central_support,1,533.153,50,649.627,0.0,21.0581,768.432,1.1829,0.055,0.11517,0.19233,True
SC,intermediate,8414,C-20,two_span_continuous,20,2,V,kN,2s,central_support,1,511.982,50,650.235,0.0,24.4789,785.482,1.208,0.066,0.13366,0.19233,True
SC,intermediate,8414,C-20,two_span_continuous,20,2,V,kN,3s,central_support,1,561.743,50,671.598,0.0,29.1536,887.473,1.3214,0.069,0.11132,0.19233,True
SC,intermediate,8414,C-20,two_span_continuous,20,2,V,kN,3o,central_support,1,560.451,50,669.211,0.0,26.8629,860.587,1.286,0.065,0.08302,0.19233,True
SP,light,7499,C-20,two_span_continuous,20,2,V,kN,2o,central_support,1,524.114,50,634.441,0.0,21.1564,760.492,1.1987,0.077,0.08772,0.19233,True
SP,light,7499,C-20,two_span_continuous,20,2,V,kN,2s,central_support,1,496.528,50,634.441,0.0,22.4316,747.154,1.1777,0.094,0.10567,0.19233,True
SP,light,7499,C-20,two_span_continuous,20,2,V,kN,3s,central_support,1,527.921,50,696.193,0.0,33.4732,901.914,1.2955,0.099,0.06607,0.19233,True
SP,light,7499,C-20,two_span_continuous,20,2,V,kN,3o,central_support,1,534.301,50,634.441,0.0,27.7745,844.623,1.3313,0.092,0.08936,0.19233,True
ROSSIGALI,,7019,C-20,two_span_continuous,20,2,V,kN,2o,central_support,1,512.398,50,676.385,0.0,25.3363,795.478,1.1761,0.103,0.16075,0.19233,True
ROSSIGALI,,7019,C-20,two_span_continuous,20,2,V,kN,2s,central_support,1,495.64,50,629.873,0.0,26.5023,791.747,1.257,0.123,0.12168,0.19233,True
ROSSIGALI,,7019,C-20,two_span_continuous,20,2,V,kN,3s,central_support,1,516.794,50,614.543,0.0,26.421,811.993,1.3213,0.129,0.13384,0.19233,True
ROSSIGALI,,7019,C-20,two_span_continuous,20,2,V,kN,3o,central_support,1,518.483,50,628.84,0.0,32.0063,876.086,1.3932,0.121,0.15874,0.19233,True
MG,intermediate,6470,C-30,two_span_continuous,30,2,M+,kN.m,2o,first_span_0.4L,1,3444.54,50,3906.281,0.0,107.8963,4650.055,1.1904,0.053,0.11883,0.19233,True
MG,intermediate,6470,C-30,two_span_continuous,30,2,M+,kN.m,2s,first_span_0.4L,1,3200.845,50,3770.335,0.0,132.6699,4683.151,1.2421,0.063,0.10967,0.19233,True
MG,intermediate,6470,C-30,two_span_continuous,30,2,M+,kN.m,3s,first_span_0.4L,1,3444.291,50,4162.18,0.0,235.7205,6077.971,1.4603,0.065,0.10517,0.19233,True
MG,intermediate,6470,C-30,two_span_continuous,30,2,M+,kN.m,3o,first_span_0.4L,1,3413.344,50,4462.324,0.0,211.0087,5770.923,1.2933,0.061,0.10058,0.19233,True
MT,heavy,4232,C-30,two_span_continuous,30,2,M+,kN.m,2o,second_span_0.4L,1,3545.622,50,4277.201,0.0,113.6644,4815.583,1.1259,0.057,0.1414,0.19233,True
MT,heavy,4232,C-30,two_span_continuous,30,2,M+,kN.m,2s,first_span_0.4L,1,3361.421,50,3780.815,0.0,123.7984,4744.608,1.2549,0.067,0.09912,0.19233,True
MT,heavy,4232,C-30,two_span_continuous,30,2,M+,kN.m,3s,first_span_0.4L,1,3714.204,50,4337.016,0.0,166.8642,5578.56,1.2863,0.067,0.11161,0.19233,True
MT,heavy,4232,C-30,two_span_continuous,30,2,M+,kN.m,3o,first_span_0.4L,1,3744.453,50,4319.577,0.0,175.2173,5702.138,1.3201,0.064,0.10304,0.19233,True
PB,light,2635,C-30,two_span_continuous,30,2,M+,kN.m,2o,first_span_0.4L,1,2983.013,50,3557.917,0.0,128.202,4415.401,1.241,0.309,0.09239,0.19233,True
PB,light,2635,C-30,two_span_continuous,30,2,M+,kN.m,2s,first_span_0.4L,1,2922.579,50,3391.303,0.0,84.9755,3872.001,1.1417,0.366,0.0949,0.19233,True
PB,light,2635,C-30,two_span_continuous,30,2,M+,kN.m,3s,first_span_0.4L,1,2929.484,50,3672.746,0.0,141.5157,4510.624,1.2281,0.378,0.11596,0.19233,True
PB,light,2635,C-30,two_span_continuous,30,2,M+,kN.m,3o,second_span_0.4L,1,2902.555,50,3604.303,0.0,107.2012,4100.303,1.1376,0.377,0.12884,0.19233,True
PR,intermediate,7699,C-30,two_span_continuous,30,2,M+,kN.m,2o,first_span_0.4L,1,3515.121,50,4316.939,0.0,150.465,5196.251,1.2037,0.042,0.08825,0.19233,True
PR,intermediate,7699,C-30,two_span_continuous,30,2,M+,kN.m,2s,first_span_0.4L,1,3273.033,50,3917.854,0.0,167.8042,5147.893,1.314,0.049,0.06528,0.19233,True
PR,intermediate,7699,C-30,two_span_continuous,30,2,M+,kN.m,3s,first_span_0.4L,1,3605.888,50,4400.568,0.0,217.8694,6040.121,1.3726,0.05,0.14138,0.19233,True
PR,intermediate,7699,C-30,two_span_continuous,30,2,M+,kN.m,3o,first_span_0.4L,1,3619.529,50,4485.514,0.0,196.5852,5815.955,1.2966,0.048,0.11184,0.19233,True
RJ,light,6230,C-30,two_span_continuous,30,2,M+,kN.m,2o,first_span_0.4L,1,3095.742,50,3726.443,0.0,127.5168,4520.474,1.2131,0.093,0.13435,0.19233,True
RJ,light,6230,C-30,two_span_continuous,30,2,M+,kN.m,2s,first_span_0.4L,1,2975.185,50,3687.55,0.0,126.174,4384.914,1.1891,0.111,0.0872,0.19233,True
RJ,light,6230,C-30,two_span_continuous,30,2,M+,kN.m,3s,first_span_0.4L,1,3053.353,50,3756.331,0.0,199.9357,5287.214,1.4075,0.116,0.10599,0.19233,True
RJ,light,6230,C-30,two_span_continuous,30,2,M+,kN.m,3o,first_span_0.4L,1,3053.42,50,3800.926,0.0,159.1974,4832.116,1.2713,0.109,0.12315,0.19233,True
SC,intermediate,8414,C-30,two_span_continuous,30,2,M+,kN.m,2o,second_span_0.4L,1,3439.405,50,4258.141,0.0,142.9835,5036.945,1.1829,0.044,0.10149,0.19233,True
SC,intermediate,8414,C-30,two_span_continuous,30,2,M+,kN.m,2s,first_span_0.4L,1,3233.355,50,3883.661,0.0,161.2077,5034.512,1.2963,0.05,0.06722,0.19233,True
SC,intermediate,8414,C-30,two_span_continuous,30,2,M+,kN.m,3s,first_span_0.4L,1,3497.526,50,4222.909,0.0,191.3163,5635.084,1.3344,0.052,0.13895,0.19233,True
SC,intermediate,8414,C-30,two_span_continuous,30,2,M+,kN.m,3o,second_span_0.4L,1,3422.663,50,4120.82,0.0,221.8201,5901.036,1.432,0.051,0.11034,0.19233,True
SP,light,7499,C-30,two_span_continuous,30,2,M+,kN.m,2o,first_span_0.4L,1,3289.365,50,3943.126,0.0,145.1139,4910.708,1.2454,0.056,0.07735,0.19233,True
SP,light,7499,C-30,two_span_continuous,30,2,M+,kN.m,2s,first_span_0.4L,1,3103.035,50,3917.854,0.0,136.9242,4632.875,1.1825,0.067,0.14328,0.19233,True
SP,light,7499,C-30,two_span_continuous,30,2,M+,kN.m,3s,second_span_0.4L,1,3243.131,50,4043.232,0.0,208.5435,5573.165,1.3784,0.073,0.12211,0.19233,True
SP,light,7499,C-30,two_span_continuous,30,2,M+,kN.m,3o,second_span_0.4L,1,3191.79,50,4005.195,0.0,231.3457,5776.592,1.4423,0.069,0.07534,0.19233,True
ROSSIGALI,,7019,C-30,two_span_continuous,30,2,M+,kN.m,2o,second_span_0.4L,1,3144.539,50,4002.252,0.0,133.9094,4640.695,1.1595,0.09,0.11544,0.19233,True
ROSSIGALI,,7019,C-30,two_span_continuous,30,2,M+,kN.m,2s,first_span_0.4L,1,3087.65,50,3873.499,0.0,163.3448,4912.685,1.2683,0.106,0.09778,0.19233,True
ROSSIGALI,,7019,C-30,two_span_continuous,30,2,M+,kN.m,3s,second_span_0.4L,1,3140.313,50,3967.893,0.0,197.4244,5346.115,1.3473,0.112,0.09685,0.19233,True
ROSSIGALI,,7019,C-30,two_span_continuous,30,2,M+,kN.m,3o,first_span_0.4L,1,3224.859,50,4020.271,0.0,231.7758,5814.466,1.4463,0.104,0.09148,0.19233,True
MG,intermediate,6470,C-30,two_span_continuous,30,2,M-,kN.m,2o,central_support,1,2454.26,50,3336.809,0.0,229.5743,5019.27,1.5042,0.114,0.07638,0.19233,True
MG,intermediate,6470,C-30,two_span_continuous,30,2,M-,kN.m,2s,central_support,1,2251.631,50,2956.079,0.0,168.284,4131.852,1.3977,0.15,0.09516,0.19233,True
MG,intermediate,6470,C-30,two_span_continuous,30,2,M-,kN.m,3s,central_support,1,2483.884,50,2896.36,0.0,117.5234,3796.961,1.3109,0.155,0.06856,0.19233,True
MG,intermediate,6470,C-30,two_span_continuous,30,2,M-,kN.m,3o,central_support,1,2510.279,50,2956.079,0.0,117.0854,3818.462,1.2917,0.14,0.1181,0.19233,True
MT,heavy,4232,C-30,two_span_continuous,30,2,M-,kN.m,2o,central_support,1,2469.841,50,3425.776,0.0,172.3229,4395.187,1.283,0.087,0.20972,0.19233,False
MT,heavy,4232,C-30,two_span_continuous,30,2,M-,kN.m,2s,central_support,1,2334.918,50,3050.252,0.0,151.2723,4025.068,1.3196,0.106,0.26644,0.19233,False
MT,heavy,4232,C-30,two_span_continuous,30,2,M-,kN.m,3s,central_support,1,2659.021,50,2984.182,0.0,109.4617,3882.025,1.3009,0.112,0.09671,0.19233,True
MT,heavy,4232,C-30,two_span_continuous,30,2,M-,kN.m,3o,central_support,1,2681.978,50,3053.965,0.0,99.1836,3790.146,1.2411,0.103,0.17086,0.19233,True
PB,light,2635,C-30,two_span_continuous,30,2,M-,kN.m,2o,central_support,1,1998.208,50,2260.671,0.0,106.4619,3187.696,1.4101,0.902,0.11373,0.19233,True
PB,light,2635,C-30,two_span_continuous,30,2,M-,kN.m,2s,central_support,1,1935.517,50,2267.117,0.0,64.7209,2658.637,1.1727,1.095,0.09833,0.19233,True
PB,light,2635,C-30,two_span_continuous,30,2,M-,kN.m,3s,central_support,1,1960.311,50,2513.997,0.0,99.7565,3074.881,1.2231,1.147,0.18394,0.19233,True
PB,light,2635,C-30,two_span_continuous,30,2,M-,kN.m,3o,central_support,1,1962.246,50,2532.111,0.0,92.8988,3000.195,1.1849,1.075,0.15902,0.19233,True
PR,intermediate,7699,C-30,two_span_continuous,30,2,M-,kN.m,2o,central_support,1,2812.87,50,3486.485,0.0,216.495,5231.746,1.5006,0.084,0.13704,0.19233,True
PR,intermediate,7699,C-30,two_span_continuous,30,2,M-,kN.m,2s,central_support,1,2476.978,50,3721.586,0.0,279.17,5596.115,1.5037,0.111,0.07579,0.19233,True
PR,intermediate,7699,C-30,two_span_continuous,30,2,M-,kN.m,3s,central_support,1,2617.606,50,4127.244,0.0,196.2994,4810.84,1.1656,0.115,0.14736,0.19233,True
PR,intermediate,7699,C-30,two_span_continuous,30,2,M-,kN.m,3o,central_support,1,2673.439,50,3721.586,0.0,193.1312,4831.274,1.2982,0.103,0.07506,0.19233,True
RJ,light,6230,C-30,two_span_continuous,30,2,M-,kN.m,2o,central_support,1,2153.036,50,3035.237,0.0,161.7445,3960.192,1.3047,0.285,0.11371,0.19233,True
RJ,light,6230,C-30,two_span_continuous,30,2,M-,kN.m,2s,central_support,1,2011.416,50,2946.523,0.0,129.4473,3457.717,1.1735,0.379,0.13159,0.19233,True
RJ,light,6230,C-30,two_span_continuous,30,2,M-,kN.m,3s,central_support,1,2147.078,50,2903.155,0.0,154.0936,3868.749,1.3326,0.393,0.10088,0.19233,True
RJ,light,6230,C-30,two_span_continuous,30,2,M-,kN.m,3o,central_support,1,2107.615,50,2964.074,0.0,170.9357,4017.462,1.3554,0.355,0.12189,0.19233,True
SC,intermediate,8414,C-30,two_span_continuous,30,2,M-,kN.m,2o,central_support,1,2664.73,50,3242.528,0.0,216.2883,5081.297,1.5671,0.095,0.14384,0.19233,True
SC,intermediate,8414,C-30,two_span_continuous,30,2,M-,kN.m,2s,central_support,1,2406.504,50,3273.339,0.0,251.6928,5218.642,1.5943,0.129,0.19489,0.19233,False
SC,intermediate,8414,C-30,two_span_continuous,30,2,M-,kN.m,3s,central_support,1,2530.662,50,3253.309,0.0,173.6061,4470.345,1.3741,0.131,0.11449,0.19233,True
SC,intermediate,8414,C-30,two_span_continuous,30,2,M-,kN.m,3o,central_support,1,2603.507,50,3349.67,0.0,163.9164,4434.928,1.324,0.118,0.18339,0.19233,True
SP,light,7499,C-30,two_span_continuous,30,2,M-,kN.m,2o,central_support,1,2397.999,50,3415.94,0.0,223.5443,4895.637,1.4332,0.156,0.11869,0.19233,True
SP,light,7499,C-30,two_span_continuous,30,2,M-,kN.m,2s,central_support,1,2221.126,50,3021.702,0.0,190.1469,4345.618,1.4381,0.212,0.11421,0.19233,True
SP,light,7499,C-30,two_span_continuous,30,2,M-,kN.m,3s,central_support,1,2414.125,50,2984.24,0.0,143.4361,4016.722,1.346,0.218,0.16407,0.19233,True
SP,light,7499,C-30,two_span_continuous,30,2,M-,kN.m,3o,central_support,1,2387.65,50,3111.817,0.0,171.469,4303.456,1.3829,0.195,0.04472,0.19233,True
ROSSIGALI,,7019,C-30,two_span_continuous,30,2,M-,kN.m,2o,central_support,1,2245.584,50,2935.86,0.0,177.9859,4234.202,1.4422,0.199,0.13554,0.19233,True
ROSSIGALI,,7019,C-30,two_span_continuous,30,2,M-,kN.m,2s,central_support,1,2081.398,50,2914.561,0.0,164.4596,3918.889,1.3446,0.274,0.10116,0.19233,True
ROSSIGALI,,7019,C-30,two_span_continuous,30,2,M-,kN.m,3s,central_support,1,2229.763,50,2922.621,0.0,149.156,3896.268,1.3331,0.283,0.18392,0.19233,True
ROSSIGALI,,7019,C-30,two_span_continuous,30,2,M-,kN.m,3o,central_support,1,2213.198,50,2914.561,0.0,160.2859,4004.055,1.3738,0.253,0.09811,0.19233,True
MG,intermediate,6470,C-30,two_span_continuous,30,2,V,kN,2o,central_support,1,666.807,50,711.189,0.0,14.7562,831.676,1.1694,0.072,0.12476,0.19233,True
MG,intermediate,6470,C-30,two_span_continuous,30,2,V,kN,2s,central_support,1,623.082,50,716.86,0.0,29.2447,949.83,1.325,0.086,0.11188,0.19233,True
MG,intermediate,6470,C-30,two_span_continuous,30,2,V,kN,3s,central_support,1,682.94,50,799.234,0.0,41.1461,1142.661,1.4297,0.09,0.13472,0.19233,True
MG,intermediate,6470,C-30,two_span_continuous,30,2,V,kN,3o,central_support,1,673.57,50,820.643,0.0,36.0397,1076.238,1.3115,0.085,0.09003,0.19233,True
MT,heavy,4232,C-30,two_span_continuous,30,2,V,kN,2o,central_support,1,693.276,50,773.13,0.0,18.6917,902.117,1.1668,0.065,0.08371,0.19233,True
MT,heavy,4232,C-30,two_span_continuous,30,2,V,kN,2s,central_support,1,653.464,50,714.915,0.0,25.0203,933.013,1.3051,0.077,0.19834,0.19233,False
MT,heavy,4232,C-30,two_span_continuous,30,2,V,kN,3s,central_support,1,742.624,50,834.66,0.0,29.2591,1069.533,1.2814,0.081,0.11411,0.19233,True
MT,heavy,4232,C-30,two_span_continuous,30,2,V,kN,3o,central_support,1,745.425,50,821.681,0.0,28.6942,1066.022,1.2974,0.076,0.09023,0.19233,True
PB,light,2635,C-30,two_span_continuous,30,2,V,kN,2o,central_support,1,579.526,50,682.608,0.0,22.3877,829.661,1.2154,0.495,0.14185,0.19233,True
PB,light,2635,C-30,two_span_continuous,30,2,V,kN,2s,central_support,1,572.344,50,674.784,0.0,15.183,741.982,1.0996,0.585,0.11113,0.19233,True
PB,light,2635,C-30,two_span_continuous,30,2,V,kN,3s,central_support,1,573.63,50,695.522,0.0,23.3656,834.691,1.2001,0.614,0.13525,0.19233,True
PB,light,2635,C-30,two_span_continuous,30,2,V,kN,3o,central_support,1,575.82,50,700.906,0.0,18.2268,779.466,1.1121,0.58,0.1962,0.19233,False
PR,intermediate,7699,C-30,two_span_continuous,30,2,V,kN,2o,central_support,1,683.933,50,771.744,0.0,26.6988,982.236,1.2727,0.056,0.13253,0.19233,True
PR,intermediate,7699,C-30,two_span_continuous,30,2,V,kN,2s,central_support,1,639.684,50,771.744,0.0,29.9055,973.815,1.2618,0.067,0.08534,0.19233,True
PR,intermediate,7699,C-30,two_span_continuous,30,2,V,kN,3s,central_support,1,716.097,50,850.236,0.0,37.4179,1134.163,1.3339,0.07,0.11803,0.19233,True
PR,intermediate,7699,C-30,two_span_continuous,30,2,V,kN,3o,central_support,1,712.102,50,845.18,0.0,39.2431,1150.561,1.3613,0.066,0.1042,0.19233,True
RJ,light,6230,C-30,two_span_continuous,30,2,V,kN,2o,central_support,1,599.218,50,787.88,0.0,28.0512,912.631,1.1583,0.144,0.06856,0.19233,True
RJ,light,6230,C-30,two_span_continuous,30,2,V,kN,2s,central_support,1,585.51,50,746.75,0.0,21.7144,828.123,1.109,0.174,0.14336,0.19233,True
RJ,light,6230,C-30,two_span_continuous,30,2,V,kN,3s,central_support,1,591.373,50,780.914,0.0,41.5124,1055.187,1.3512,0.183,0.14721,0.19233,True
RJ,light,6230,C-30,two_span_continuous,30,2,V,kN,3o,central_support,1,599.62,50,755.724,0.0,29.1705,925.538,1.2247,0.171,0.13076,0.19233,True
SC,intermediate,8414,C-30,two_span_continuous,30,2,V,kN,2o,central_support,1,667.491,50,766.954,0.0,21.2809,905.26,1.1803,0.06,0.05063,0.19233,True
SC,intermediate,8414,C-30,two_span_continuous,30,2,V,kN,2s,central_support,1,626.56,50,765.266,0.0,33.172,997.187,1.3031,0.072,0.06854,0.19233,True
SC,intermediate,8414,C-30,two_span_continuous,30,2,V,kN,3s,central_support,1,685.134,50,824.506,0.0,33.6446,1061.041,1.2869,0.076,0.08119,0.19233,True
SC,intermediate,8414,C-30,two_span_continuous,30,2,V,kN,3o,central_support,1,685.054,50,831.913,0.0,38.9941,1120.731,1.3472,0.071,0.12412,0.19233,True
SP,light,7499,C-30,two_span_continuous,30,2,V,kN,2o,central_support,1,645.555,50,769.127,0.0,23.4934,908.044,1.1806,0.086,0.10067,0.19233,True
SP,light,7499,C-30,two_span_continuous,30,2,V,kN,2s,central_support,1,607.7,50,743.407,0.0,29.4611,936.866,1.2602,0.105,0.07383,0.19233,True
SP,light,7499,C-30,two_span_continuous,30,2,V,kN,3s,central_support,1,643.428,50,791.088,0.0,46.7825,1166.125,1.4741,0.11,0.11963,0.19233,True
SP,light,7499,C-30,two_span_continuous,30,2,V,kN,3o,central_support,1,629.007,50,797.868,0.0,51.1091,1200.044,1.5041,0.103,0.09619,0.19233,True
ROSSIGALI,,7019,C-30,two_span_continuous,30,2,V,kN,2o,central_support,1,618.002,50,750.343,0.0,31.5053,970.006,1.2928,0.106,0.07513,0.19233,True
ROSSIGALI,,7019,C-30,two_span_continuous,30,2,V,kN,2s,central_support,1,586.887,50,727.127,0.0,31.4694,938.492,1.2907,0.126,0.12296,0.19233,True
ROSSIGALI,,7019,C-30,two_span_continuous,30,2,V,kN,3s,central_support,1,607.505,50,727.127,0.0,35.4534,1003.623,1.3803,0.133,0.0608,0.19233,True
ROSSIGALI,,7019,C-30,two_span_continuous,30,2,V,kN,3o,central_support,1,611.473,50,739.426,0.0,39.7768,1055.896,1.428,0.125,0.09675,0.19233,True
MG,intermediate,6470,C-30*,two_span_continuous,30,5,M+,kN.m,2o,first_span_0.4L,1,1635.32,50,1814.654,0.0,60.2219,2308.173,1.272,0.039,0.08749,0.19233,True
MG,intermediate,6470,C-30*,two_span_continuous,30,5,M+,kN.m,2s,first_span_0.4L,1,1614.332,50,1803.644,0.0,60.7407,2292.982,1.2713,0.046,0.10038,0.19233,True
MG,intermediate,6470,C-30*,two_span_continuous,30,5,M+,kN.m,3s,first_span_0.4L,1,1653.91,50,1871.602,0.0,66.2519,2394.135,1.2792,0.048,0.10347,0.19233,True
MG,intermediate,6470,C-30*,two_span_continuous,30,5,M+,kN.m,3o,first_span_0.4L,1,1645.182,50,1922.951,0.0,64.6523,2367.535,1.2312,0.046,0.09659,0.19233,True
MT,heavy,4232,C-30*,two_span_continuous,30,5,M+,kN.m,2o,first_span_0.4L,1,1685.067,50,1875.198,0.0,62.8123,2386.862,1.2729,0.049,0.10674,0.19233,True
MT,heavy,4232,C-30*,two_span_continuous,30,5,M+,kN.m,2s,first_span_0.4L,1,1659.727,50,1871.859,0.0,55.0721,2275.042,1.2154,0.057,0.0975,0.19233,True
MT,heavy,4232,C-30*,two_span_continuous,30,5,M+,kN.m,3s,first_span_0.4L,1,1720.733,50,2017.943,0.0,66.8763,2467.935,1.223,0.059,0.08153,0.19233,True
MT,heavy,4232,C-30*,two_span_continuous,30,5,M+,kN.m,3o,first_span_0.4L,1,1727.333,50,1940.773,0.0,61.1229,2410.253,1.2419,0.056,0.06387,0.19233,True
PB,light,2635,C-30*,two_span_continuous,30,5,M+,kN.m,2o,first_span_0.4L,1,1517.602,50,1742.079,0.0,49.7583,2073.546,1.1903,0.169,0.08714,0.19233,True
PB,light,2635,C-30*,two_span_continuous,30,5,M+,kN.m,2s,first_span_0.4L,1,1495.178,50,1742.079,0.0,48.7385,2039.729,1.1709,0.2,0.10319,0.19233,True
PB,light,2635,C-30*,two_span_continuous,30,5,M+,kN.m,3s,first_span_0.4L,1,1498.024,50,1742.079,0.0,47.6919,2030.88,1.1658,0.211,0.0812,0.19233,True
PB,light,2635,C-30*,two_span_continuous,30,5,M+,kN.m,3o,first_span_0.4L,1,1500.003,50,1742.079,0.0,45.5554,2008.989,1.1532,0.199,0.10209,0.19233,True
PR,intermediate,7699,C-30*,two_span_continuous,30,5,M+,kN.m,2o,first_span_0.4L,1,1659.727,50,2025.775,0.0,86.408,2625.155,1.2959,0.031,0.07913,0.19233,True
PR,intermediate,7699,C-30*,two_span_continuous,30,5,M+,kN.m,2s,first_span_0.4L,1,1632.896,50,2025.775,0.0,73.0483,2449.057,1.2089,0.036,0.11555,0.19233,True
PR,intermediate,7699,C-30*,two_span_continuous,30,5,M+,kN.m,3s,first_span_0.4L,1,1690.902,50,2025.775,0.0,79.7174,2581.577,1.2744,0.038,0.09967,0.19233,True
PR,intermediate,7699,C-30*,two_span_continuous,30,5,M+,kN.m,3o,first_span_0.4L,1,1681.086,50,2022.096,0.0,83.0779,2609.306,1.2904,0.036,0.07315,0.19233,True
RJ,light,6230,C-30*,two_span_continuous,30,5,M+,kN.m,2o,first_span_0.4L,1,1546.194,50,1915.412,0.0,50.1343,2106.339,1.0997,0.06,0.16809,0.19233,True
RJ,light,6230,C-30*,two_span_continuous,30,5,M+,kN.m,2s,first_span_0.4L,1,1526.674,50,1901.755,0.0,58.0729,2175.516,1.144,0.07,0.06144,0.19233,True
RJ,light,6230,C-30*,two_span_continuous,30,5,M+,kN.m,3s,first_span_0.4L,1,1538.953,50,1901.755,0.0,60.595,2215.975,1.1652,0.074,0.0743,0.19233,True
RJ,light,6230,C-30*,two_span_continuous,30,5,M+,kN.m,3o,first_span_0.4L,1,1531.283,50,1899.097,0.0,62.7765,2232.678,1.1757,0.07,0.07395,0.19233,True
SC,intermediate,8414,C-30*,two_span_continuous,30,5,M+,kN.m,2o,first_span_0.4L,1,1639.763,50,2032.425,0.0,72.0724,2445.021,1.203,0.031,0.09304,0.19233,True
SC,intermediate,8414,C-30*,two_span_continuous,30,5,M+,kN.m,2s,first_span_0.4L,1,1616.812,50,1995.698,0.0,74.8987,2453.647,1.2295,0.035,0.09558,0.19233,True
SC,intermediate,8414,C-30*,two_span_continuous,30,5,M+,kN.m,3s,first_span_0.4L,1,1655.771,50,1995.698,0.0,76.1902,2507.036,1.2562,0.037,0.08993,0.19233,True
SC,intermediate,8414,C-30*,two_span_continuous,30,5,M+,kN.m,3o,first_span_0.4L,1,1655.718,50,1995.202,0.0,87.0432,2628.243,1.3173,0.036,0.10988,0.19233,True
SP,light,7499,C-30*,two_span_continuous,30,5,M+,kN.m,2o,first_span_0.4L,1,1594.91,50,2034.435,0.0,67.2202,2345.955,1.1531,0.038,0.15753,0.19233,True
SP,light,7499,C-30*,two_span_continuous,30,5,M+,kN.m,2s,first_span_0.4L,1,1581.781,50,2025.775,0.0,55.5218,2202.12,1.0871,0.044,0.22041,0.19233,False
SP,light,7499,C-30*,two_span_continuous,30,5,M+,kN.m,3s,first_span_0.4L,1,1607.404,50,2025.775,0.0,61.7935,2297.816,1.1343,0.046,0.12458,0.19233,True
SP,light,7499,C-30*,two_span_continuous,30,5,M+,kN.m,3o,first_span_0.4L,1,1595.413,50,2025.775,0.0,69.0772,2367.206,1.1685,0.045,0.14933,0.19233,True
ROSSIGALI,,7019,C-30*,two_span_continuous,30,5,M+,kN.m,2o,first_span_0.4L,1,1610.2,50,2022.986,0.0,87.6157,2589.121,1.2799,0.057,0.08216,0.19233,True
ROSSIGALI,,7019,C-30*,two_span_continuous,30,5,M+,kN.m,2s,first_span_0.4L,1,1586.363,50,2022.986,0.0,87.9475,2568.992,1.2699,0.067,0.11862,0.19233,True
ROSSIGALI,,7019,C-30*,two_span_continuous,30,5,M+,kN.m,3s,first_span_0.4L,1,1590.32,50,1919.151,0.0,78.8454,2471.251,1.2877,0.07,0.15382,0.19233,True
ROSSIGALI,,7019,C-30*,two_span_continuous,30,5,M+,kN.m,3o,first_span_0.4L,1,1597.059,50,2015.984,0.0,89.065,2592.172,1.2858,0.067,0.12606,0.19233,True
MG,intermediate,6470,C-30*,two_span_continuous,30,5,M-,kN.m,2o,central_support,1,1235.784,50,1646.629,0.0,132.3457,2714.469,1.6485,0.047,0.07078,0.19233,True
MG,intermediate,6470,C-30*,two_span_continuous,30,5,M-,kN.m,2s,central_support,1,1165.419,50,1555.253,0.0,89.2591,2162.701,1.3906,0.055,0.10183,0.19233,True
MG,intermediate,6470,C-30*,two_span_continuous,30,5,M-,kN.m,3s,central_support,1,1176.356,50,1516.405,0.0,79.7752,2067.676,1.3635,0.058,0.08358,0.19233,True
MG,intermediate,6470,C-30*,two_span_continuous,30,5,M-,kN.m,3o,central_support,1,1194.04,50,1555.253,0.0,73.1251,2011.059,1.2931,0.055,0.15535,0.19233,True
MT,heavy,4232,C-30*,two_span_continuous,30,5,M-,kN.m,2o,central_support,1,1211.493,50,1827.485,0.0,108.9691,2428.994,1.3291,0.053,0.15223,0.19233,True
MT,heavy,4232,C-30*,two_span_continuous,30,5,M-,kN.m,2s,central_support,1,1182.577,50,1612.8,0.0,98.5466,2283.628,1.4159,0.063,0.17864,0.19233,True
MT,heavy,4232,C-30*,two_span_continuous,30,5,M-,kN.m,3s,central_support,1,1220.328,50,1573.166,0.0,68.1045,1981.252,1.2594,0.066,0.19873,0.19233,False
MT,heavy,4232,C-30*,two_span_continuous,30,5,M-,kN.m,3o,central_support,1,1214.559,50,1612.8,0.0,90.3214,2223.711,1.3788,0.063,0.17111,0.19233,True
PB,light,2635,C-30*,two_span_continuous,30,5,M-,kN.m,2o,central_support,1,1059.457,50,1252.662,0.0,39.0474,1495.73,1.194,0.256,0.07664,0.19233,True
PB,light,2635,C-30*,two_span_continuous,30,5,M-,kN.m,2s,central_support,1,1047.337,50,1252.662,0.0,34.4921,1432.714,1.1437,0.303,0.12708,0.19233,True
PB,light,2635,C-30*,two_span_continuous,30,5,M-,kN.m,3s,central_support,1,1047.234,50,1252.662,0.0,35.868,1447.983,1.1559,0.32,0.17271,0.19233,True
PB,light,2635,C-30*,two_span_continuous,30,5,M-,kN.m,3o,central_support,1,1049.921,50,1252.662,0.0,36.0058,1452.21,1.1593,0.302,0.13341,0.19233,True
PR,intermediate,7699,C-30*,two_span_continuous,30,5,M-,kN.m,2o,central_support,1,1432.035,50,1736.42,0.0,112.2366,2686.043,1.5469,0.037,0.12388,0.19233,True
PR,intermediate,7699,C-30*,two_span_continuous,30,5,M-,kN.m,2s,central_support,1,1296.794,50,1966.883,0.0,144.6051,2912.452,1.4807,0.043,0.08968,0.19233,True
PR,intermediate,7699,C-30*,two_span_continuous,30,5,M-,kN.m,3s,central_support,1,1244.795,50,2060.431,0.0,166.9045,3109.602,1.5092,0.046,0.0877,0.19233,True
PR,intermediate,7699,C-30*,two_span_continuous,30,5,M-,kN.m,3o,central_support,1,1289.464,50,1966.883,0.0,150.9063,2975.525,1.5128,0.044,0.08592,0.19233,True
RJ,light,6230,C-30*,two_span_continuous,30,5,M-,kN.m,2o,central_support,1,1107.039,50,1590.271,0.0,75.3305,1948.699,1.2254,0.079,0.14932,0.19233,True
RJ,light,6230,C-30*,two_span_continuous,30,5,M-,kN.m,2s,central_support,1,1074.815,50,1575.443,0.0,62.4849,1772.953,1.1254,0.094,0.13255,0.19233,True
RJ,light,6230,C-30*,two_span_continuous,30,5,M-,kN.m,3s,central_support,1,1088.859,50,1575.443,0.0,57.1199,1727.053,1.0962,0.099,0.15227,0.19233,True
RJ,light,6230,C-30*,two_span_continuous,30,5,M-,kN.m,3o,central_support,1,1090.272,50,1564.134,0.0,56.5471,1722.067,1.101,0.094,0.11861,0.19233,True
SC,intermediate,8414,C-30*,two_span_continuous,30,5,M-,kN.m,2o,central_support,1,1373.383,50,1725.325,0.0,102.6317,2520.077,1.4606,0.038,0.12673,0.19233,True
SC,intermediate,8414,C-30*,two_span_continuous,30,5,M-,kN.m,2s,central_support,1,1264.733,50,1734.891,0.0,124.7276,2658.302,1.5323,0.044,0.11301,0.19233,True
SC,intermediate,8414,C-30*,two_span_continuous,30,5,M-,kN.m,3s,central_support,1,1249.393,50,1714.274,0.0,122.6947,2620.248,1.5285,0.046,0.0906,0.19233,True
SC,intermediate,8414,C-30*,two_span_continuous,30,5,M-,kN.m,3o,central_support,1,1284.736,50,1714.926,0.0,106.2824,2472.219,1.4416,0.044,0.05441,0.19233,True
SP,light,7499,C-30*,two_span_continuous,30,5,M-,kN.m,2o,central_support,1,1206.853,50,1700.254,0.0,143.0684,2805.341,1.65,0.048,0.0919,0.19233,True
SP,light,7499,C-30*,two_span_continuous,30,5,M-,kN.m,2s,central_support,1,1150.773,50,1598.282,0.0,102.0096,2290.515,1.4331,0.057,0.13674,0.19233,True
SP,light,7499,C-30*,two_span_continuous,30,5,M-,kN.m,3s,central_support,1,1170.922,50,1570.757,0.0,90.2793,2179.603,1.3876,0.06,0.16733,0.19233,True
SP,light,7499,C-30*,two_span_continuous,30,5,M-,kN.m,3o,central_support,1,1166.645,50,1583.641,0.0,93.6188,2212.638,1.3972,0.057,0.15626,0.19233,True
ROSSIGALI,,7019,C-30*,two_span_continuous,30,5,M-,kN.m,2o,central_support,1,1126.507,50,1523.542,0.0,110.2325,2358.124,1.5478,0.075,0.12341,0.19233,True
ROSSIGALI,,7019,C-30*,two_span_continuous,30,5,M-,kN.m,2s,central_support,1,1078.683,50,1550.983,0.0,92.1912,2108.726,1.3596,0.09,0.11643,0.19233,True
ROSSIGALI,,7019,C-30*,two_span_continuous,30,5,M-,kN.m,3s,central_support,1,1086.041,50,1547.683,0.0,90.3024,2094.98,1.3536,0.094,0.15174,0.19233,True
ROSSIGALI,,7019,C-30*,two_span_continuous,30,5,M-,kN.m,3o,central_support,1,1087.786,50,1550.983,0.0,91.5994,2111.216,1.3612,0.09,0.14795,0.19233,True
MG,intermediate,6470,C-30*,two_span_continuous,30,5,V,kN,2o,central_support,1,348.188,50,398.401,0.0,13.9811,504.398,1.2661,0.041,0.0869,0.19233,True
MG,intermediate,6470,C-30*,two_span_continuous,30,5,V,kN,2s,central_support,1,347.331,50,398.401,0.0,14.2717,506.788,1.2721,0.048,0.08169,0.19233,True
MG,intermediate,6470,C-30*,two_span_continuous,30,5,V,kN,3s,central_support,1,348.59,50,398.401,0.0,13.8244,503.048,1.2627,0.051,0.08154,0.19233,True
MG,intermediate,6470,C-30*,two_span_continuous,30,5,V,kN,3o,central_support,1,347.997,50,404.041,0.0,15.223,518.082,1.2823,0.048,0.06505,0.19233,True
MT,heavy,4232,C-30*,two_span_continuous,30,5,V,kN,2o,central_support,1,361.581,50,401.055,0.0,12.6435,502.846,1.2538,0.05,0.08191,0.19233,True
MT,heavy,4232,C-30*,two_span_continuous,30,5,V,kN,2s,central_support,1,357.419,50,400.363,0.0,11.6932,488.066,1.2191,0.059,0.0664,0.19233,True
MT,heavy,4232,C-30*,two_span_continuous,30,5,V,kN,3s,central_support,1,361.398,50,400.363,0.0,11.3817,488.565,1.2203,0.062,0.09156,0.19233,True
MT,heavy,4232,C-30*,two_span_continuous,30,5,V,kN,3o,central_support,1,360.75,50,409.322,0.0,12.5417,500.878,1.2237,0.059,0.10115,0.19233,True
PB,light,2635,C-30*,two_span_continuous,30,5,V,kN,2o,central_support,1,326.258,50,377.667,0.0,10.2134,440.372,1.166,0.196,0.10738,0.19233,True
PB,light,2635,C-30*,two_span_continuous,30,5,V,kN,2s,central_support,1,324.296,50,377.667,0.0,7.6703,409.995,1.0856,0.23,0.1053,0.19233,True
PB,light,2635,C-30*,two_span_continuous,30,5,V,kN,3s,central_support,1,324.091,50,377.667,0.0,7.9726,413.168,1.094,0.245,0.12008,0.19233,True
PB,light,2635,C-30*,two_span_continuous,30,5,V,kN,3o,central_support,1,324.239,50,377.667,0.0,7.6293,409.48,1.0842,0.23,0.10147,0.19233,True
PR,intermediate,7699,C-30*,two_span_continuous,30,5,V,kN,2o,central_support,1,356.807,50,437.954,0.0,16.8891,545.507,1.2456,0.033,0.0859,0.19233,True
PR,intermediate,7699,C-30*,two_span_continuous,30,5,V,kN,2s,central_support,1,351.071,50,437.954,0.0,17.3289,544.685,1.2437,0.038,0.0915,0.19233,True
PR,intermediate,7699,C-30*,two_span_continuous,30,5,V,kN,3s,central_support,1,354.168,50,429.426,0.0,15.1503,523.441,1.2189,0.04,0.06943,0.19233,True
PR,intermediate,7699,C-30*,two_span_continuous,30,5,V,kN,3o,central_support,1,356.155,50,437.764,0.0,15.6982,531.549,1.2142,0.039,0.13471,0.19233,True
RJ,light,6230,C-30*,two_span_continuous,30,5,V,kN,2o,central_support,1,332.505,50,452.053,0.0,11.8648,465.069,1.0288,0.066,0.11824,0.19233,True
RJ,light,6230,C-30*,two_span_continuous,30,5,V,kN,2s,central_support,1,330.156,50,444.425,0.0,12.5355,470.213,1.058,0.077,0.12934,0.19233,True
RJ,light,6230,C-30*,two_span_continuous,30,5,V,kN,3s,central_support,1,330.606,50,444.425,0.0,11.8381,462.872,1.0415,0.082,0.14109,0.19233,True
RJ,light,6230,C-30*,two_span_continuous,30,5,V,kN,3o,central_support,1,329.674,50,444.175,0.0,13.1521,476.621,1.073,0.078,0.11381,0.19233,True
SC,intermediate,8414,C-30*,two_span_continuous,30,5,V,kN,2o,central_support,1,349.111,50,431.707,0.0,16.5727,534.276,1.2376,0.033,0.10156,0.19233,True
SC,intermediate,8414,C-30*,two_span_continuous,30,5,V,kN,2s,central_support,1,347.997,50,431.937,0.0,16.0734,527.584,1.2214,0.037,0.15102,0.19233,True
SC,intermediate,8414,C-30*,two_span_continuous,30,5,V,kN,3s,central_support,1,348.041,50,431.937,0.0,14.762,512.976,1.1876,0.039,0.14286,0.19233,True
SC,intermediate,8414,C-30*,two_span_continuous,30,5,V,kN,3o,central_support,1,349.426,50,431.937,0.0,17.6497,546.625,1.2655,0.038,0.14165,0.19233,True
SP,light,7499,C-30*,two_span_continuous,30,5,V,kN,2o,central_support,1,341.974,50,431.809,0.0,14.6267,505.397,1.1704,0.041,0.13963,0.19233,True
SP,light,7499,C-30*,two_span_continuous,30,5,V,kN,2s,central_support,1,339.883,50,429.426,0.0,13.5336,491.093,1.1436,0.047,0.1375,0.19233,True
SP,light,7499,C-30*,two_span_continuous,30,5,V,kN,3s,central_support,1,340.439,50,429.426,0.0,13.6058,492.455,1.1468,0.05,0.13059,0.19233,True
SP,light,7499,C-30*,two_span_continuous,30,5,V,kN,3o,central_support,1,341.092,50,429.426,0.0,14.9371,507.982,1.1829,0.048,0.09379,0.19233,True
ROSSIGALI,,7019,C-30*,two_span_continuous,30,5,V,kN,2o,central_support,1,339.943,50,414.119,0.0,16.7791,527.415,1.2736,0.06,0.09721,0.19233,True
ROSSIGALI,,7019,C-30*,two_span_continuous,30,5,V,kN,2s,central_support,1,335.087,50,413.258,0.0,18.5437,542.273,1.3122,0.07,0.12465,0.19233,True
ROSSIGALI,,7019,C-30*,two_span_continuous,30,5,V,kN,3s,central_support,1,334.638,50,409.286,0.0,18.3547,539.713,1.3187,0.074,0.07216,0.19233,True
ROSSIGALI,,7019,C-30*,two_span_continuous,30,5,V,kN,3o,central_support,1,335.087,50,412.472,0.0,18.8502,545.698,1.323,0.07,0.13068,0.19233,True
MG,intermediate,6470,C-40,two_span_continuous,40,5,M+,kN.m,2o,first_span_0.4L,1,2461.385,50,2834.832,0.0,74.3155,3291.704,1.1612,0.078,0.10992,0.19233,True
MG,intermediate,6470,C-40,two_span_continuous,40,5,M+,kN.m,2s,first_span_0.4L,1,2368.709,50,2668.678,0.0,90.4473,3379.268,1.2663,0.091,0.08478,0.19233,True
MG,intermediate,6470,C-40,two_span_continuous,40,5,M+,kN.m,3s,first_span_0.4L,1,2501.373,50,2897.1,0.0,106.7733,3694.34,1.2752,0.096,0.11448,0.19233,True
MG,intermediate,6470,C-40,two_span_continuous,40,5,M+,kN.m,3o,first_span_0.4L,1,2463.233,50,2914.775,0.0,109.7634,3689.608,1.2658,0.092,0.13699,0.19233,True
MT,heavy,4232,C-40,two_span_continuous,40,5,M+,kN.m,2o,first_span_0.4L,1,2530.623,50,2964.575,0.0,89.3181,3528.565,1.1902,0.068,0.07575,0.19233,True
MT,heavy,4232,C-40,two_span_continuous,40,5,M+,kN.m,2s,first_span_0.4L,1,2455.08,50,2691.947,0.0,69.2285,3228.563,1.1993,0.08,0.06646,0.19233,True
MT,heavy,4232,C-40,two_span_continuous,40,5,M+,kN.m,3s,first_span_0.4L,1,2667.376,50,2977.551,0.0,101.515,3801.592,1.2768,0.085,0.06681,0.19233,True
MT,heavy,4232,C-40,two_span_continuous,40,5,M+,kN.m,3o,first_span_0.4L,1,2617.934,50,2988.958,0.0,128.6067,4054.844,1.3566,0.08,0.17654,0.19233,True
PB,light,2635,C-40,two_span_continuous,40,5,M+,kN.m,2o,first_span_0.4L,1,2231.865,50,2605.909,0.0,74.2911,3061.912,1.175,0.524,0.13121,0.19233,True
PB,light,2635,C-40,two_span_continuous,40,5,M+,kN.m,2s,first_span_0.4L,1,2196.258,50,2605.909,0.0,62.249,2891.76,1.1097,0.618,0.08294,0.19233,True
PB,light,2635,C-40,two_span_continuous,40,5,M+,kN.m,3s,first_span_0.4L,1,2194.69,50,2605.909,0.0,73.9298,3020.7,1.1592,0.652,0.06432,0.19233,True
PB,light,2635,C-40,two_span_continuous,40,5,M+,kN.m,3o,first_span_0.4L,1,2199.242,50,2605.909,0.0,60.7008,2877.446,1.1042,0.618,0.1103,0.19233,True
PR,intermediate,7699,C-40,two_span_continuous,40,5,M+,kN.m,2o,first_span_0.4L,1,2471.969,50,2858.894,0.0,92.5552,3506.079,1.2264,0.062,0.09829,0.19233,True
PR,intermediate,7699,C-40,two_span_continuous,40,5,M+,kN.m,2s,first_span_0.4L,1,2409.332,50,2915.093,0.0,98.3934,3508.672,1.2036,0.072,0.07679,0.19233,True
PR,intermediate,7699,C-40,two_span_continuous,40,5,M+,kN.m,3s,first_span_0.4L,1,2529.964,50,3034.857,0.0,134.0206,4027.362,1.327,0.075,0.10504,0.19233,True
PR,intermediate,7699,C-40,two_span_continuous,40,5,M+,kN.m,3o,first_span_0.4L,1,2546.222,50,2922.731,0.0,114.2783,3823.042,1.308,0.073,0.10401,0.19233,True
RJ,light,6230,C-40,two_span_continuous,40,5,M+,kN.m,2o,first_span_0.4L,1,2280.563,50,2901.211,0.0,73.1876,3098.28,1.0679,0.157,0.15421,0.19233,True
RJ,light,6230,C-40,two_span_continuous,40,5,M+,kN.m,2s,first_span_0.4L,1,2248.733,50,2901.211,0.0,90.8077,3263.318,1.1248,0.186,0.11013,0.19233,True
RJ,light,6230,C-40,two_span_continuous,40,5,M+,kN.m,3s,first_span_0.4L,1,2272.482,50,2901.211,0.0,84.3316,3214.711,1.1081,0.197,0.16872,0.19233,True
RJ,light,6230,C-40,two_span_continuous,40,5,M+,kN.m,3o,first_span_0.4L,1,2274.749,50,2905.774,0.0,106.4932,3464.587,1.1923,0.186,0.14808,0.19233,True
SC,intermediate,8414,C-40,two_span_continuous,40,5,M+,kN.m,2o,first_span_0.4L,1,2455.327,50,2972.606,0.0,91.2096,3474.402,1.1688,0.068,0.10211,0.19233,True
SC,intermediate,8414,C-40,two_span_continuous,40,5,M+,kN.m,2s,first_span_0.4L,1,2365.824,50,2972.606,0.0,111.244,3608.742,1.214,0.078,0.13738,0.19233,True
SC,intermediate,8414,C-40,two_span_continuous,40,5,M+,kN.m,3s,first_span_0.4L,1,2479.195,50,3442.116,0.0,126.1234,3888.359,1.1296,0.082,0.0939,0.19233,True
SC,intermediate,8414,C-40,two_span_continuous,40,5,M+,kN.m,3o,first_span_0.4L,1,2466.005,50,2956.577,0.0,113.9,3738.598,1.2645,0.079,0.08974,0.19233,True
SP,light,7499,C-40,two_span_continuous,40,5,M+,kN.m,2o,first_span_0.4L,1,2373.289,50,2866.766,0.0,92.7853,3409.97,1.1895,0.096,0.08547,0.19233,True
SP,light,7499,C-40,two_span_continuous,40,5,M+,kN.m,2s,first_span_0.4L,1,2321.246,50,2866.766,0.0,79.02,3204.128,1.1177,0.113,0.20751,0.19233,False
SP,light,7499,C-40,two_span_continuous,40,5,M+,kN.m,3s,first_span_0.4L,1,2376.957,50,2866.766,0.0,123.1326,3752.705,1.309,0.119,0.07031,0.19233,True
SP,light,7499,C-40,two_span_continuous,40,5,M+,kN.m,3o,first_span_0.4L,1,2352.726,50,2866.766,0.0,104.685,3522.36,1.2287,0.114,0.07045,0.19233,True
ROSSIGALI,,7019,C-40,two_span_continuous,40,5,M+,kN.m,2o,first_span_0.4L,1,2306.763,50,2774.474,0.0,99.0336,3413.255,1.2302,0.111,0.06108,0.19233,True
ROSSIGALI,,7019,C-40,two_span_continuous,40,5,M+,kN.m,2s,first_span_0.4L,1,2244.373,50,2774.474,0.0,117.8067,3560.616,1.2833,0.129,0.07814,0.19233,True
ROSSIGALI,,7019,C-40,two_span_continuous,40,5,M+,kN.m,3s,first_span_0.4L,1,2281.225,50,2803.741,0.0,123.0648,3656.215,1.304,0.137,0.10203,0.19233,True
ROSSIGALI,,7019,C-40,two_span_continuous,40,5,M+,kN.m,3o,first_span_0.4L,1,2292.497,50,2774.474,0.0,108.4294,3503.969,1.2629,0.13,0.11743,0.19233,True
MG,intermediate,6470,C-40,two_span_continuous,40,5,M-,kN.m,2o,central_support,1,1878.379,50,2606.042,0.0,210.4574,4229.797,1.6231,0.113,0.14075,0.19233,True
MG,intermediate,6470,C-40,two_span_continuous,40,5,M-,kN.m,2s,central_support,1,1722.143,50,2486.477,0.0,227.7312,4266.56,1.7159,0.141,0.12807,0.19233,True
MG,intermediate,6470,C-40,two_span_continuous,40,5,M-,kN.m,3s,central_support,1,1739.558,50,2296.4,0.0,155.2809,3474.494,1.513,0.147,0.07033,0.19233,True
MG,intermediate,6470,C-40,two_span_continuous,40,5,M-,kN.m,3o,central_support,1,1749.317,50,2486.531,0.0,213.4299,4133.948,1.6625,0.141,0.12203,0.19233,True
MT,heavy,4232,C-40,two_span_continuous,40,5,M-,kN.m,2o,central_support,1,1868.588,50,2605.991,0.0,254.8273,4715.747,1.8096,0.085,0.10398,0.19233,True
MT,heavy,4232,C-40,two_span_continuous,40,5,M-,kN.m,2s,central_support,1,1667.982,50,2565.044,0.0,226.3891,4197.405,1.6364,0.103,0.07517,0.19233,True
MT,heavy,4232,C-40,two_span_continuous,40,5,M-,kN.m,3s,central_support,1,1810.837,50,2594.313,0.0,149.4114,3480.195,1.3415,0.108,0.18853,0.19233,True
MT,heavy,4232,C-40,two_span_continuous,40,5,M-,kN.m,3o,central_support,1,1811.086,50,2565.044,0.0,148.0933,3465.717,1.3511,0.102,0.18769,0.19233,True
PB,light,2635,C-40,two_span_continuous,40,5,M-,kN.m,2o,central_support,1,1449.487,50,1706.087,0.0,46.8404,1972.83,1.1563,0.863,0.10229,0.19233,True
PB,light,2635,C-40,two_span_continuous,40,5,M-,kN.m,2s,central_support,1,1423.559,50,1706.087,0.0,36.6302,1832.824,1.0743,1.03,0.1265,0.19233,True
PB,light,2635,C-40,two_span_continuous,40,5,M-,kN.m,3s,central_support,1,1425.935,50,1706.087,0.0,45.5955,1935.368,1.1344,1.082,0.15536,0.19233,True
PB,light,2635,C-40,two_span_continuous,40,5,M-,kN.m,3o,central_support,1,1427.77,50,1706.087,0.0,38.291,1855.592,1.0876,1.027,0.10528,0.19233,True
PR,intermediate,7699,C-40,two_span_continuous,40,5,M-,kN.m,2o,central_support,1,2163.826,50,2809.443,0.0,167.68,4037.298,1.437,0.085,0.12559,0.19233,True
PR,intermediate,7699,C-40,two_span_continuous,40,5,M-,kN.m,2s,central_support,1,1978.813,50,2728.815,0.0,206.6755,4287.977,1.5714,0.106,0.16628,0.19233,True
PR,intermediate,7699,C-40,two_span_continuous,40,5,M-,kN.m,3s,central_support,1,1913.071,50,2724.276,0.0,215.1184,4316.567,1.5845,0.11,0.14208,0.19233,True
PR,intermediate,7699,C-40,two_span_continuous,40,5,M-,kN.m,3o,central_support,1,2002.846,50,2728.815,0.0,188.5417,4109.402,1.5059,0.107,0.16535,0.19233,True
RJ,light,6230,C-40,two_span_continuous,40,5,M-,kN.m,2o,central_support,1,1539.111,50,2192.2,0.0,166.3067,3397.239,1.5497,0.276,0.15429,0.19233,True
RJ,light,6230,C-40,two_span_continuous,40,5,M-,kN.m,2s,central_support,1,1488.816,50,2156.451,0.0,128.7674,2927.52,1.3576,0.348,0.12873,0.19233,True
RJ,light,6230,C-40,two_span_continuous,40,5,M-,kN.m,3s,central_support,1,1497.525,50,2178.037,0.0,111.0703,2738.502,1.2573,0.362,0.11836,0.19233,True
RJ,light,6230,C-40,two_span_continuous,40,5,M-,kN.m,3o,central_support,1,1528.127,50,2156.451,0.0,130.2256,2983.125,1.3833,0.345,0.12404,0.19233,True
SC,intermediate,8414,C-40,two_span_continuous,40,5,M-,kN.m,2o,central_support,1,2089.056,50,2758.064,0.0,163.4535,3915.305,1.4196,0.096,0.10754,0.19233,True
SC,intermediate,8414,C-40,two_span_continuous,40,5,M-,kN.m,2s,central_support,1,1888.114,50,2403.188,0.0,184.7914,3952.769,1.6448,0.121,0.13887,0.19233,True
SC,intermediate,8414,C-40,two_span_continuous,40,5,M-,kN.m,3s,central_support,1,1878.561,50,2417.301,0.0,161.458,3682.514,1.5234,0.125,0.11471,0.19233,True
SC,intermediate,8414,C-40,two_span_continuous,40,5,M-,kN.m,3o,central_support,1,1889.027,50,2433.201,0.0,189.7702,4009.311,1.6478,0.122,0.14888,0.19233,True
SP,light,7499,C-40,two_span_continuous,40,5,M-,kN.m,2o,central_support,1,1844.39,50,2589.314,0.0,162.5561,3660.612,1.4137,0.156,0.0595,0.19233,True
SP,light,7499,C-40,two_span_continuous,40,5,M-,kN.m,2s,central_support,1,1675.862,50,2466.126,0.0,181.2768,3701.248,1.5008,0.199,0.13426,0.19233,True
SP,light,7499,C-40,two_span_continuous,40,5,M-,kN.m,3s,central_support,1,1701.215,50,2450.619,0.0,160.3827,3493.155,1.4254,0.204,0.08573,0.19233,True
SP,light,7499,C-40,two_span_continuous,40,5,M-,kN.m,3o,central_support,1,1729.307,50,2466.126,0.0,151.8275,3425.66,1.3891,0.197,0.09329,0.19233,True
ROSSIGALI,,7019,C-40,two_span_continuous,40,5,M-,kN.m,2o,central_support,1,1678.267,50,2198.176,0.0,155.2069,3412.378,1.5524,0.206,0.15956,0.19233,True
ROSSIGALI,,7019,C-40,two_span_continuous,40,5,M-,kN.m,2s,central_support,1,1557.714,50,2051.473,0.0,165.8068,3410.256,1.6623,0.266,0.13519,0.19233,True
ROSSIGALI,,7019,C-40,two_span_continuous,40,5,M-,kN.m,3s,central_support,1,1565.678,50,2033.232,0.0,143.6395,3170.548,1.5594,0.274,0.13259,0.19233,True
ROSSIGALI,,7019,C-40,two_span_continuous,40,5,M-,kN.m,3o,central_support,1,1582.907,50,2051.464,0.0,163.0462,3404.605,1.6596,0.264,0.13762,0.19233,True
MG,intermediate,6470,C-40,two_span_continuous,40,5,V,kN,2o,central_support,1,378.991,50,440.869,0.0,13.5224,530.076,1.2023,0.476,0.10135,0.19233,True
MG,intermediate,6470,C-40,two_span_continuous,40,5,V,kN,2s,central_support,1,373.551,50,429.056,0.0,15.2551,543.995,1.2679,0.573,0.10084,0.19233,True
MG,intermediate,6470,C-40,two_span_continuous,40,5,V,kN,3s,central_support,1,383.838,50,429.056,0.0,14.8926,550.231,1.2824,0.597,0.12319,0.19233,True
MG,intermediate,6470,C-40,two_span_continuous,40,5,V,kN,3o,central_support,1,381.714,50,429.056,0.0,14.7517,546.533,1.2738,0.573,0.08907,0.19233,True
MT,heavy,4232,C-40,two_span_continuous,40,5,V,kN,2o,central_support,1,391.033,50,460.674,0.0,14.7114,555.402,1.2056,0.193,0.1483,0.19233,True
MT,heavy,4232,C-40,two_span_continuous,40,5,V,kN,2s,central_support,1,387.794,50,436.102,0.0,11.5219,516.527,1.1844,0.23,0.1755,0.19233,True
MT,heavy,4232,C-40,two_span_continuous,40,5,V,kN,3s,central_support,1,395.231,50,448.181,0.0,14.0293,551.979,1.2316,0.243,0.06618,0.19233,True
MT,heavy,4232,C-40,two_span_continuous,40,5,V,kN,3o,central_support,1,398.226,50,443.415,0.0,14.2238,557.146,1.2565,0.231,0.10363,0.19233,True
PB,light,2635,C-40,two_span_continuous,40,5,V,kN,2o,central_support,1,352.785,50,414.01,0.0,10.2695,467.526,1.1293,3.949,0.12305,0.19233,True
PB,light,2635,C-40,two_span_continuous,40,5,V,kN,2s,central_support,1,348.61,50,414.01,0.0,8.6306,445.039,1.0749,4.655,0.11528,0.19233,True
PB,light,2635,C-40,two_span_continuous,40,5,V,kN,3s,central_support,1,348.425,50,414.01,0.0,9.3158,452.51,1.093,4.965,0.13015,0.19233,True
PB,light,2635,C-40,two_span_continuous,40,5,V,kN,3o,central_support,1,348.879,50,414.01,0.0,8.5504,444.412,1.0734,4.63,0.11679,0.19233,True
PR,intermediate,7699,C-40,two_span_continuous,40,5,V,kN,2o,central_support,1,386.803,50,488.362,0.0,17.456,581.837,1.1914,0.349,0.08543,0.19233,True
PR,intermediate,7699,C-40,two_span_continuous,40,5,V,kN,2s,central_support,1,378.855,50,468.655,0.0,17.333,572.515,1.2216,0.422,0.11416,0.19233,True
PR,intermediate,7699,C-40,two_span_continuous,40,5,V,kN,3s,central_support,1,392.693,50,449.754,0.0,14.2689,552.118,1.2276,0.437,0.07086,0.19233,True
PR,intermediate,7699,C-40,two_span_continuous,40,5,V,kN,3o,central_support,1,386.295,50,469.49,0.0,16.7173,573.076,1.2206,0.422,0.12509,0.19233,True
RJ,light,6230,C-40,two_span_continuous,40,5,V,kN,2o,central_support,1,358.938,50,457.487,0.0,12.7804,501.732,1.0967,2.515,0.08181,0.19233,True
RJ,light,6230,C-40,two_span_continuous,40,5,V,kN,2s,central_support,1,355.665,50,457.567,0.0,12.6423,496.915,1.086,3.019,0.15252,0.19233,True
RJ,light,6230,C-40,two_span_continuous,40,5,V,kN,3s,central_support,1,357.071,50,457.567,0.0,13.4878,507.769,1.1097,3.153,0.12432,0.19233,True
RJ,light,6230,C-40,two_span_continuous,40,5,V,kN,3o,central_support,1,356.88,50,457.567,0.0,14.4341,518.15,1.1324,3.008,0.12915,0.19233,True
SC,intermediate,8414,C-40,two_span_continuous,40,5,V,kN,2o,central_support,1,379.802,50,469.445,0.0,17.0448,570.242,1.2147,0.532,0.09664,0.19233,True
SC,intermediate,8414,C-40,two_span_continuous,40,5,V,kN,2s,central_support,1,374.811,50,469.445,0.0,18.6976,583.717,1.2434,0.646,0.06982,0.19233,True
SC,intermediate,8414,C-40,two_span_continuous,40,5,V,kN,3s,central_support,1,383.54,50,480.248,0.0,16.45,567.335,1.1813,0.669,0.06894,0.19233,True
SC,intermediate,8414,C-40,two_span_continuous,40,5,V,kN,3o,central_support,1,381.852,50,466.782,0.0,18.2728,586.012,1.2554,0.643,0.06274,0.19233,True
SP,light,7499,C-40,two_span_continuous,40,5,V,kN,2o,central_support,1,371.323,50,449.754,0.0,14.5352,533.724,1.1867,0.891,0.09717,0.19233,True
SP,light,7499,C-40,two_span_continuous,40,5,V,kN,2s,central_support,1,367.327,50,449.754,0.0,13.6964,520.355,1.157,1.084,0.14692,0.19233,True
SP,light,7499,C-40,two_span_continuous,40,5,V,kN,3s,central_support,1,370.948,50,449.754,0.0,16.2873,552.925,1.2294,1.13,0.10599,0.19233,True
SP,light,7499,C-40,two_span_continuous,40,5,V,kN,3o,central_support,1,369.422,50,449.754,0.0,16.0898,549.192,1.2211,1.078,0.10623,0.19233,True
ROSSIGALI,,7019,C-40,two_span_continuous,40,5,V,kN,2o,central_support,1,361.879,50,442.797,0.0,17.4056,556.35,1.2564,2.726,0.10253,0.19233,True
ROSSIGALI,,7019,C-40,two_span_continuous,40,5,V,kN,2s,central_support,1,355.834,50,442.335,0.0,17.8372,555.127,1.255,3.372,0.06945,0.19233,True
ROSSIGALI,,7019,C-40,two_span_continuous,40,5,V,kN,3s,central_support,1,357.65,50,447.971,0.0,18.8195,567.919,1.2678,3.511,0.10918,0.19233,True
ROSSIGALI,,7019,C-40,two_span_continuous,40,5,V,kN,3o,central_support,1,357.65,50,442.366,0.0,16.779,545.12,1.2323,3.311,0.0881,0.19233,True
MG,intermediate,6470,C-50,two_span_continuous,50,5,M+,kN.m,2o,first_span_0.4L,1,3255.342,50,3530.66,0.0,95.7793,4325.474,1.2251,0.084,0.14394,0.19233,True
MG,intermediate,6470,C-50,two_span_continuous,50,5,M+,kN.m,2s,first_span_0.4L,1,3148.52,50,3529.667,0.0,126.5109,4562.013,1.2925,0.097,0.09715,0.19233,True
MG,intermediate,6470,C-50,two_span_continuous,50,5,M+,kN.m,3s,first_span_0.4L,1,3376.815,50,4241.016,0.0,166.4344,5236.37,1.2347,0.102,0.08207,0.19233,True
MG,intermediate,6470,C-50,two_span_continuous,50,5,M+,kN.m,3o,first_span_0.4L,1,3302.207,50,4086.39,0.0,195.1072,5482.12,1.3416,0.098,0.08833,0.19233,True
MT,heavy,4232,C-50,two_span_continuous,50,5,M+,kN.m,2o,first_span_0.4L,1,3382.234,50,3710.638,0.0,93.1088,4422.529,1.1919,0.071,0.08483,0.19233,True
MT,heavy,4232,C-50,two_span_continuous,50,5,M+,kN.m,2s,first_span_0.4L,1,3268.081,50,3573.403,0.0,94.593,4324.959,1.2103,0.083,0.13187,0.19233,True
MT,heavy,4232,C-50,two_span_continuous,50,5,M+,kN.m,3s,first_span_0.4L,1,3651.019,50,4318.991,0.0,167.7858,5525.673,1.2794,0.087,0.12044,0.19233,True
MT,heavy,4232,C-50,two_span_continuous,50,5,M+,kN.m,3o,first_span_0.4L,1,3561.412,50,3994.966,0.0,151.0654,5249.25,1.314,0.083,0.103,0.19233,True
PB,light,2635,C-50,two_span_continuous,50,5,M+,kN.m,2o,first_span_0.4L,1,2945.037,50,3469.414,0.0,99.6017,4057.877,1.1696,0.566,0.15796,0.19233,True
PB,light,2635,C-50,two_span_continuous,50,5,M+,kN.m,2s,first_span_0.4L,1,2903.92,50,3469.414,0.0,75.0201,3742.111,1.0786,0.667,0.09379,0.19233,True
PB,light,2635,C-50,two_span_continuous,50,5,M+,kN.m,3s,first_span_0.4L,1,2902.121,50,3469.414,0.0,95.1854,3965.617,1.143,0.704,0.11673,0.19233,True
PB,light,2635,C-50,two_span_continuous,50,5,M+,kN.m,3o,first_span_0.4L,1,2908.929,50,3469.414,0.0,78.1423,3782.005,1.0901,0.666,0.09016,0.19233,True
PR,intermediate,7699,C-50,two_span_continuous,50,5,M+,kN.m,2o,first_span_0.4L,1,3313.978,50,3838.71,0.0,132.1197,4790.138,1.2479,0.068,0.10786,0.19233,True
PR,intermediate,7699,C-50,two_span_continuous,50,5,M+,kN.m,2s,first_span_0.4L,1,3210.117,50,3838.736,0.0,114.5689,4490.183,1.1697,0.077,0.11476,0.19233,True
PR,intermediate,7699,C-50,two_span_continuous,50,5,M+,kN.m,3s,first_span_0.4L,1,3415.338,50,3865.165,0.0,179.0278,5415.597,1.4011,0.08,0.12265,0.19233,True
PR,intermediate,7699,C-50,two_span_continuous,50,5,M+,kN.m,3o,first_span_0.4L,1,3473.862,50,3940.575,0.0,146.3584,5109.109,1.2965,0.079,0.13533,0.19233,True
RJ,light,6230,C-50,two_span_continuous,50,5,M+,kN.m,2o,first_span_0.4L,1,3024.986,50,3906.513,0.0,127.5158,4449.707,1.139,0.171,0.08762,0.19233,True
RJ,light,6230,C-50,two_span_continuous,50,5,M+,kN.m,2s,first_span_0.4L,1,2965.054,50,3906.513,0.0,113.197,4229.792,1.0828,0.202,0.11632,0.19233,True
RJ,light,6230,C-50,two_span_continuous,50,5,M+,kN.m,3s,first_span_0.4L,1,3004.09,50,3949.213,0.0,186.7625,5090.769,1.2891,0.214,0.12639,0.19233,True
RJ,light,6230,C-50,two_span_continuous,50,5,M+,kN.m,3o,first_span_0.4L,1,2992.704,50,3906.513,0.0,126.811,4409.551,1.1288,0.203,0.14888,0.19233,True
SC,intermediate,8414,C-50,two_span_continuous,50,5,M+,kN.m,2o,first_span_0.4L,1,3270.671,50,4290.536,0.0,132.6187,4752.407,1.1076,0.075,0.21282,0.19233,False
SC,intermediate,8414,C-50,two_span_continuous,50,5,M+,kN.m,2s,first_span_0.4L,1,3146.484,50,3952.644,0.0,135.8474,4664.293,1.18,0.084,0.08437,0.19233,True
SC,intermediate,8414,C-50,two_span_continuous,50,5,M+,kN.m,3s,first_span_0.4L,1,3353.015,50,3978.373,0.0,146.4456,4989.236,1.2541,0.088,0.12389,0.19233,True
SC,intermediate,8414,C-50,two_span_continuous,50,5,M+,kN.m,3o,first_span_0.4L,1,3326.473,50,3952.639,0.0,162.6009,5143.196,1.3012,0.087,0.10133,0.19233,True
SP,light,7499,C-50,two_span_continuous,50,5,M+,kN.m,2o,first_span_0.4L,1,3164.787,50,3915.586,0.0,147.4162,4811.854,1.2289,0.106,0.11702,0.19233,True
SP,light,7499,C-50,two_span_continuous,50,5,M+,kN.m,2s,first_span_0.4L,1,3073.379,50,3705.788,0.0,116.1294,4370.881,1.1795,0.123,0.14857,0.19233,True
SP,light,7499,C-50,two_span_continuous,50,5,M+,kN.m,3s,first_span_0.4L,1,3163.43,50,4197.389,0.0,165.0176,5007.155,1.1929,0.13,0.17407,0.19233,True
SP,light,7499,C-50,two_span_continuous,50,5,M+,kN.m,3o,first_span_0.4L,1,3159.474,50,3889.029,0.0,173.4269,5097.154,1.3106,0.125,0.10579,0.19233,True
ROSSIGALI,,7019,C-50,two_span_continuous,50,5,M+,kN.m,2o,first_span_0.4L,1,3024.502,50,3629.058,0.0,126.8972,4442.311,1.2241,0.121,0.07303,0.19233,True
ROSSIGALI,,7019,C-50,two_span_continuous,50,5,M+,kN.m,2s,first_span_0.4L,1,2951.311,50,3629.058,0.0,146.6145,4589.42,1.2646,0.139,0.06934,0.19233,True
ROSSIGALI,,7019,C-50,two_span_continuous,50,5,M+,kN.m,3s,first_span_0.4L,1,3004.716,50,3630.034,0.0,178.6789,5001.077,1.3777,0.147,0.10993,0.19233,True
ROSSIGALI,,7019,C-50,two_span_continuous,50,5,M+,kN.m,3o,first_span_0.4L,1,3013.737,50,3629.058,0.0,163.6785,4842.5,1.3344,0.141,0.11531,0.19233,True
MG,intermediate,6470,C-50,two_span_continuous,50,5,M-,kN.m,2o,central_support,1,2564.697,50,3426.177,0.0,263.4712,5508.434,1.6077,0.174,0.14665,0.19233,True
MG,intermediate,6470,C-50,two_span_continuous,50,5,M-,kN.m,2s,central_support,1,2364.087,50,3559.878,0.0,296.9418,5681.787,1.5961,0.238,0.08375,0.19233,True
MG,intermediate,6470,C-50,two_span_continuous,50,5,M-,kN.m,3s,central_support,1,2364.899,50,3144.597,0.0,241.3363,5061.324,1.6095,0.24,0.10351,0.19233,True
MG,intermediate,6470,C-50,two_span_continuous,50,5,M-,kN.m,3o,central_support,1,2387.302,50,3787.683,0.0,296.592,5701.094,1.5052,0.232,0.08342,0.19233,True
MT,heavy,4232,C-50,two_span_continuous,50,5,M-,kN.m,2o,central_support,1,2733.601,50,3459.437,0.0,303.8329,6128.295,1.7715,0.109,0.11774,0.19233,True
MT,heavy,4232,C-50,two_span_continuous,50,5,M-,kN.m,2s,central_support,1,2403.646,50,3350.078,0.0,293.7254,5685.409,1.6971,0.135,0.1167,0.19233,True
MT,heavy,4232,C-50,two_span_continuous,50,5,M-,kN.m,3s,central_support,1,2439.978,50,3350.078,0.0,232.8993,5042.139,1.5051,0.141,0.14484,0.19233,True
MT,heavy,4232,C-50,two_span_continuous,50,5,M-,kN.m,3o,central_support,1,2464.299,50,3350.078,0.0,245.0115,5201.787,1.5527,0.134,0.11879,0.19233,True
PB,light,2635,C-50,two_span_continuous,50,5,M-,kN.m,2o,central_support,1,1857.662,50,2193.105,0.0,69.7435,2636.898,1.2024,1.384,0.09519,0.19233,True
PB,light,2635,C-50,two_span_continuous,50,5,M-,kN.m,2s,central_support,1,1818.844,50,2193.105,0.0,44.6549,2317.768,1.0568,1.685,0.17316,0.19233,True
PB,light,2635,C-50,two_span_continuous,50,5,M-,kN.m,3s,central_support,1,1824.047,50,2193.105,0.0,64.8279,2548.363,1.162,1.76,0.12014,0.19233,True
PB,light,2635,C-50,two_span_continuous,50,5,M-,kN.m,3o,central_support,1,1820.339,50,2193.105,0.0,54.3858,2427.986,1.1071,1.662,0.14077,0.19233,True
PR,intermediate,7699,C-50,two_span_continuous,50,5,M-,kN.m,2o,central_support,1,2865.724,50,3559.005,0.0,245.4526,5608.141,1.5758,0.122,0.12151,0.19233,True
PR,intermediate,7699,C-50,two_span_continuous,50,5,M-,kN.m,2s,central_support,1,2729.209,50,3526.337,0.0,226.1935,5256.446,1.4906,0.166,0.10754,0.19233,True
PR,intermediate,7699,C-50,two_span_continuous,50,5,M-,kN.m,3s,central_support,1,2648.882,50,3410.727,0.0,240.8444,5339.812,1.5656,0.167,0.10968,0.19233,True
PR,intermediate,7699,C-50,two_span_continuous,50,5,M-,kN.m,3o,central_support,1,2733.214,50,3703.775,0.0,226.9408,5268.8,1.4225,0.164,0.09069,0.19233,True
RJ,light,6230,C-50,two_span_continuous,50,5,M-,kN.m,2o,central_support,1,2097.067,50,2995.582,0.0,208.1222,4422.394,1.4763,0.551,0.09513,0.19233,True
RJ,light,6230,C-50,two_span_continuous,50,5,M-,kN.m,2s,central_support,1,1929.511,50,2848.581,0.0,202.3075,4189.872,1.4709,0.778,0.14388,0.19233,True
RJ,light,6230,C-50,two_span_continuous,50,5,M-,kN.m,3s,central_support,1,2058.634,50,2738.599,0.0,168.5962,3942.342,1.4395,0.783,0.08848,0.19233,True
RJ,light,6230,C-50,two_span_continuous,50,5,M-,kN.m,3o,central_support,1,1970.114,50,2852.076,0.0,205.3806,4264.81,1.4953,0.747,0.07164,0.19233,True
SC,intermediate,8414,C-50,two_span_continuous,50,5,M-,kN.m,2o,central_support,1,2810.124,50,3664.021,0.0,177.6602,4795.103,1.3087,0.146,0.10832,0.19233,True
SC,intermediate,8414,C-50,two_span_continuous,50,5,M-,kN.m,2s,central_support,1,2580.602,50,3485.211,0.0,264.1487,5531.908,1.5873,0.206,0.14464,0.19233,True
SC,intermediate,8414,C-50,two_span_continuous,50,5,M-,kN.m,3s,central_support,1,2540.332,50,3264.254,0.0,232.7068,5140.341,1.5747,0.206,0.13206,0.19233,True
SC,intermediate,8414,C-50,two_span_continuous,50,5,M-,kN.m,3o,central_support,1,2593.648,50,3692.367,0.0,264.2595,5546.192,1.5021,0.201,0.14144,0.19233,True
SP,light,7499,C-50,two_span_continuous,50,5,M-,kN.m,2o,central_support,1,2548.549,50,3252.281,0.0,184.7866,4613.15,1.4184,0.257,0.1183,0.19233,True
SP,light,7499,C-50,two_span_continuous,50,5,M-,kN.m,2s,central_support,1,2333.214,50,3162.963,0.0,196.0681,4523.863,1.4303,0.375,0.14186,0.19233,True
SP,light,7499,C-50,two_span_continuous,50,5,M-,kN.m,3s,central_support,1,2291.197,50,3181.511,0.0,177.6553,4276.122,1.3441,0.37,0.08427,0.19233,True
SP,light,7499,C-50,two_span_continuous,50,5,M-,kN.m,3o,central_support,1,2352.094,50,3161.987,0.0,205.9233,4652.853,1.4715,0.359,0.1306,0.19233,True
ROSSIGALI,,7019,C-50,two_span_continuous,50,5,M-,kN.m,2o,central_support,1,2282.739,50,2891.911,0.0,172.3026,4207.859,1.455,0.343,0.09129,0.19233,True
ROSSIGALI,,7019,C-50,two_span_continuous,50,5,M-,kN.m,2s,central_support,1,2121.953,50,2925.57,0.0,196.2085,4314.17,1.4746,0.466,0.06622,0.19233,True
ROSSIGALI,,7019,C-50,two_span_continuous,50,5,M-,kN.m,3s,central_support,1,2104.145,50,2837.843,0.0,183.4247,4153.53,1.4636,0.467,0.08389,0.19233,True
ROSSIGALI,,7019,C-50,two_span_continuous,50,5,M-,kN.m,3o,central_support,1,2149.715,50,2925.57,0.0,181.8496,4181.502,1.4293,0.45,0.06369,0.19233,True
MG,intermediate,6470,C-50,two_span_continuous,50,5,V,kN,2o,central_support,1,398.98,50,447.095,0.0,12.449,538.071,1.2035,0.507,0.08112,0.19233,True
MG,intermediate,6470,C-50,two_span_continuous,50,5,V,kN,2s,central_support,1,391.192,50,447.095,0.0,15.4136,563.407,1.2601,0.615,0.08268,0.19233,True
MG,intermediate,6470,C-50,two_span_continuous,50,5,V,kN,3s,central_support,1,405.732,50,471.768,0.0,19.3423,621.841,1.3181,0.643,0.10182,0.19233,True
MG,intermediate,6470,C-50,two_span_continuous,50,5,V,kN,3o,central_support,1,403.189,50,470.117,0.0,18.412,608.905,1.2952,0.616,0.14437,0.19233,True
MT,heavy,4232,C-50,two_span_continuous,50,5,V,kN,2o,central_support,1,411.824,50,503.177,0.0,16.2331,593.194,1.1789,0.204,0.06547,0.19233,True
MT,heavy,4232,C-50,two_span_continuous,50,5,V,kN,2s,central_support,1,403.945,50,478.064,0.0,13.7973,558.101,1.1674,0.244,0.12918,0.19233,True
MT,heavy,4232,C-50,two_span_continuous,50,5,V,kN,3s,central_support,1,427.161,50,489.894,0.0,15.1933,596.914,1.2185,0.257,0.12209,0.19233,True
MT,heavy,4232,C-50,two_span_continuous,50,5,V,kN,3o,central_support,1,430.155,50,478.064,0.0,12.7384,572.48,1.1975,0.245,0.09489,0.19233,True
PB,light,2635,C-50,two_span_continuous,50,5,V,kN,2o,central_support,1,367.897,50,435.015,0.0,12.2353,504.601,1.16,4.181,0.10232,0.19233,True
PB,light,2635,C-50,two_span_continuous,50,5,V,kN,2s,central_support,1,363.496,50,435.015,0.0,9.0648,464.775,1.0684,4.946,0.10934,0.19233,True
PB,light,2635,C-50,two_span_continuous,50,5,V,kN,3s,central_support,1,362.794,50,435.015,0.0,10.4117,479.123,1.1014,5.263,0.13896,0.19233,True
PB,light,2635,C-50,two_span_continuous,50,5,V,kN,3o,central_support,1,363.534,50,435.015,0.0,9.6811,471.7,1.0843,4.916,0.11249,0.19233,True
PR,intermediate,7699,C-50,two_span_continuous,50,5,V,kN,2o,central_support,1,409.736,50,487.024,0.0,17.2092,602.012,1.2361,0.37,0.09077,0.19233,True
PR,intermediate,7699,C-50,two_span_continuous,50,5,V,kN,2s,central_support,1,398.297,50,486.996,0.0,17.7485,596.6,1.2251,0.452,0.08672,0.19233,True
PR,intermediate,7699,C-50,two_span_continuous,50,5,V,kN,3s,central_support,1,416.183,50,467.234,0.0,17.1748,608.075,1.3014,0.466,0.09456,0.19233,True
PR,intermediate,7699,C-50,two_span_continuous,50,5,V,kN,3o,central_support,1,415.376,50,487.093,0.0,19.3195,631.231,1.2959,0.451,0.07911,0.19233,True
RJ,light,6230,C-50,two_span_continuous,50,5,V,kN,2o,central_support,1,377.382,50,484.843,0.0,13.1936,524.793,1.0824,2.728,0.08419,0.19233,True
RJ,light,6230,C-50,two_span_continuous,50,5,V,kN,2s,central_support,1,370.308,50,484.843,0.0,14.7243,534.821,1.1031,3.268,0.09201,0.19233,True
RJ,light,6230,C-50,two_span_continuous,50,5,V,kN,3s,central_support,1,374.691,50,484.843,0.0,17.6572,571.973,1.1797,3.429,0.13093,0.19233,True
RJ,light,6230,C-50,two_span_continuous,50,5,V,kN,3o,central_support,1,371.989,50,484.843,0.0,15.1654,541.43,1.1167,3.232,0.07121,0.19233,True
SC,intermediate,8414,C-50,two_span_continuous,50,5,V,kN,2o,central_support,1,403.348,50,522.81,0.0,17.8555,602.846,1.1531,0.566,0.24671,0.19233,False
SC,intermediate,8414,C-50,two_span_continuous,50,5,V,kN,2s,central_support,1,393.813,50,493.962,0.0,17.9015,593.824,1.2022,0.7,0.11966,0.19233,True
SC,intermediate,8414,C-50,two_span_continuous,50,5,V,kN,3s,central_support,1,403.224,50,493.962,0.0,19.3309,619.206,1.2536,0.725,0.11944,0.19233,True
SC,intermediate,8414,C-50,two_span_continuous,50,5,V,kN,3o,central_support,1,406.398,50,493.924,0.0,18.1123,608.765,1.2325,0.695,0.08861,0.19233,True
SP,light,7499,C-50,two_span_continuous,50,5,V,kN,2o,central_support,1,389.343,50,463.405,0.0,14.6949,553.527,1.1945,0.958,0.13582,0.19233,True
SP,light,7499,C-50,two_span_continuous,50,5,V,kN,2s,central_support,1,384.617,50,466.089,0.0,13.9371,540.334,1.1593,1.166,0.10179,0.19233,True
SP,light,7499,C-50,two_span_continuous,50,5,V,kN,3s,central_support,1,386.939,50,466.089,0.0,19.0615,599.911,1.2871,1.217,0.07866,0.19233,True
SP,light,7499,C-50,two_span_continuous,50,5,V,kN,3o,central_support,1,391.285,50,463.855,0.0,18.9903,603.461,1.301,1.158,0.10704,0.19233,True
ROSSIGALI,,7019,C-50,two_span_continuous,50,5,V,kN,2o,central_support,1,376.195,50,462.257,0.0,19.1854,590.552,1.2775,3.516,0.087,0.19233,True
ROSSIGALI,,7019,C-50,two_span_continuous,50,5,V,kN,2s,central_support,1,372.055,50,462.257,0.0,18.4262,577.929,1.2502,4.452,0.07536,0.19233,True
ROSSIGALI,,7019,C-50,two_span_continuous,50,5,V,kN,3s,central_support,1,372.515,50,462.257,0.0,17.3103,565.922,1.2243,4.509,0.1096,0.19233,True
ROSSIGALI,,7019,C-50,two_span_continuous,50,5,V,kN,3o,central_support,1,374.549,50,462.257,0.0,20.6842,605.652,1.3102,4.274,0.07571,0.19233,True
MG,intermediate,6470,S-10,simply_supported,10,2,M+,kN.m,2o,midspan,1,754.377,50,926.202,0.0,32.813,1120.992,1.2103,1.312,0.08185,0.19233,True
MG,intermediate,6470,S-10,simply_supported,10,2,M+,kN.m,2s,midspan,1,717.624,50,842.664,0.0,29.2513,1044.445,1.2395,2.205,0.0792,0.19233,True
MG,intermediate,6470,S-10,simply_supported,10,2,M+,kN.m,3s,midspan,1,764.268,50,956.972,0.0,42.9283,1243.902,1.2998,2.054,0.08399,0.19233,True
MG,intermediate,6470,S-10,simply_supported,10,2,M+,kN.m,3o,midspan,1,765.874,50,972.091,0.0,34.985,1156.758,1.19,1.797,0.1211,0.19233,True
MT,heavy,4232,S-10,simply_supported,10,2,M+,kN.m,2o,midspan,1,753.955,50,862.966,0.0,25.8168,1042.404,1.2079,1.165,0.12799,0.19233,True
MT,heavy,4232,S-10,simply_supported,10,2,M+,kN.m,2s,midspan,1,720.558,50,860.066,0.0,29.8239,1053.777,1.2252,1.836,0.09189,0.19233,True
MT,heavy,4232,S-10,simply_supported,10,2,M+,kN.m,3s,midspan,1,796.778,50,912.075,0.0,35.2202,1190.289,1.305,1.759,0.09125,0.19233,True
MT,heavy,4232,S-10,simply_supported,10,2,M+,kN.m,3o,midspan,1,788.121,50,912.989,0.0,38.7021,1220.536,1.3369,1.561,0.13307,0.19233,True
PB,light,2635,S-10,simply_supported,10,2,M+,kN.m,2o,midspan,1,662.437,50,765.033,0.0,26.3614,956.97,1.2509,15.291,0.08167,0.19233,True
PB,light,2635,S-10,simply_supported,10,2,M+,kN.m,2s,midspan,1,653.435,50,734.136,0.0,24.0297,921.916,1.2558,20.921,0.11068,0.19233,True
PB,light,2635,S-10,simply_supported,10,2,M+,kN.m,3s,midspan,1,656.397,50,843.711,0.0,38.0166,1081.153,1.2814,20.921,0.07599,0.19233,True
PB,light,2635,S-10,simply_supported,10,2,M+,kN.m,3o,midspan,1,656.397,50,734.136,0.0,28.001,969.249,1.3203,19.531,0.07592,0.19233,True
PR,intermediate,7699,S-10,simply_supported,10,2,M+,kN.m,2o,midspan,1,764.524,50,884.546,0.0,25.2894,1047.08,1.1837,1.075,0.08714,0.19233,True
PR,intermediate,7699,S-10,simply_supported,10,2,M+,kN.m,2s,midspan,1,720.844,50,884.546,0.0,43.0437,1201.767,1.3586,2.159,0.13516,0.19233,True
PR,intermediate,7699,S-10,simply_supported,10,2,M+,kN.m,3s,midspan,1,788.79,50,884.546,0.0,30.5254,1129.847,1.2773,1.842,0.12374,0.19233,True
PR,intermediate,7699,S-10,simply_supported,10,2,M+,kN.m,3o,midspan,1,790.711,50,919.783,0.0,41.2799,1251.927,1.3611,1.631,0.07027,0.19233,True
RJ,light,6230,S-10,simply_supported,10,2,M+,kN.m,2o,midspan,1,707.94,50,867.371,0.0,30.5849,1049.662,1.2102,3.855,0.17826,0.19233,True
RJ,light,6230,S-10,simply_supported,10,2,M+,kN.m,2s,midspan,1,688.379,50,867.371,0.0,25.2228,970.19,1.1185,5.669,0.10044,0.19233,True
RJ,light,6230,S-10,simply_supported,10,2,M+,kN.m,3s,midspan,1,710.175,50,909.26,0.0,43.3085,1194.057,1.3132,5.543,0.11871,0.19233,True
RJ,light,6230,S-10,simply_supported,10,2,M+,kN.m,3o,midspan,1,710.175,50,880.453,0.0,39.3076,1149.355,1.3054,4.902,0.09595,0.19233,True
SC,intermediate,8414,S-10,simply_supported,10,2,M+,kN.m,2o,midspan,1,758.011,50,921.281,0.0,39.0863,1194.719,1.2968,1.253,0.10506,0.19233,True
SC,intermediate,8414,S-10,simply_supported,10,2,M+,kN.m,2s,midspan,1,721.209,50,919.42,0.0,40.525,1173.991,1.2769,2.367,0.06984,0.19233,True
SC,intermediate,8414,S-10,simply_supported,10,2,M+,kN.m,3s,midspan,1,788.054,50,919.42,0.0,35.658,1186.457,1.2904,2.046,0.09659,0.19233,True
SC,intermediate,8414,S-10,simply_supported,10,2,M+,kN.m,3o,midspan,1,786.421,50,919.42,0.0,28.6955,1107.033,1.2041,1.799,0.106,0.19233,True
SP,light,7499,S-10,simply_supported,10,2,M+,kN.m,2o,midspan,1,740.338,50,856.752,0.0,24.7814,1017.219,1.1873,1.762,0.06317,0.19233,True
SP,light,7499,S-10,simply_supported,10,2,M+,kN.m,2s,midspan,1,711.884,50,856.752,0.0,36.7852,1122.881,1.3106,2.874,0.09659,0.19233,True
SP,light,7499,S-10,simply_supported,10,2,M+,kN.m,3s,midspan,1,751.809,50,912.494,0.0,46.9525,1276.405,1.3988,2.657,0.08247,0.19233,True
SP,light,7499,S-10,simply_supported,10,2,M+,kN.m,3o,midspan,1,757.468,50,897.346,0.0,39.4718,1198.482,1.3356,2.344,0.09827,0.19233,True
ROSSIGALI,,7019,S-10,simply_supported,10,2,M+,kN.m,2o,midspan,1,847.124,50,1025.312,0.0,43.699,1335.368,1.3024,0.919,0.0857,0.19233,True
ROSSIGALI,,7019,S-10,simply_supported,10,2,M+,kN.m,2s,midspan,1,835.993,50,1022.284,0.0,48.2507,1375.093,1.3451,1.203,0.11553,0.19233,True
ROSSIGALI,,7019,S-10,simply_supported,10,2,M+,kN.m,3s,midspan,1,840.051,50,1021.393,0.0,41.0477,1298.673,1.2715,1.243,0.09933,0.19233,True
ROSSIGALI,,7019,S-10,simply_supported,10,2,M+,kN.m,3o,midspan,1,846.486,50,1022.284,0.0,49.4111,1398.552,1.3681,1.133,0.09863,0.19233,True
MG,intermediate,6470,S-10,simply_supported,10,2,V,kN,2o,first_end_support,1,324.634,50,402.195,0.0,15.4215,496.936,1.2356,0.528,0.10679,0.19233,True
MG,intermediate,6470,S-10,simply_supported,10,2,V,kN,2s,first_end_support,1,315.702,50,373.69,0.0,14.5325,478.072,1.2793,0.716,0.07561,0.19233,True
MG,intermediate,6470,S-10,simply_supported,10,2,V,kN,3s,first_end_support,1,332.666,50,426.819,0.0,15.703,508.113,1.1905,0.722,0.10098,0.19233,True
MG,intermediate,6470,S-10,simply_supported,10,2,V,kN,3o,first_end_support,1,330.405,50,388.99,0.0,14.3482,490.716,1.2615,0.665,0.12758,0.19233,True
MT,heavy,4232,S-10,simply_supported,10,2,V,kN,2o,first_end_support,1,325.276,50,445.462,0.0,11.6595,455.546,1.0226,0.425,0.13756,0.19233,True
MT,heavy,4232,S-10,simply_supported,10,2,V,kN,2s,first_end_support,1,315.232,50,445.462,0.0,14.1635,473.48,1.0629,0.554,0.10799,0.19233,True
MT,heavy,4232,S-10,simply_supported,10,2,V,kN,3s,first_end_support,1,342.394,50,445.462,0.0,17.5532,538.514,1.2089,0.57,0.10709,0.19233,True
MT,heavy,4232,S-10,simply_supported,10,2,V,kN,3o,first_end_support,1,339.409,50,445.462,0.0,18.8704,550.246,1.2352,0.524,0.08537,0.19233,True
PB,light,2635,S-10,simply_supported,10,2,V,kN,2o,first_end_support,1,294.377,50,334.094,0.0,10.3473,409.986,1.2272,5.28,0.11212,0.19233,True
PB,light,2635,S-10,simply_supported,10,2,V,kN,2s,first_end_support,1,289.656,50,327.457,0.0,11.0876,413.536,1.2629,6.477,0.06294,0.19233,True
PB,light,2635,S-10,simply_supported,10,2,V,kN,3s,first_end_support,1,291.808,50,332.573,0.0,13.4195,441.743,1.3283,6.739,0.08109,0.19233,True
PB,light,2635,S-10,simply_supported,10,2,V,kN,3o,first_end_support,1,291.333,50,327.457,0.0,11.1899,416.356,1.2715,6.305,0.06172,0.19233,True
PR,intermediate,7699,S-10,simply_supported,10,2,V,kN,2o,first_end_support,1,328.773,50,406.847,0.0,17.1807,520.731,1.2799,0.428,0.08498,0.19233,True
PR,intermediate,7699,S-10,simply_supported,10,2,V,kN,2s,first_end_support,1,318.995,50,406.847,0.0,18.2745,523.174,1.2859,0.624,0.14729,0.19233,True
PR,intermediate,7699,S-10,simply_supported,10,2,V,kN,3s,first_end_support,1,341.919,50,406.847,0.0,14.84,507.725,1.248,0.615,0.09027,0.19233,True
PR,intermediate,7699,S-10,simply_supported,10,2,V,kN,3o,first_end_support,1,342.183,50,407.044,0.0,18.7053,551.176,1.3541,0.56,0.07374,0.19233,True
RJ,light,6230,S-10,simply_supported,10,2,V,kN,2o,second_end_support,1,290.848,50,363.054,0.0,14.1246,448.661,1.2358,3.864,0.1299,0.19233,True
RJ,light,6230,S-10,simply_supported,10,2,V,kN,2s,second_end_support,1,285.249,50,363.054,0.0,12.6351,426.42,1.1745,5.507,0.12131,0.19233,True
RJ,light,6230,S-10,simply_supported,10,2,V,kN,3s,first_end_support,1,310.911,50,394.234,0.0,17.8007,509.796,1.2931,1.788,0.08864,0.19233,True
RJ,light,6230,S-10,simply_supported,10,2,V,kN,3o,second_end_support,1,296.977,50,364.596,0.0,14.1012,454.528,1.2467,4.883,0.08968,0.19233,True
SC,intermediate,8414,S-10,simply_supported,10,2,V,kN,2o,first_end_support,1,330.312,50,412.321,0.0,15.3503,501.82,1.2171,0.488,0.0659,0.19233,True
SC,intermediate,8414,S-10,simply_supported,10,2,V,kN,2s,first_end_support,1,316.403,50,412.321,0.0,19.2276,531.23,1.2884,0.688,0.10503,0.19233,True
SC,intermediate,8414,S-10,simply_supported,10,2,V,kN,3s,first_end_support,1,343.746,50,412.321,0.0,13.7559,497.44,1.2064,0.682,0.08416,0.19233,True
SC,intermediate,8414,S-10,simply_supported,10,2,V,kN,3o,first_end_support,1,341.768,50,412.321,0.0,13.3777,491.235,1.1914,0.619,0.13416,0.19233,True
SP,light,7499,S-10,simply_supported,10,2,V,kN,2o,first_end_support,1,319.904,50,406.847,0.0,14.6662,483.768,1.1891,0.704,0.06339,0.19233,True
SP,light,7499,S-10,simply_supported,10,2,V,kN,2s,first_end_support,1,310.922,50,406.847,0.0,19.0429,523.687,1.2872,0.947,0.15667,0.19233,True
SP,light,7499,S-10,simply_supported,10,2,V,kN,3s,first_end_support,1,329.184,50,406.847,0.0,16.6793,515.541,1.2672,0.946,0.10079,0.19233,True
SP,light,7499,S-10,simply_supported,10,2,V,kN,3o,first_end_support,1,330.046,50,406.847,0.0,17.6553,527.306,1.2961,0.872,0.12054,0.19233,True
ROSSIGALI,,7019,S-10,simply_supported,10,2,V,kN,2o,first_end_support,1,373.632,50,461.351,0.0,23.1062,631.795,1.3694,0.421,0.06428,0.19233,True
ROSSIGALI,,7019,S-10,simply_supported,10,2,V,kN,2s,first_end_support,1,368.883,50,461.351,0.0,23.7471,634.207,1.3747,0.525,0.08902,0.19233,True
ROSSIGALI,,7019,S-10,simply_supported,10,2,V,kN,3s,first_end_support,1,370.525,50,461.351,0.0,21.6255,612.145,1.3269,0.549,0.12385,0.19233,True
ROSSIGALI,,7019,S-10,simply_supported,10,2,V,kN,3o,second_end_support,2,330.951,50,473.038,0.0,28.156,645.534,1.3647,2.176,0.08475,0.19233,True
MG,intermediate,6470,S-20,simply_supported,20,2,M+,kN.m,2o,midspan,1,2221.07,50,2561.526,0.0,85.987,3181.794,1.2421,0.2,0.12374,0.19233,True
MG,intermediate,6470,S-20,simply_supported,20,2,M+,kN.m,2s,midspan,1,2094.758,50,2455.795,0.0,89.4512,3094.187,1.26,0.256,0.09799,0.19233,True
MG,intermediate,6470,S-20,simply_supported,20,2,M+,kN.m,3s,midspan,1,2311.573,50,2992.588,0.0,111.7558,3560.209,1.1897,0.268,0.10555,0.19233,True
MG,intermediate,6470,S-20,simply_supported,20,2,M+,kN.m,3o,midspan,1,2262.882,50,2739.396,0.0,134.6717,3767.555,1.3753,0.244,0.10937,0.19233,True
MT,heavy,4232,S-20,simply_supported,20,2,M+,kN.m,2o,midspan,1,2272.513,50,2639.757,0.0,84.9305,3221.433,1.2204,0.139,0.17561,0.19233,True
MT,heavy,4232,S-20,simply_supported,20,2,M+,kN.m,2s,midspan,1,2161.763,50,2639.757,0.0,94.4871,3217.457,1.2188,0.171,0.1,0.19233,True
MT,heavy,4232,S-20,simply_supported,20,2,M+,kN.m,3s,midspan,1,2403.811,50,2916.291,0.0,120.8136,3753.649,1.2871,0.18,0.12163,0.19233,True
MT,heavy,4232,S-20,simply_supported,20,2,M+,kN.m,3o,midspan,1,2394.016,50,2902.72,0.0,136.2196,3915.984,1.3491,0.167,0.0941,0.19233,True
PB,light,2635,S-20,simply_supported,20,2,M+,kN.m,2o,midspan,1,1944.821,50,2204.351,0.0,63.7534,2657.131,1.2054,1.53,0.1252,0.19233,True
PB,light,2635,S-20,simply_supported,20,2,M+,kN.m,2s,midspan,1,1916.476,50,2093.663,0.0,59.5481,2581.801,1.2332,1.851,0.1193,0.19233,True
PB,light,2635,S-20,simply_supported,20,2,M+,kN.m,3s,midspan,1,1926.709,50,2376.041,0.0,98.3766,3025.861,1.2735,1.954,0.14835,0.19233,True
PB,light,2635,S-20,simply_supported,20,2,M+,kN.m,3o,midspan,1,1932.317,50,2399.566,0.0,75.4654,2775.484,1.1567,1.831,0.07247,0.19233,True
PR,intermediate,7699,S-20,simply_supported,20,2,M+,kN.m,2o,midspan,1,2259.244,50,2673.274,0.0,94.2503,3312.293,1.239,0.144,0.10601,0.19233,True
PR,intermediate,7699,S-20,simply_supported,20,2,M+,kN.m,2s,midspan,1,2130.741,50,2673.274,0.0,115.5965,3422.288,1.2802,0.189,0.0832,0.19233,True
PR,intermediate,7699,S-20,simply_supported,20,2,M+,kN.m,3s,midspan,1,2398.727,50,2808.489,0.0,123.5002,3778.582,1.3454,0.196,0.10219,0.19233,True
PR,intermediate,7699,S-20,simply_supported,20,2,M+,kN.m,3o,midspan,1,2383.648,50,2809.554,0.0,111.9847,3634.842,1.2937,0.177,0.11309,0.19233,True
RJ,light,6230,S-20,simply_supported,20,2,M+,kN.m,2o,midspan,1,2033.91,50,2344.343,0.0,70.0809,2816.916,1.2016,0.543,0.08539,0.19233,True
RJ,light,6230,S-20,simply_supported,20,2,M+,kN.m,2s,midspan,1,1972.881,50,2344.343,0.0,73.5809,2794.993,1.1922,0.689,0.09893,0.19233,True
RJ,light,6230,S-20,simply_supported,20,2,M+,kN.m,3s,midspan,1,2031.563,50,2522.484,0.0,142.1345,3619.617,1.4349,0.723,0.08705,0.19233,True
RJ,light,6230,S-20,simply_supported,20,2,M+,kN.m,3o,midspan,1,2026.053,50,2615.927,0.0,118.0245,3344.729,1.2786,0.658,0.16138,0.19233,True
SC,intermediate,8414,S-20,simply_supported,20,2,M+,kN.m,2o,midspan,1,2253.605,50,2678.389,0.0,97.8194,3346.531,1.2495,0.172,0.09765,0.19233,True
SC,intermediate,8414,S-20,simply_supported,20,2,M+,kN.m,2s,midspan,1,2096.326,50,2639.568,0.0,107.3308,3295.522,1.2485,0.227,0.09196,0.19233,True
SC,intermediate,8414,S-20,simply_supported,20,2,M+,kN.m,3s,midspan,1,2349.83,50,2859.392,0.0,107.254,3548.169,1.2409,0.234,0.11535,0.19233,True
SC,intermediate,8414,S-20,simply_supported,20,2,M+,kN.m,3o,midspan,1,2326.099,50,2862.972,0.0,108.4147,3537.405,1.2356,0.211,0.06915,0.19233,True
SP,light,7499,S-20,simply_supported,20,2,M+,kN.m,2o,midspan,1,2147.97,50,2673.274,0.0,102.6513,3294.883,1.2325,0.287,0.07422,0.19233,True
SP,light,7499,S-20,simply_supported,20,2,M+,kN.m,2s,midspan,1,2048.166,50,2673.274,0.0,82.8867,2974.251,1.1126,0.375,0.08432,0.19233,True
SP,light,7499,S-20,simply_supported,20,2,M+,kN.m,3s,midspan,1,2196.067,50,2908.688,0.0,127.7156,3623.02,1.2456,0.388,0.09431,0.19233,True
SP,light,7499,S-20,simply_supported,20,2,M+,kN.m,3o,midspan,1,2217.339,50,2673.274,0.0,102.5319,3362.917,1.258,0.351,0.08752,0.19233,True
ROSSIGALI,,7019,S-20,simply_supported,20,2,M+,kN.m,2o,midspan,1,2260.653,50,2755.38,0.0,136.1766,3782.141,1.3726,0.254,0.0692,0.19233,True
ROSSIGALI,,7019,S-20,simply_supported,20,2,M+,kN.m,2s,midspan,1,2198.366,50,2755.38,0.0,130.5577,3657.074,1.3272,0.319,0.08222,0.19233,True
ROSSIGALI,,7019,S-20,simply_supported,20,2,M+,kN.m,3s,midspan,1,2276.103,50,2793.046,0.0,118.0435,3594.991,1.2871,0.335,0.08652,0.19233,True
ROSSIGALI,,7019,S-20,simply_supported,20,2,M+,kN.m,3o,midspan,1,2281.613,50,2755.38,0.0,131.8829,3755.127,1.3628,0.308,0.06195,0.19233,True
MG,intermediate,6470,S-20,simply_supported,20,2,V,kN,2o,second_end_support,1,472.508,50,572.014,0.0,15.7051,647.979,1.1328,0.079,0.0822,0.19233,True
MG,intermediate,6470,S-20,simply_supported,20,2,V,kN,2s,first_end_support,1,477.694,50,554.797,0.0,17.9071,677.768,1.2217,0.079,0.10645,0.19233,True
MG,intermediate,6470,S-20,simply_supported,20,2,V,kN,3s,first_end_support,1,526.81,50,655.042,0.0,25.1344,807.634,1.233,0.083,0.08695,0.19233,True
MG,intermediate,6470,S-20,simply_supported,20,2,V,kN,3o,first_end_support,1,511.012,50,645.458,0.0,24.6742,786.694,1.2188,0.078,0.05961,0.19233,True
MT,heavy,4232,S-20,simply_supported,20,2,V,kN,2o,first_end_support,1,505.955,50,591.695,0.0,14.1383,663.921,1.1221,0.063,0.10006,0.19233,True
MT,heavy,4232,S-20,simply_supported,20,2,V,kN,2s,first_end_support,1,492.353,50,591.695,0.0,17.6669,689.743,1.1657,0.075,0.11633,0.19233,True
MT,heavy,4232,S-20,simply_supported,20,2,V,kN,3s,first_end_support,1,542.277,50,650.92,0.0,26.7272,840.898,1.2919,0.079,0.14251,0.19233,True
MT,heavy,4232,S-20,simply_supported,20,2,V,kN,3o,first_end_support,1,542.483,50,662.138,0.0,30.3375,881.441,1.3312,0.074,0.14073,0.19233,True
PB,light,2635,S-20,simply_supported,20,2,V,kN,2o,first_end_support,1,444.088,50,500.159,0.0,15.1635,613.507,1.2266,0.436,0.13076,0.19233,True
PB,light,2635,S-20,simply_supported,20,2,V,kN,2s,first_end_support,1,439.85,50,500.159,0.0,12.9262,584.274,1.1682,0.516,0.07656,0.19233,True
PB,light,2635,S-20,simply_supported,20,2,V,kN,3s,first_end_support,1,441.418,50,532.636,0.0,21.2719,679.086,1.275,0.543,0.12542,0.19233,True
PB,light,2635,S-20,simply_supported,20,2,V,kN,3o,first_end_support,1,443.012,50,512.227,0.0,14.3973,603.872,1.1789,0.514,0.10757,0.19233,True
PR,intermediate,7699,S-20,simply_supported,20,2,V,kN,2o,first_end_support,1,500.543,50,636.728,0.0,22.0357,746.746,1.1728,0.051,0.16415,0.19233,True
PR,intermediate,7699,S-20,simply_supported,20,2,V,kN,2s,first_end_support,1,482.185,50,619.095,0.0,26.1506,774.363,1.2508,0.061,0.09178,0.19233,True
PR,intermediate,7699,S-20,simply_supported,20,2,V,kN,3s,first_end_support,1,535.955,50,619.095,0.0,27.1157,838.917,1.3551,0.065,0.12517,0.19233,True
PR,intermediate,7699,S-20,simply_supported,20,2,V,kN,3o,first_end_support,1,537.241,50,645.113,0.0,27.7082,846.822,1.3127,0.06,0.15364,0.19233,True
RJ,light,6230,S-20,simply_supported,20,2,V,kN,2o,second_end_support,1,434.14,50,573.95,0.0,17.4431,629.03,1.096,0.166,0.06973,0.19233,True
RJ,light,6230,S-20,simply_supported,20,2,V,kN,2s,second_end_support,1,419.706,50,573.95,0.0,19.3486,635.886,1.1079,0.2,0.14906,0.19233,True
RJ,light,6230,S-20,simply_supported,20,2,V,kN,3s,second_end_support,1,429.787,50,573.95,0.0,32.9668,798.121,1.3906,0.212,0.07719,0.19233,True
RJ,light,6230,S-20,simply_supported,20,2,V,kN,3o,first_end_support,1,463.133,50,579.282,0.0,25.247,745.215,1.2864,0.151,0.1287,0.19233,True
SC,intermediate,8414,S-20,simply_supported,20,2,V,kN,2o,first_end_support,1,504.349,50,617.687,0.0,23.9659,772.117,1.25,0.054,0.08274,0.19233,True
SC,intermediate,8414,S-20,simply_supported,20,2,V,kN,2s,first_end_support,1,477.849,50,612.08,0.0,26.2933,771.621,1.2607,0.066,0.101,0.19233,True
SC,intermediate,8414,S-20,simply_supported,20,2,V,kN,3s,second_end_support,1,504.154,50,618.891,0.0,25.431,788.292,1.2737,0.084,0.09679,0.19233,True
SC,intermediate,8414,S-20,simply_supported,20,2,V,kN,3o,first_end_support,1,527.67,50,634.916,0.0,24.7732,804.459,1.267,0.065,0.09391,0.19233,True
SP,light,7499,S-20,simply_supported,20,2,V,kN,2o,first_end_support,1,481.452,50,619.095,0.0,21.6195,723.004,1.1678,0.076,0.11917,0.19233,True
SP,light,7499,S-20,simply_supported,20,2,V,kN,2s,first_end_support,1,470.139,50,619.095,0.0,19.7154,690.417,1.1152,0.092,0.11126,0.19233,True
SP,light,7499,S-20,simply_supported,20,2,V,kN,3s,first_end_support,1,491.172,50,635.399,0.0,32.3161,852.237,1.3413,0.097,0.06276,0.19233,True
SP,light,7499,S-20,simply_supported,20,2,V,kN,3o,first_end_support,1,496.576,50,619.095,0.0,32.2475,856.874,1.3841,0.09,0.11993,0.19233,True
ROSSIGALI,,7019,S-20,simply_supported,20,2,V,kN,2o,first_end_support,1,495.812,50,633.496,0.0,27.5279,803.378,1.2682,0.1,0.06151,0.19233,True
ROSSIGALI,,7019,S-20,simply_supported,20,2,V,kN,2s,first_end_support,1,486.664,50,633.496,0.0,25.0654,766.717,1.2103,0.118,0.13661,0.19233,True
ROSSIGALI,,7019,S-20,simply_supported,20,2,V,kN,3s,first_end_support,1,501.09,50,607.949,0.0,29.1934,827.264,1.3607,0.125,0.0938,0.19233,True
ROSSIGALI,,7019,S-20,simply_supported,20,2,V,kN,3o,first_end_support,1,501.09,50,633.496,0.0,31.2693,850.459,1.3425,0.117,0.10903,0.19233,True
MG,intermediate,6470,S-30,simply_supported,30,2,M+,kN.m,2o,midspan,1,4474.194,50,5040.948,0.0,141.266,6052.545,1.2007,0.105,0.14454,0.19233,True
MG,intermediate,6470,S-30,simply_supported,30,2,M+,kN.m,2s,midspan,1,4176.461,50,5001.013,0.0,204.4967,6461.282,1.292,0.13,0.14263,0.19233,True
MG,intermediate,6470,S-30,simply_supported,30,2,M+,kN.m,3s,midspan,1,4534.646,50,6182.59,0.0,308.9291,7986.279,1.2917,0.136,0.09196,0.19233,True
MG,intermediate,6470,S-30,simply_supported,30,2,M+,kN.m,3o,midspan,1,4473.263,50,5640.743,0.0,237.407,7125.786,1.2633,0.126,0.07208,0.19233,True
MT,heavy,4232,S-30,simply_supported,30,2,M+,kN.m,2o,midspan,1,4672.873,50,5321.122,0.0,152.9248,6381.486,1.1993,0.082,0.09682,0.19233,True
MT,heavy,4232,S-30,simply_supported,30,2,M+,kN.m,2s,midspan,1,4387.813,50,5192.086,0.0,200.6255,6629.381,1.2768,0.098,0.05715,0.19233,True
MT,heavy,4232,S-30,simply_supported,30,2,M+,kN.m,3s,midspan,1,4826.974,50,5613.658,0.0,250.4809,7625.571,1.3584,0.104,0.11065,0.19233,True
MT,heavy,4232,S-30,simply_supported,30,2,M+,kN.m,3o,midspan,1,4886.68,50,5795.007,0.0,230.1232,7457.823,1.2869,0.097,0.11508,0.19233,True
PB,light,2635,S-30,simply_supported,30,2,M+,kN.m,2o,midspan,1,3883.085,50,4470.698,0.0,145.4616,5508.312,1.2321,0.777,0.10569,0.19233,True
PB,light,2635,S-30,simply_supported,30,2,M+,kN.m,2s,midspan,1,3825.876,50,4470.698,0.0,105.053,4999.622,1.1183,0.929,0.0706,0.19233,True
PB,light,2635,S-30,simply_supported,30,2,M+,kN.m,3s,midspan,1,3830.178,50,4722.336,0.0,173.9818,5774.06,1.2227,0.979,0.09738,0.19233,True
PB,light,2635,S-30,simply_supported,30,2,M+,kN.m,3o,midspan,1,3855.17,50,4491.152,0.0,122.4653,5223.462,1.1631,0.922,0.09415,0.19233,True
PR,intermediate,7699,S-30,simply_supported,30,2,M+,kN.m,2o,midspan,1,4639.82,50,5268.861,0.0,144.695,6256.482,1.1874,0.079,0.10295,0.19233,True
PR,intermediate,7699,S-30,simply_supported,30,2,M+,kN.m,2s,midspan,1,4287.719,50,5117.427,0.0,191.8766,6431.537,1.2568,0.098,0.15074,0.19233,True
PR,intermediate,7699,S-30,simply_supported,30,2,M+,kN.m,3s,midspan,1,4712.786,50,5696.932,0.0,246.6223,7468.272,1.3109,0.103,0.15826,0.19233,True
PR,intermediate,7699,S-30,simply_supported,30,2,M+,kN.m,3o,midspan,1,4698.644,50,5530.201,0.0,240.6405,7387.296,1.3358,0.095,0.08382,0.19233,True
RJ,light,6230,S-30,simply_supported,30,2,M+,kN.m,2o,midspan,1,4080.452,50,5066.59,0.0,166.7403,5943.425,1.1731,0.246,0.13225,0.19233,True
RJ,light,6230,S-30,simply_supported,30,2,M+,kN.m,2s,midspan,1,3916.872,50,4821.725,0.0,152.4832,5620.552,1.1657,0.302,0.17907,0.19233,True
RJ,light,6230,S-30,simply_supported,30,2,M+,kN.m,3s,midspan,1,3991.438,50,5409.066,0.0,257.9032,6872.963,1.2706,0.319,0.19154,0.19233,True
RJ,light,6230,S-30,simply_supported,30,2,M+,kN.m,3o,midspan,1,4002.223,50,5154.316,0.0,191.082,6137.163,1.1907,0.294,0.11767,0.19233,True
SC,intermediate,8414,S-30,simply_supported,30,2,M+,kN.m,2o,midspan,1,4524.481,50,5150.864,0.0,143.9788,6133.141,1.1907,0.089,0.11478,0.19233,True
SC,intermediate,8414,S-30,simply_supported,30,2,M+,kN.m,2s,midspan,1,4206.357,50,5384.61,0.0,238.6243,6872.482,1.2763,0.111,0.09182,0.19233,True
SC,intermediate,8414,S-30,simply_supported,30,2,M+,kN.m,3s,midspan,1,4533.894,50,5457.138,0.0,248.9254,7315.112,1.3405,0.116,0.11518,0.19233,True
SC,intermediate,8414,S-30,simply_supported,30,2,M+,kN.m,3o,midspan,1,4564.797,50,5927.846,0.0,283.7228,7734.802,1.3048,0.107,0.07241,0.19233,True
SP,light,7499,S-30,simply_supported,30,2,M+,kN.m,2o,midspan,1,4310.26,50,5010.564,0.0,180.3256,6325.02,1.2623,0.142,0.13286,0.19233,True
SP,light,7499,S-30,simply_supported,30,2,M+,kN.m,2s,midspan,1,4077.995,50,5010.564,0.0,205.1673,6370.308,1.2714,0.177,0.10059,0.19233,True
SP,light,7499,S-30,simply_supported,30,2,M+,kN.m,3s,midspan,1,4284.68,50,6179.437,0.0,304.0344,7681.625,1.2431,0.185,0.07132,0.19233,True
SP,light,7499,S-30,simply_supported,30,2,M+,kN.m,3o,midspan,1,4325.994,50,5432.275,0.0,273.6817,7383.811,1.3592,0.17,0.07385,0.19233,True
ROSSIGALI,,7019,S-30,simply_supported,30,2,M+,kN.m,2o,midspan,1,4185.907,50,4976.121,0.0,234.6941,6808.12,1.3682,0.156,0.11549,0.19233,True
ROSSIGALI,,7019,S-30,simply_supported,30,2,M+,kN.m,2s,midspan,1,3960.545,50,4908.784,0.0,235.9038,6596.273,1.3438,0.191,0.10083,0.19233,True
ROSSIGALI,,7019,S-30,simply_supported,30,2,M+,kN.m,3s,midspan,1,4109.959,50,4770.229,0.0,213.486,6495.216,1.3616,0.201,0.08148,0.19233,True
ROSSIGALI,,7019,S-30,simply_supported,30,2,M+,kN.m,3o,midspan,1,4151.489,50,5275.63,0.0,278.9307,7267.953,1.3776,0.186,0.05941,0.19233,True
MG,intermediate,6470,S-30,simply_supported,30,2,V,kN,2o,first_end_support,1,621.648,50,701.576,0.0,17.7601,820.08,1.1689,0.094,0.11159,0.19233,True
MG,intermediate,6470,S-30,simply_supported,30,2,V,kN,2s,first_end_support,1,594.807,50,677.244,0.0,26.5398,891.334,1.3161,0.113,0.1087,0.19233,True
MG,intermediate,6470,S-30,simply_supported,30,2,V,kN,3s,first_end_support,1,649.164,50,847.561,0.0,35.303,1043.601,1.2313,0.119,0.13187,0.19233,True
MG,intermediate,6470,S-30,simply_supported,30,2,V,kN,3o,first_end_support,1,637.856,50,767.686,0.0,30.5401,979.078,1.2754,0.111,0.17492,0.19233,True
MT,heavy,4232,S-30,simply_supported,30,2,V,kN,2o,first_end_support,1,649.965,50,745.289,0.0,17.3893,844.254,1.1328,0.076,0.07651,0.19233,True
MT,heavy,4232,S-30,simply_supported,30,2,V,kN,2s,first_end_support,1,624.738,50,723.223,0.0,22.6484,877.786,1.2137,0.09,0.11791,0.19233,True
MT,heavy,4232,S-30,simply_supported,30,2,V,kN,3s,first_end_support,1,683.009,50,785.369,0.0,36.1825,1087.272,1.3844,0.096,0.12186,0.19233,True
MT,heavy,4232,S-30,simply_supported,30,2,V,kN,3o,first_end_support,1,680.244,50,826.087,0.0,43.0925,1161.712,1.4063,0.09,0.09825,0.19233,True
PB,light,2635,S-30,simply_supported,30,2,V,kN,2o,first_end_support,1,556.684,50,656.558,0.0,18.6635,765.209,1.1655,0.696,0.11273,0.19233,True
PB,light,2635,S-30,simply_supported,30,2,V,kN,2s,first_end_support,1,547.368,50,656.558,0.0,17.1525,739.011,1.1256,0.826,0.12447,0.19233,True
PB,light,2635,S-30,simply_supported,30,2,V,kN,3s,first_end_support,1,548.414,50,656.558,0.0,25.5064,833.395,1.2693,0.871,0.14402,0.19233,True
PB,light,2635,S-30,simply_supported,30,2,V,kN,3o,first_end_support,1,551.941,50,656.558,0.0,17.9619,752.628,1.1463,0.821,0.11602,0.19233,True
PR,intermediate,7699,S-30,simply_supported,30,2,V,kN,2o,first_end_support,1,640.459,50,725.713,0.0,22.9755,897.162,1.2362,0.072,0.09704,0.19233,True
PR,intermediate,7699,S-30,simply_supported,30,2,V,kN,2s,first_end_support,1,608.086,50,725.713,0.0,26.6941,906.336,1.2489,0.087,0.14993,0.19233,True
PR,intermediate,7699,S-30,simply_supported,30,2,V,kN,3s,first_end_support,1,662.191,50,810.268,0.0,36.7253,1072.52,1.3237,0.091,0.09471,0.19233,True
PR,intermediate,7699,S-30,simply_supported,30,2,V,kN,3o,first_end_support,1,658.986,50,780.898,0.0,34.522,1044.697,1.3378,0.085,0.13307,0.19233,True
RJ,light,6230,S-30,simply_supported,30,2,V,kN,2o,first_end_support,1,572.592,50,750.917,0.0,22.0634,819.103,1.0908,0.21,0.14791,0.19233,True
RJ,light,6230,S-30,simply_supported,30,2,V,kN,2s,first_end_support,1,560.053,50,740.726,0.0,25.729,847.52,1.1442,0.253,0.11369,0.19233,True
RJ,light,6230,S-30,simply_supported,30,2,V,kN,3s,first_end_support,1,570.009,50,773.244,0.0,35.6906,968.776,1.2529,0.268,0.16259,0.19233,True
RJ,light,6230,S-30,simply_supported,30,2,V,kN,3o,first_end_support,1,570.296,50,740.726,0.0,29.1399,895.873,1.2095,0.249,0.13144,0.19233,True
SC,intermediate,8414,S-30,simply_supported,30,2,V,kN,2o,first_end_support,1,623.39,50,751.615,0.0,23.3601,884.391,1.1767,0.08,0.07948,0.19233,True
SC,intermediate,8414,S-30,simply_supported,30,2,V,kN,2s,first_end_support,1,598.079,50,761.611,0.0,33.132,968.259,1.2713,0.097,0.07615,0.19233,True
SC,intermediate,8414,S-30,simply_supported,30,2,V,kN,3s,first_end_support,1,639.627,50,762.22,0.0,37.6254,1060.012,1.3907,0.101,0.13775,0.19233,True
SC,intermediate,8414,S-30,simply_supported,30,2,V,kN,3o,first_end_support,1,645.115,50,863.331,0.0,40.6838,1099.67,1.2738,0.094,0.06331,0.19233,True
SP,light,7499,S-30,simply_supported,30,2,V,kN,2o,first_end_support,1,602.835,50,725.687,0.0,25.2964,885.468,1.2202,0.124,0.14588,0.19233,True
SP,light,7499,S-30,simply_supported,30,2,V,kN,2s,first_end_support,1,584.508,50,725.687,0.0,28.7048,905.224,1.2474,0.15,0.10233,0.19233,True
SP,light,7499,S-30,simply_supported,30,2,V,kN,3s,second_end_support,1,572.393,50,858.555,0.0,39.1728,1010.067,1.1765,0.225,0.11791,0.19233,True
SP,light,7499,S-30,simply_supported,30,2,V,kN,3o,first_end_support,1,609.864,50,761.849,0.0,41.9828,1078.934,1.4162,0.147,0.08265,0.19233,True
ROSSIGALI,,7019,S-30,simply_supported,30,2,V,kN,2o,first_end_support,1,582.092,50,699.108,0.0,29.5157,911.868,1.3043,0.144,0.0879,0.19233,True
ROSSIGALI,,7019,S-30,simply_supported,30,2,V,kN,2s,first_end_support,1,562.837,50,699.108,0.0,30.8387,907.394,1.2979,0.174,0.05657,0.19233,True
ROSSIGALI,,7019,S-30,simply_supported,30,2,V,kN,3s,first_end_support,1,576.171,50,696.152,0.0,34.7569,964.507,1.3855,0.184,0.08371,0.19233,True
ROSSIGALI,,7019,S-30,simply_supported,30,2,V,kN,3o,first_end_support,1,590.05,50,706.388,0.0,30.4696,930.484,1.3172,0.171,0.06508,0.19233,True
MG,intermediate,6470,S-30*,simply_supported,30,5,M+,kN.m,2o,midspan,1,2075.43,50,2320.26,0.0,74.0202,2902.45,1.2509,0.04,0.1052,0.19233,True
MG,intermediate,6470,S-30*,simply_supported,30,5,M+,kN.m,2s,midspan,1,2047.354,50,2320.26,0.0,84.2652,2988.84,1.2881,0.048,0.08308,0.19233,True
MG,intermediate,6470,S-30*,simply_supported,30,5,M+,kN.m,3s,midspan,1,2124.861,50,2837.971,0.0,114.2883,3401.792,1.1987,0.05,0.11202,0.19233,True
MG,intermediate,6470,S-30*,simply_supported,30,5,M+,kN.m,3o,midspan,1,2092.259,50,2564.26,0.0,106.5006,3282.179,1.28,0.047,0.11869,0.19233,True
MT,heavy,4232,S-30*,simply_supported,30,5,M+,kN.m,2o,midspan,1,2153.304,50,2403.611,0.0,71.4583,2951.7,1.228,0.05,0.06289,0.19233,True
MT,heavy,4232,S-30*,simply_supported,30,5,M+,kN.m,2s,midspan,1,2119.266,50,2310.946,0.0,60.476,2794.958,1.2094,0.059,0.14487,0.19233,True
MT,heavy,4232,S-30*,simply_supported,30,5,M+,kN.m,3s,midspan,1,2213.212,50,2582.886,0.0,99.061,3320.01,1.2854,0.06,0.14218,0.19233,True
MT,heavy,4232,S-30*,simply_supported,30,5,M+,kN.m,3o,midspan,1,2226.078,50,2642.277,0.0,100.7368,3351.599,1.2685,0.057,0.11132,0.19233,True
PB,light,2635,S-30*,simply_supported,30,5,M+,kN.m,2o,midspan,1,1923.145,50,2227.619,0.0,61.2689,2607.697,1.1706,0.192,0.0714,0.19233,True
PB,light,2635,S-30*,simply_supported,30,5,M+,kN.m,2s,midspan,1,1903.153,50,2227.619,0.0,54.8912,2516.447,1.1297,0.227,0.07609,0.19233,True
PB,light,2635,S-30*,simply_supported,30,5,M+,kN.m,3s,midspan,1,1902.949,50,2227.619,0.0,60.8571,2582.898,1.1595,0.238,0.08411,0.19233,True
PB,light,2635,S-30*,simply_supported,30,5,M+,kN.m,3o,midspan,1,1906.589,50,2227.619,0.0,54.1067,2511.117,1.1273,0.225,0.08191,0.19233,True
PR,intermediate,7699,S-30*,simply_supported,30,5,M+,kN.m,2o,midspan,1,2118.754,50,2551.244,0.0,95.2816,3183.326,1.2478,0.031,0.07136,0.19233,True
PR,intermediate,7699,S-30*,simply_supported,30,5,M+,kN.m,2s,midspan,1,2068.61,50,2551.244,0.0,93.4466,3112.679,1.2201,0.037,0.1113,0.19233,True
PR,intermediate,7699,S-30*,simply_supported,30,5,M+,kN.m,3s,midspan,1,2174.489,50,2559.834,0.0,95.0951,3236.977,1.2645,0.039,0.06642,0.19233,True
PR,intermediate,7699,S-30*,simply_supported,30,5,M+,kN.m,3o,midspan,1,2156.381,50,2551.244,0.0,99.3736,3266.671,1.2804,0.037,0.16104,0.19233,True
RJ,light,6230,S-30*,simply_supported,30,5,M+,kN.m,2o,midspan,1,1970.812,50,2463.018,0.0,63.2376,2677.36,1.087,0.064,0.16963,0.19233,True
RJ,light,6230,S-30*,simply_supported,30,5,M+,kN.m,2s,midspan,1,1945.983,50,2408.622,0.0,67.1499,2696.243,1.1194,0.077,0.14011,0.19233,True
RJ,light,6230,S-30*,simply_supported,30,5,M+,kN.m,3s,midspan,1,1958.851,50,2428.89,0.0,89.4967,2958.788,1.2182,0.081,0.19238,0.19233,False
RJ,light,6230,S-30*,simply_supported,30,5,M+,kN.m,3o,midspan,1,1956.538,50,2408.622,0.0,74.2693,2786.342,1.1568,0.076,0.18624,0.19233,True
SC,intermediate,8414,S-30*,simply_supported,30,5,M+,kN.m,2o,midspan,1,2086.611,50,2556.054,0.0,80.6644,2987.866,1.1689,0.031,0.19305,0.19233,False
SC,intermediate,8414,S-30*,simply_supported,30,5,M+,kN.m,2s,midspan,1,2056.465,50,2544.041,0.0,91.0578,3073.844,1.2083,0.036,0.17024,0.19233,True
SC,intermediate,8414,S-30*,simply_supported,30,5,M+,kN.m,3s,midspan,1,2114.12,50,2544.041,0.0,109.7101,3339.899,1.3128,0.038,0.07996,0.19233,True
SC,intermediate,8414,S-30*,simply_supported,30,5,M+,kN.m,3o,midspan,1,2112.823,50,2728.444,0.0,124.5698,3504.629,1.2845,0.036,0.07532,0.19233,True
SP,light,7499,S-30*,simply_supported,30,5,M+,kN.m,2o,midspan,1,2031.061,50,2505.645,0.0,77.0655,2892.106,1.1542,0.039,0.162,0.19233,True
SP,light,7499,S-30*,simply_supported,30,5,M+,kN.m,2s,midspan,1,2012.52,50,2505.645,0.0,76.7087,2869.579,1.1452,0.047,0.16228,0.19233,True
SP,light,7499,S-30*,simply_supported,30,5,M+,kN.m,3s,midspan,1,2035.045,50,2832.93,0.0,120.177,3377.77,1.1923,0.049,0.1462,0.19233,True
SP,light,7499,S-30*,simply_supported,30,5,M+,kN.m,3o,midspan,1,2035.045,50,2505.645,0.0,117.2176,3344.705,1.3349,0.046,0.13562,0.19233,True
ROSSIGALI,,7019,S-30*,simply_supported,30,5,M+,kN.m,2o,midspan,1,2016.878,50,2478.302,0.0,103.3022,3171.063,1.2795,0.061,0.0615,0.19233,True
ROSSIGALI,,7019,S-30*,simply_supported,30,5,M+,kN.m,2s,midspan,1,1973.213,50,2478.302,0.0,108.2665,3182.863,1.2843,0.073,0.09878,0.19233,True
ROSSIGALI,,7019,S-30*,simply_supported,30,5,M+,kN.m,3s,midspan,1,1979.434,50,2367.078,0.0,106.6823,3171.385,1.3398,0.076,0.07115,0.19233,True
ROSSIGALI,,7019,S-30*,simply_supported,30,5,M+,kN.m,3o,midspan,1,2003.113,50,2476.189,0.0,107.348,3202.501,1.2933,0.072,0.08179,0.19233,True
MG,intermediate,6470,S-30*,simply_supported,30,5,V,kN,2o,first_end_support,1,334.717,50,372.892,0.0,12.1072,469.99,1.2604,0.041,0.15007,0.19233,True
MG,intermediate,6470,S-30*,simply_supported,30,5,V,kN,2s,first_end_support,1,332.805,50,372.892,0.0,12.1739,468.823,1.2573,0.048,0.1702,0.19233,True
MG,intermediate,6470,S-30*,simply_supported,30,5,V,kN,3s,first_end_support,1,334.741,50,424.148,0.0,13.7139,487.966,1.1505,0.051,0.10357,0.19233,True
MG,intermediate,6470,S-30*,simply_supported,30,5,V,kN,3o,first_end_support,1,333.939,50,372.892,0.0,12.5752,474.44,1.2723,0.048,0.1285,0.19233,True
MT,heavy,4232,S-30*,simply_supported,30,5,V,kN,2o,first_end_support,1,346.281,50,385.059,0.0,12.7922,489.207,1.2705,0.05,0.11037,0.19233,True
MT,heavy,4232,S-30*,simply_supported,30,5,V,kN,2s,first_end_support,1,342.076,50,385.059,0.0,12.1278,477.579,1.2403,0.059,0.0768,0.19233,True
MT,heavy,4232,S-30*,simply_supported,30,5,V,kN,3s,first_end_support,1,345.866,50,385.059,0.0,11.015,468.935,1.2178,0.062,0.08735,0.19233,True
MT,heavy,4232,S-30*,simply_supported,30,5,V,kN,3o,first_end_support,1,346.677,50,385.059,0.0,11.1405,471.149,1.2236,0.059,0.0657,0.19233,True
PB,light,2635,S-30*,simply_supported,30,5,V,kN,2o,first_end_support,1,312.481,50,369.057,0.0,9.4675,418.261,1.1333,0.193,0.11292,0.19233,True
PB,light,2635,S-30*,simply_supported,30,5,V,kN,2s,first_end_support,1,307.903,50,369.057,0.0,10.2091,421.969,1.1434,0.227,0.17403,0.19233,True
PB,light,2635,S-30*,simply_supported,30,5,V,kN,3s,first_end_support,1,306.82,50,369.057,0.0,10.0593,419.211,1.1359,0.241,0.14567,0.19233,True
PB,light,2635,S-30*,simply_supported,30,5,V,kN,3o,first_end_support,1,307.903,50,369.057,0.0,10.1945,421.806,1.1429,0.227,0.17442,0.19233,True
PR,intermediate,7699,S-30*,simply_supported,30,5,V,kN,2o,first_end_support,1,341.763,50,419.759,0.0,15.6317,516.415,1.2303,0.032,0.12501,0.19233,True
PR,intermediate,7699,S-30*,simply_supported,30,5,V,kN,2s,first_end_support,1,336.772,50,419.759,0.0,15.4722,509.641,1.2141,0.037,0.15081,0.19233,True
PR,intermediate,7699,S-30*,simply_supported,30,5,V,kN,3s,first_end_support,1,338.012,50,419.759,0.0,14.5235,500.282,1.1918,0.04,0.12918,0.19233,True
PR,intermediate,7699,S-30*,simply_supported,30,5,V,kN,3o,first_end_support,1,338.079,50,419.759,0.0,16.9707,527.691,1.2571,0.037,0.10277,0.19233,True
RJ,light,6230,S-30*,simply_supported,30,5,V,kN,2o,first_end_support,1,318.016,50,422.697,0.0,12.0099,452.201,1.0698,0.065,0.10897,0.19233,True
RJ,light,6230,S-30*,simply_supported,30,5,V,kN,2s,first_end_support,1,314.593,50,418.925,0.0,13.5782,466.301,1.1131,0.077,0.09069,0.19233,True
RJ,light,6230,S-30*,simply_supported,30,5,V,kN,3s,first_end_support,1,315.223,50,418.925,0.0,13.8432,469.892,1.1217,0.081,0.08855,0.19233,True
RJ,light,6230,S-30*,simply_supported,30,5,V,kN,3o,first_end_support,1,315.769,50,418.925,0.0,13.4896,466.487,1.1135,0.077,0.0895,0.19233,True
SC,intermediate,8414,S-30*,simply_supported,30,5,V,kN,2o,first_end_support,1,335.963,50,423.834,0.0,15.9404,514.064,1.2129,0.031,0.1121,0.19233,True
SC,intermediate,8414,S-30*,simply_supported,30,5,V,kN,2s,first_end_support,1,333.895,50,423.072,0.0,15.9876,512.523,1.2114,0.037,0.16903,0.19233,True
SC,intermediate,8414,S-30*,simply_supported,30,5,V,kN,3s,first_end_support,1,334.097,50,423.072,0.0,17.2486,526.813,1.2452,0.039,0.13792,0.19233,True
SC,intermediate,8414,S-30*,simply_supported,30,5,V,kN,3o,first_end_support,1,335.743,50,423.072,0.0,16.5317,520.451,1.2302,0.037,0.11244,0.19233,True
SP,light,7499,S-30*,simply_supported,30,5,V,kN,2o,first_end_support,1,329.273,50,419.759,0.0,12.9534,474.0,1.1292,0.04,0.14394,0.19233,True
SP,light,7499,S-30*,simply_supported,30,5,V,kN,2s,first_end_support,1,326.775,50,419.759,0.0,14.219,485.643,1.157,0.047,0.13732,0.19233,True
SP,light,7499,S-30*,simply_supported,30,5,V,kN,3s,first_end_support,1,326.586,50,428.266,0.0,15.7398,502.445,1.1732,0.05,0.1477,0.19233,True
SP,light,7499,S-30*,simply_supported,30,5,V,kN,3o,first_end_support,1,328.506,50,419.759,0.0,14.4379,489.82,1.1669,0.047,0.1504,0.19233,True
ROSSIGALI,,7019,S-30*,simply_supported,30,5,V,kN,2o,first_end_support,1,327.399,50,418.242,0.0,18.7593,536.995,1.2839,0.06,0.0623,0.19233,True
ROSSIGALI,,7019,S-30*,simply_supported,30,5,V,kN,2s,first_end_support,1,324.196,50,418.242,0.0,18.2633,528.251,1.263,0.072,0.08717,0.19233,True
ROSSIGALI,,7019,S-30*,simply_supported,30,5,V,kN,3s,first_end_support,1,323.662,50,403.96,0.0,16.0667,503.174,1.2456,0.076,0.10757,0.19233,True
ROSSIGALI,,7019,S-30*,simply_supported,30,5,V,kN,3o,first_end_support,1,324.196,50,417.399,0.0,18.2441,528.036,1.2651,0.071,0.0952,0.19233,True
MG,intermediate,6470,S-40,simply_supported,40,5,M+,kN.m,2o,midspan,1,3065.102,50,3380.293,0.0,89.959,4070.205,1.2041,0.064,0.0919,0.19233,True
MG,intermediate,6470,S-40,simply_supported,40,5,M+,kN.m,2s,midspan,1,2943.841,50,3331.118,0.0,122.7279,4315.067,1.2954,0.078,0.09729,0.19233,True
MG,intermediate,6470,S-40,simply_supported,40,5,M+,kN.m,3s,midspan,1,3167.966,50,3830.186,0.0,152.503,4871.866,1.272,0.082,0.11291,0.19233,True
MG,intermediate,6470,S-40,simply_supported,40,5,M+,kN.m,3o,midspan,1,3149.737,50,3637.847,0.0,129.911,4601.22,1.2648,0.077,0.0949,0.19233,True
MT,heavy,4232,S-40,simply_supported,40,5,M+,kN.m,2o,midspan,1,3188.855,50,3551.776,0.0,98.8098,4292.846,1.2086,0.062,0.09862,0.19233,True
MT,heavy,4232,S-40,simply_supported,40,5,M+,kN.m,2s,midspan,1,3066.356,50,3479.676,0.0,109.8483,4293.68,1.2339,0.074,0.07237,0.19233,True
MT,heavy,4232,S-40,simply_supported,40,5,M+,kN.m,3s,midspan,1,3348.52,50,3830.283,0.0,150.7629,5032.979,1.314,0.078,0.12147,0.19233,True
MT,heavy,4232,S-40,simply_supported,40,5,M+,kN.m,3o,midspan,1,3344.097,50,4017.626,0.0,178.2379,5335.53,1.328,0.073,0.08581,0.19233,True
PB,light,2635,S-40,simply_supported,40,5,M+,kN.m,2o,midspan,1,2758.337,50,3249.185,0.0,97.07,3842.889,1.1827,0.425,0.11709,0.19233,True
PB,light,2635,S-40,simply_supported,40,5,M+,kN.m,2s,midspan,1,2731.683,50,3249.185,0.0,71.4915,3530.451,1.0866,0.504,0.09345,0.19233,True
PB,light,2635,S-40,simply_supported,40,5,M+,kN.m,3s,midspan,1,2729.351,50,3249.185,0.0,93.392,3772.811,1.1612,0.531,0.11888,0.19233,True
PB,light,2635,S-40,simply_supported,40,5,M+,kN.m,3o,midspan,1,2740.39,50,3249.185,0.0,78.6681,3619.341,1.1139,0.502,0.077,0.19233,True
PR,intermediate,7699,S-40,simply_supported,40,5,M+,kN.m,2o,midspan,1,3142.433,50,3632.327,0.0,108.6771,4356.671,1.1994,0.05,0.09114,0.19233,True
PR,intermediate,7699,S-40,simply_supported,40,5,M+,kN.m,2s,midspan,1,2996.234,50,3632.327,0.0,130.2468,4451.468,1.2255,0.06,0.05965,0.19233,True
PR,intermediate,7699,S-40,simply_supported,40,5,M+,kN.m,3s,midspan,1,3331.118,50,3734.126,0.0,121.0961,4684.112,1.2544,0.063,0.14817,0.19233,True
PR,intermediate,7699,S-40,simply_supported,40,5,M+,kN.m,3o,midspan,1,3177.225,50,3738.761,0.0,177.6482,5162.071,1.3807,0.06,0.09264,0.19233,True
RJ,light,6230,S-40,simply_supported,40,5,M+,kN.m,2o,midspan,1,2834.164,50,3613.037,0.0,102.1973,3976.004,1.1005,0.125,0.12476,0.19233,True
RJ,light,6230,S-40,simply_supported,40,5,M+,kN.m,2s,midspan,1,2791.679,50,3613.037,0.0,106.9473,3986.59,1.1034,0.151,0.104,0.19233,True
RJ,light,6230,S-40,simply_supported,40,5,M+,kN.m,3s,midspan,1,2830.235,50,3613.037,0.0,159.7501,4615.106,1.2773,0.159,0.14312,0.19233,True
RJ,light,6230,S-40,simply_supported,40,5,M+,kN.m,3o,midspan,1,2830.235,50,3613.037,0.0,123.0439,4204.992,1.1638,0.15,0.14904,0.19233,True
SC,intermediate,8414,S-40,simply_supported,40,5,M+,kN.m,2o,midspan,1,3058.609,50,3700.248,0.0,109.2974,4279.777,1.1566,0.053,0.07627,0.19233,True
SC,intermediate,8414,S-40,simply_supported,40,5,M+,kN.m,2s,midspan,1,2960.352,50,3700.185,0.0,137.0445,4491.535,1.2139,0.064,0.06505,0.19233,True
SC,intermediate,8414,S-40,simply_supported,40,5,M+,kN.m,3s,midspan,1,3131.93,50,3700.185,0.0,184.9786,5198.677,1.405,0.067,0.11129,0.19233,True
SC,intermediate,8414,S-40,simply_supported,40,5,M+,kN.m,3o,midspan,1,3163.554,50,3700.227,0.0,163.7491,4993.105,1.3494,0.064,0.05736,0.19233,True
SP,light,7499,S-40,simply_supported,40,5,M+,kN.m,2o,midspan,1,2974.183,50,3566.898,0.0,111.4057,4218.908,1.1828,0.074,0.08508,0.19233,True
SP,light,7499,S-40,simply_supported,40,5,M+,kN.m,2s,midspan,1,2896.6,50,3489.08,0.0,112.2116,4150.329,1.1895,0.09,0.17895,0.19233,True
SP,light,7499,S-40,simply_supported,40,5,M+,kN.m,3s,midspan,1,2970.936,50,4265.665,0.0,190.1352,5095.296,1.1945,0.094,0.0905,0.19233,True
SP,light,7499,S-40,simply_supported,40,5,M+,kN.m,3o,midspan,1,3009.881,50,3508.907,0.0,154.3749,4734.695,1.3493,0.089,0.11316,0.19233,True
ROSSIGALI,,7019,S-40,simply_supported,40,5,M+,kN.m,2o,midspan,1,2834.286,50,3699.442,0.0,144.5768,4449.627,1.2028,0.098,0.09889,0.19233,True
ROSSIGALI,,7019,S-40,simply_supported,40,5,M+,kN.m,2s,midspan,1,2776.892,50,3413.743,0.0,146.6369,4415.251,1.2934,0.116,0.09601,0.19233,True
ROSSIGALI,,7019,S-40,simply_supported,40,5,M+,kN.m,3s,midspan,1,2839.563,50,3413.743,0.0,143.8682,4446.987,1.3027,0.122,0.10152,0.19233,True
ROSSIGALI,,7019,S-40,simply_supported,40,5,M+,kN.m,3o,midspan,1,2854.322,50,3413.743,0.0,169.2873,4745.751,1.3902,0.115,0.06294,0.19233,True
MG,intermediate,6470,S-40,simply_supported,40,5,V,kN,2o,first_end_support,1,365.117,50,409.191,0.0,14.3035,524.928,1.2828,0.659,0.09347,0.19233,True
MG,intermediate,6470,S-40,simply_supported,40,5,V,kN,2s,first_end_support,1,362.446,50,409.191,0.0,13.7303,515.853,1.2607,0.81,0.16171,0.19233,True
MG,intermediate,6470,S-40,simply_supported,40,5,V,kN,3s,first_end_support,1,367.104,50,409.191,0.0,15.2492,537.481,1.3135,0.844,0.11587,0.19233,True
MG,intermediate,6470,S-40,simply_supported,40,5,V,kN,3o,first_end_support,1,364.414,50,409.191,0.0,16.3075,546.616,1.3358,0.799,0.12153,0.19233,True
MT,heavy,4232,S-40,simply_supported,40,5,V,kN,2o,first_end_support,1,380.099,50,419.617,0.0,14.3148,540.037,1.287,0.269,0.09295,0.19233,True
MT,heavy,4232,S-40,simply_supported,40,5,V,kN,2s,first_end_support,1,375.996,50,416.496,0.0,12.3307,513.767,1.2335,0.325,0.08411,0.19233,True
MT,heavy,4232,S-40,simply_supported,40,5,V,kN,3s,first_end_support,1,383.335,50,421.248,0.0,12.9862,528.429,1.2544,0.343,0.11619,0.19233,True
MT,heavy,4232,S-40,simply_supported,40,5,V,kN,3o,first_end_support,1,381.632,50,429.029,0.0,14.4598,543.19,1.2661,0.323,0.09823,0.19233,True
PB,light,2635,S-40,simply_supported,40,5,V,kN,2o,first_end_support,1,341.279,50,406.827,0.0,10.079,453.891,1.1157,5.945,0.15792,0.19233,True
PB,light,2635,S-40,simply_supported,40,5,V,kN,2s,first_end_support,1,336.575,50,406.827,0.0,10.0858,449.262,1.1043,7.062,0.16533,0.19233,True
PB,light,2635,S-40,simply_supported,40,5,V,kN,3s,first_end_support,1,336.324,50,406.827,0.0,9.8567,446.452,1.0974,7.519,0.15018,0.19233,True
PB,light,2635,S-40,simply_supported,40,5,V,kN,3o,first_end_support,1,337.451,50,406.827,0.0,9.5823,444.512,1.0926,7.032,0.13694,0.19233,True
PR,intermediate,7699,S-40,simply_supported,40,5,V,kN,2o,first_end_support,1,374.996,50,445.401,0.0,18.0022,576.133,1.2935,0.495,0.07548,0.19233,True
PR,intermediate,7699,S-40,simply_supported,40,5,V,kN,2s,first_end_support,1,367.058,50,445.401,0.0,16.859,555.422,1.247,0.617,0.13409,0.19233,True
PR,intermediate,7699,S-40,simply_supported,40,5,V,kN,3s,first_end_support,1,376.739,50,445.401,0.0,15.6264,551.331,1.2378,0.635,0.09437,0.19233,True
PR,intermediate,7699,S-40,simply_supported,40,5,V,kN,3o,first_end_support,1,373.072,50,445.401,0.0,15.9358,551.121,1.2374,0.607,0.1147,0.19233,True
RJ,light,6230,S-40,simply_supported,40,5,V,kN,2o,first_end_support,1,346.427,50,466.19,0.0,14.2507,505.649,1.0846,3.205,0.11538,0.19233,True
RJ,light,6230,S-40,simply_supported,40,5,V,kN,2s,first_end_support,1,344.553,50,466.19,0.0,14.1416,502.555,1.078,3.828,0.10304,0.19233,True
RJ,light,6230,S-40,simply_supported,40,5,V,kN,3s,first_end_support,1,345.2,50,466.19,0.0,14.8496,511.113,1.0964,4.006,0.11292,0.19233,True
RJ,light,6230,S-40,simply_supported,40,5,V,kN,3o,first_end_support,1,346.427,50,466.19,0.0,14.7227,510.922,1.096,3.774,0.13202,0.19233,True
SC,intermediate,8414,S-40,simply_supported,40,5,V,kN,2o,first_end_support,1,368.682,50,465.677,0.0,16.0383,547.877,1.1765,0.706,0.11531,0.19233,True
SC,intermediate,8414,S-40,simply_supported,40,5,V,kN,2s,first_end_support,1,364.129,50,464.998,0.0,17.6529,561.363,1.2072,0.876,0.11712,0.19233,True
SC,intermediate,8414,S-40,simply_supported,40,5,V,kN,3s,first_end_support,1,368.77,50,464.998,0.0,16.2473,550.299,1.1834,0.904,0.08078,0.19233,True
SC,intermediate,8414,S-40,simply_supported,40,5,V,kN,3o,first_end_support,1,370.218,50,465.225,0.0,17.0341,560.538,1.2049,0.861,0.1146,0.19233,True
SP,light,7499,S-40,simply_supported,40,5,V,kN,2o,first_end_support,1,359.49,50,445.401,0.0,16.9496,548.866,1.2323,1.212,0.08026,0.19233,True
SP,light,7499,S-40,simply_supported,40,5,V,kN,2s,first_end_support,1,356.058,50,445.401,0.0,15.5795,530.127,1.1902,1.514,0.13978,0.19233,True
SP,light,7499,S-40,simply_supported,40,5,V,kN,3s,first_end_support,1,356.92,50,482.177,0.0,17.3356,550.609,1.1419,1.567,0.14352,0.19233,True
SP,light,7499,S-40,simply_supported,40,5,V,kN,3o,first_end_support,1,358.556,50,445.401,0.0,17.2795,551.618,1.2385,1.496,0.13702,0.19233,True
ROSSIGALI,,7019,S-40,simply_supported,40,5,V,kN,2o,first_end_support,1,349.311,50,440.98,0.0,19.5365,567.59,1.2871,4.072,0.08461,0.19233,True
ROSSIGALI,,7019,S-40,simply_supported,40,5,V,kN,2s,first_end_support,1,344.787,50,432.894,0.0,19.4194,561.758,1.2977,5.187,0.09198,0.19233,True
ROSSIGALI,,7019,S-40,simply_supported,40,5,V,kN,3s,first_end_support,1,344.519,50,421.284,0.0,16.9959,534.413,1.2685,5.423,0.08292,0.19233,True
ROSSIGALI,,7019,S-40,simply_supported,40,5,V,kN,3o,first_end_support,1,347.175,50,433.356,0.0,18.7371,556.523,1.2842,4.965,0.08599,0.19233,True
MG,intermediate,6470,S-50,simply_supported,50,5,M+,kN.m,2o,midspan,1,4055.476,50,4678.583,0.0,134.5858,5559.189,1.1882,0.068,0.07815,0.19233,True
MG,intermediate,6470,S-50,simply_supported,50,5,M+,kN.m,2s,midspan,1,3847.516,50,4350.905,0.0,171.8817,5767.932,1.3257,0.083,0.10403,0.19233,True
MG,intermediate,6470,S-50,simply_supported,50,5,M+,kN.m,3s,midspan,1,4175.765,50,4844.958,0.0,220.2743,6636.867,1.3699,0.087,0.13233,0.19233,True
MG,intermediate,6470,S-50,simply_supported,50,5,M+,kN.m,3o,midspan,1,4120.668,50,5017.786,0.0,238.5355,6785.8,1.3523,0.082,0.07076,0.19233,True
MT,heavy,4232,S-50,simply_supported,50,5,M+,kN.m,2o,midspan,1,4246.239,50,4672.606,0.0,122.6202,5616.262,1.202,0.064,0.14855,0.19233,True
MT,heavy,4232,S-50,simply_supported,50,5,M+,kN.m,2s,midspan,1,4018.743,50,4604.354,0.0,141.1313,5595.589,1.2153,0.076,0.08621,0.19233,True
MT,heavy,4232,S-50,simply_supported,50,5,M+,kN.m,3s,midspan,1,4508.124,50,5073.689,0.0,173.2084,6443.364,1.27,0.08,0.0704,0.19233,True
MT,heavy,4232,S-50,simply_supported,50,5,M+,kN.m,3o,midspan,1,4487.035,50,5317.289,0.0,230.5523,7062.972,1.3283,0.075,0.14471,0.19233,True
PB,light,2635,S-50,simply_supported,50,5,M+,kN.m,2o,midspan,1,3578.943,50,4236.923,0.0,135.9367,5097.75,1.2032,0.461,0.14982,0.19233,True
PB,light,2635,S-50,simply_supported,50,5,M+,kN.m,2s,midspan,1,3539.25,50,4236.923,0.0,89.799,4542.565,1.0721,0.55,0.10704,0.19233,True
PB,light,2635,S-50,simply_supported,50,5,M+,kN.m,3s,midspan,1,3532.712,50,4236.923,0.0,124.07,4918.933,1.161,0.579,0.16676,0.19233,True
PB,light,2635,S-50,simply_supported,50,5,M+,kN.m,3o,midspan,1,3547.607,50,4236.923,0.0,111.2142,4790.192,1.1306,0.548,0.14298,0.19233,True
PR,intermediate,7699,S-50,simply_supported,50,5,M+,kN.m,2o,midspan,1,4135.328,50,4745.392,0.0,189.3072,6250.438,1.3172,0.053,0.10007,0.19233,True
PR,intermediate,7699,S-50,simply_supported,50,5,M+,kN.m,2s,midspan,1,3939.647,50,4677.382,0.0,161.6577,5745.832,1.2284,0.064,0.11699,0.19233,True
PR,intermediate,7699,S-50,simply_supported,50,5,M+,kN.m,3s,midspan,1,4388.235,50,4867.641,0.0,185.4061,6459.759,1.3271,0.068,0.14432,0.19233,True
PR,intermediate,7699,S-50,simply_supported,50,5,M+,kN.m,3o,midspan,1,4360.897,50,4978.249,0.0,208.634,6691.944,1.3442,0.064,0.11878,0.19233,True
RJ,light,6230,S-50,simply_supported,50,5,M+,kN.m,2o,midspan,1,3709.895,50,4809.312,0.0,144.2176,5321.223,1.1064,0.136,0.09049,0.19233,True
RJ,light,6230,S-50,simply_supported,50,5,M+,kN.m,2s,midspan,1,3606.559,50,4778.441,0.0,141.5764,5188.378,1.0858,0.164,0.13476,0.19233,True
RJ,light,6230,S-50,simply_supported,50,5,M+,kN.m,3s,midspan,1,3664.233,50,4778.441,0.0,218.0015,6099.942,1.2766,0.173,0.0981,0.19233,True
RJ,light,6230,S-50,simply_supported,50,5,M+,kN.m,3o,midspan,1,3630.261,50,4778.441,0.0,188.0147,5730.93,1.1993,0.163,0.07829,0.19233,True
SC,intermediate,8414,S-50,simply_supported,50,5,M+,kN.m,2o,midspan,1,4088.847,50,4820.961,0.0,100.6541,5213.445,1.0814,0.057,0.16044,0.19233,True
SC,intermediate,8414,S-50,simply_supported,50,5,M+,kN.m,2s,midspan,1,3886.625,50,4820.961,0.0,153.8116,5605.146,1.1627,0.069,0.13498,0.19233,True
SC,intermediate,8414,S-50,simply_supported,50,5,M+,kN.m,3s,midspan,1,4176.595,50,5063.303,0.0,252.6678,6999.626,1.3824,0.072,0.22316,0.19233,False
SC,intermediate,8414,S-50,simply_supported,50,5,M+,kN.m,3o,midspan,1,4156.424,50,4935.79,0.0,242.9718,6871.123,1.3921,0.068,0.14309,0.19233,True
SP,light,7499,S-50,simply_supported,50,5,M+,kN.m,2o,midspan,1,3913.739,50,4519.775,0.0,136.7674,5441.827,1.204,0.08,0.07664,0.19233,True
SP,light,7499,S-50,simply_supported,50,5,M+,kN.m,2s,midspan,1,3741.441,50,4539.919,0.0,149.8327,5415.506,1.1929,0.099,0.13631,0.19233,True
SP,light,7499,S-50,simply_supported,50,5,M+,kN.m,3s,midspan,1,3876.242,50,4763.88,0.0,241.9011,6578.979,1.381,0.103,0.12007,0.19233,True
SP,light,7499,S-50,simply_supported,50,5,M+,kN.m,3o,midspan,1,3909.966,50,4683.603,0.0,222.9926,6401.439,1.3668,0.097,0.1091,0.19233,True
ROSSIGALI,,7019,S-50,simply_supported,50,5,M+,kN.m,2o,midspan,1,3708.803,50,4540.672,0.0,197.0183,5910.068,1.3016,0.1,0.10368,0.19233,True
ROSSIGALI,,7019,S-50,simply_supported,50,5,M+,kN.m,2s,midspan,1,3580.004,50,4426.26,0.0,200.8868,5824.492,1.3159,0.119,0.07791,0.19233,True
ROSSIGALI,,7019,S-50,simply_supported,50,5,M+,kN.m,3s,midspan,1,3659.442,50,4611.574,0.0,216.9363,6083.249,1.3191,0.125,0.09227,0.19233,True
ROSSIGALI,,7019,S-50,simply_supported,50,5,M+,kN.m,3o,midspan,1,3729.695,50,4782.709,0.0,227.2063,6268.248,1.3106,0.118,0.14076,0.19233,True
MG,intermediate,6470,S-50,simply_supported,50,5,V,kN,2o,first_end_support,1,388.602,50,432.206,0.0,14.3383,548.803,1.2698,0.079,0.11286,0.19233,True
MG,intermediate,6470,S-50,simply_supported,50,5,V,kN,2s,first_end_support,1,382.296,50,432.206,0.0,15.8772,559.69,1.295,0.094,0.13234,0.19233,True
MG,intermediate,6470,S-50,simply_supported,50,5,V,kN,3s,first_end_support,1,392.417,50,454.096,0.0,16.3608,575.215,1.2667,0.099,0.10515,0.19233,True
MG,intermediate,6470,S-50,simply_supported,50,5,V,kN,3o,first_end_support,1,386.482,50,454.724,0.0,18.1513,589.284,1.2959,0.094,0.11842,0.19233,True
MT,heavy,4232,S-50,simply_supported,50,5,V,kN,2o,first_end_support,1,403.072,50,442.217,0.0,14.8117,568.562,1.2857,0.069,0.12237,0.19233,True
MT,heavy,4232,S-50,simply_supported,50,5,V,kN,2s,first_end_support,1,397.603,50,442.149,0.0,12.6671,539.131,1.2193,0.081,0.1457,0.19233,True
MT,heavy,4232,S-50,simply_supported,50,5,V,kN,3s,first_end_support,1,410.376,50,447.976,0.0,11.9706,544.122,1.2146,0.086,0.10127,0.19233,True
MT,heavy,4232,S-50,simply_supported,50,5,V,kN,3o,first_end_support,1,406.389,50,468.901,0.0,14.7689,571.4,1.2186,0.081,0.13414,0.19233,True
PB,light,2635,S-50,simply_supported,50,5,V,kN,2o,first_end_support,1,359.68,50,430.789,0.0,11.6096,489.394,1.136,0.554,0.14294,0.19233,True
PB,light,2635,S-50,simply_supported,50,5,V,kN,2s,first_end_support,1,357.301,50,430.789,0.0,8.5544,452.878,1.0513,0.654,0.12789,0.19233,True
PB,light,2635,S-50,simply_supported,50,5,V,kN,3s,first_end_support,1,355.977,50,430.789,0.0,9.8812,466.378,1.0826,0.691,0.12145,0.19233,True
PB,light,2635,S-50,simply_supported,50,5,V,kN,3o,first_end_support,1,357.518,50,430.789,0.0,8.9822,457.874,1.0629,0.653,0.13194,0.19233,True
PR,intermediate,7699,S-50,simply_supported,50,5,V,kN,2o,first_end_support,1,399.625,50,494.244,0.0,17.1016,590.7,1.1952,0.062,0.11919,0.19233,True
PR,intermediate,7699,S-50,simply_supported,50,5,V,kN,2s,first_end_support,1,390.13,50,467.988,0.0,17.2814,583.213,1.2462,0.073,0.11858,0.19233,True
PR,intermediate,7699,S-50,simply_supported,50,5,V,kN,3s,first_end_support,1,398.593,50,462.503,0.0,17.8373,597.888,1.2927,0.077,0.11515,0.19233,True
PR,intermediate,7699,S-50,simply_supported,50,5,V,kN,3o,first_end_support,1,398.927,50,466.467,0.0,19.078,612.084,1.3122,0.073,0.07868,0.19233,True
RJ,light,6230,S-50,simply_supported,50,5,V,kN,2o,first_end_support,1,367.287,50,496.214,0.0,13.6987,520.341,1.0486,0.164,0.10669,0.19233,True
RJ,light,6230,S-50,simply_supported,50,5,V,kN,2s,first_end_support,1,363.245,50,496.087,0.0,14.5745,526.085,1.0605,0.195,0.12212,0.19233,True
RJ,light,6230,S-50,simply_supported,50,5,V,kN,3s,first_end_support,1,365.617,50,496.087,0.0,15.8753,542.99,1.0945,0.207,0.08265,0.19233,True
RJ,light,6230,S-50,simply_supported,50,5,V,kN,3o,first_end_support,1,364.123,50,496.087,0.0,14.7941,529.416,1.0672,0.195,0.1405,0.19233,True
SC,intermediate,8414,S-50,simply_supported,50,5,V,kN,2o,first_end_support,1,392.425,50,492.128,0.0,14.5449,554.934,1.1276,0.067,0.15448,0.19233,True
SC,intermediate,8414,S-50,simply_supported,50,5,V,kN,2s,first_end_support,1,381.261,50,492.128,0.0,20.7188,612.751,1.2451,0.08,0.06564,0.19233,True
SC,intermediate,8414,S-50,simply_supported,50,5,V,kN,3s,first_end_support,1,394.607,50,492.128,0.0,17.4566,589.647,1.1982,0.084,0.13702,0.19233,True
SC,intermediate,8414,S-50,simply_supported,50,5,V,kN,3o,first_end_support,1,391.38,50,491.88,0.0,17.3561,585.297,1.1899,0.08,0.09892,0.19233,True
SP,light,7499,S-50,simply_supported,50,5,V,kN,2o,first_end_support,1,381.56,50,462.503,0.0,15.4101,553.735,1.1973,0.099,0.17293,0.19233,True
SP,light,7499,S-50,simply_supported,50,5,V,kN,2s,first_end_support,1,374.7,50,462.503,0.0,15.4717,547.563,1.1839,0.117,0.14946,0.19233,True
SP,light,7499,S-50,simply_supported,50,5,V,kN,3s,first_end_support,1,377.734,50,462.503,0.0,17.8802,577.508,1.2487,0.124,0.12706,0.19233,True
SP,light,7499,S-50,simply_supported,50,5,V,kN,3o,first_end_support,1,379.319,50,466.504,0.0,15.5541,553.104,1.1856,0.117,0.15322,0.19233,True
ROSSIGALI,,7019,S-50,simply_supported,50,5,V,kN,2o,first_end_support,1,367.715,50,460.729,0.0,18.3698,572.958,1.2436,0.113,0.10166,0.19233,True
ROSSIGALI,,7019,S-50,simply_supported,50,5,V,kN,2s,first_end_support,1,360.104,50,443.043,0.0,20.9555,594.238,1.3413,0.134,0.05103,0.19233,True
ROSSIGALI,,7019,S-50,simply_supported,50,5,V,kN,3s,first_end_support,1,360.608,50,455.896,0.0,19.8898,582.834,1.2784,0.141,0.08404,0.19233,True
ROSSIGALI,,7019,S-50,simply_supported,50,5,V,kN,3o,first_end_support,1,362.752,50,443.043,0.0,21.2771,600.479,1.3554,0.134,0.08763,0.19233,True
