UF,VMDa_Class,VeiculoClassificacaoQFV,share_within_group_balanced,n_umos_used,n_rows_used,vmda_group_share,scaled,share_scaled_by_vmda,fallback_all_umos
AC,A,C2,0.9983388704318937,7,5308,0.3175438596491228,0.317016378154689,0.31869371348884085,False
AC,A,C1,0.0016611295681063123,7,5308,0.3175438596491228,0.0005274814944337588,0.0005302724018117152,False
AC,B,C3,0.9993324432576769,7,5308,0.17719298245614035,0.1770746960860094,0.17801159923990362,False
AC,B,C6,0.0006675567423230974,7,5308,0.17719298245614035,0.00011828637013093481,0.0001189122239411514,False
AC,C,C7,0.9152206828677417,7,5308,0.11403508771929824,0.10436727085333897,0.10491947863563177,False
AC,C,CR1,0.040862290862290866,7,5308,0.11403508771929824,0.004659734922892818,0.004684389605024526,False
AC,C,CTS2,0.03551366492542963,7,5308,0.11403508771929824,0.004049803895005133,0.004071231428841139,False
AC,C,CTS3,0.008403361344537815,7,5308,0.11403508771929824,0.0009582780480613297,0.0009633483022838764,False
AC,D,CTS4,0.38548951048951047,7,5308,0.0824561403508772,0.03178597718071402,0.03195415695415695,False
AC,D,CR4,0.23018648018648022,7,5308,0.0824561403508772,0.018980288717130825,0.019080713525157972,False
AC,D,CR4+,0.16666666666666666,7,5308,0.0824561403508772,0.013742690058479532,0.013815402704291593,False
AC,D,CTS19,0.12791375291375293,7,5308,0.0824561403508772,0.010547274363063838,0.010603080047524494,False
AC,D,CTS6,0.08333333333333333,7,5308,0.0824561403508772,0.006871345029239766,0.0069077013521457965,False
AC,D,CR2,0.006410256410256411,7,5308,0.0824561403508772,0.0005285650022492129,0.0005313616424727538,False
AC,E,CTS10,0.8416684664897868,7,5308,0.17017543859649123,0.14323130043773563,0.14398913800618926,False
AC,E,CTS15,0.11482605660518268,7,5308,0.17017543859649123,0.01954057454509249,0.01964396382839986,False
AC,E,CR5,0.03418040617251928,7,5308,0.17017543859649123,0.005816665611814684,0.005847441620342804,False
AC,E,CTSS7,0.005291005291005291,7,5308,0.17017543859649123,0.000900399146013181,0.0009051631626587534,False
AC,E,CTS13,0.0030522294081236257,7,5308,0.17017543859649123,0.0005194144782245468,0.0005221627029770577,False
AC,E,CR10,0.0009818360333824251,7,5308,0.17017543859649123,0.0001670843776106934,0.00016796842193667592,False
AC,F,CTSR6+,0.49579277119471116,7,5308,0.06315789473684211,0.03131322765440281,0.03147890610760071,False
AC,F,CTSS8,0.3128782505277323,7,5308,0.06315789473684211,0.019760731612277833,0.01986528574779253,False
AC,F,CTS11,0.10878864340696655,7,5308,0.06315789473684211,0.006870861688861045,0.006907215454410575,False
AC,F,CR11,0.04331471073930548,7,5308,0.06315789473684211,0.0027356659414298195,0.002750140364400348,False
AC,F,CTS22,0.039225624131284505,7,5308,0.06315789473684211,0.0024774078398706,0.0024905158178593336,False
AC,H,CTSS12+,1.0,7,5308,0.07017543859649122,0.07017543859649122,0.07054673721340388,False
AL,A,C2,0.9834691501746217,1,9871,0.4921497135203512,0.4840140605145433,0.4840140605145433,False
AL,A,C1,0.008381839348079161,1,9871,0.4921497135203512,0.0041251198339307665,0.0041251198339307665,False
AL,A,2CC,0.008149010477299184,1,9871,0.4921497135203512,0.004010533171877134,0.004010533171877134,False
AL,B,C3,0.9997371879106439,1,9871,0.17947763970533523,0.17943047081185157,0.17943047081185157,False
AL,B,C4,0.00026281208935611036,1,9871,0.17947763970533523,4.716889348366234e-05,4.716889348366234e-05,False
AL,C,C7,0.9492325855962219,1,9871,0.09524518193317955,0.09040983031201458,0.09040983031201458,False
AL,C,CTS2,0.04250295159386069,1,9871,0.09524518193317955,0.0040482013572543845,0.0040482013572543845,False
AL,C,CR1,0.0059031877213695395,1,9871,0.09524518193317955,0.0005622501885075533,0.0005622501885075533,False
AL,C,CTS3,0.0023612750885478157,1,9871,0.09524518193317955,0.00022490007540302136,0.00022490007540302136,False
AL,D,CTS4,0.9383886255924171,1,9871,0.08438127836892625,0.07918243183434787,0.07918243183434787,False
AL,D,CTS6,0.02843601895734597,1,9871,0.08438127836892625,0.0023994676313438745,0.0023994676313438745,False
AL,D,CTS19,0.014218009478672985,1,9871,0.08438127836892625,0.0011997338156719372,0.0011997338156719372,False
AL,D,CTSS4,0.009478672985781991,1,9871,0.08438127836892625,0.0007998225437812915,0.0007998225437812915,False
AL,D,CR4,0.004739336492890996,1,9871,0.08438127836892625,0.00039991127189064577,0.00039991127189064577,False
AL,D,CTSR1,0.004739336492890996,1,9871,0.08438127836892625,0.00039991127189064577,0.00039991127189064577,False
AL,E,CTS10,0.6714542190305207,1,9871,0.09948656894114145,0.06680067645240019,0.06680067645240019,False
AL,E,CTS15,0.2908438061041293,1,9871,0.09948656894114145,0.028935052367082437,0.028935052367082437,False
AL,E,CTSS7,0.030520646319569123,1,9871,0.09948656894114145,0.0030363943842000086,0.0030363943842000086,False
AL,E,CTS13,0.0035906642728904853,1,9871,0.09948656894114145,0.0003572228687294128,0.0003572228687294128,False
AL,E,CTS12,0.0017953321364452427,1,9871,0.09948656894114145,0.0001786114343647064,0.0001786114343647064,False
AL,E,CTSR4,0.0017953321364452427,1,9871,0.09948656894114145,0.0001786114343647064,0.0001786114343647064,False
AL,F,CTSR6+,0.45,1,9871,0.022843961604286034,0.010279782721928716,0.010279782721928716,False
AL,F,CTSS8,0.325,1,9871,0.022843961604286034,0.007424287521392961,0.007424287521392961,False
AL,F,CTS11,0.15,1,9871,0.022843961604286034,0.003426594240642905,0.003426594240642905,False
AL,F,CTS22,0.05,1,9871,0.022843961604286034,0.0011421980802143016,0.0011421980802143016,False
AL,F,CR11,0.0125,1,9871,0.022843961604286034,0.0002855495200535754,0.0002855495200535754,False
AL,F,CRR1+,0.0125,1,9871,0.022843961604286034,0.0002855495200535754,0.0002855495200535754,False
AL,G,CRR2+,0.5,1,9871,0.002009078056403006,0.001004539028201503,0.001004539028201503,False
AL,G,CTSS10+,0.5,1,9871,0.002009078056403006,0.001004539028201503,0.001004539028201503,False
AL,H,CTSS12+,0.972972972972973,1,9871,0.02440657787037726,0.023746940630637335,0.023746940630637335,False
AL,H,CTSSS7+,0.02702702702702703,1,9871,0.02440657787037726,0.000659637239739926,0.000659637239739926,False
AM,A,C2,0.90625,3,10920,0.2981366459627329,0.2701863354037267,0.2701863354037267,False
AM,A,C1,0.09375,3,10920,0.2981366459627329,0.027950310559006212,0.027950310559006212,False
AM,B,C3,0.9988989815579411,3,10920,0.10559006211180125,0.10547380550611801,0.10547380550611801,False
AM,B,CTS1,0.0011010184420589045,3,10920,0.10559006211180125,0.00011625660568323837,0.00011625660568323837,False
AM,C,C7,0.6890335062879255,3,10920,0.11490683229813664,0.07917465755482374,0.07917465755482374,False
AM,C,CTS2,0.3065253715592296,3,10920,0.11490683229813664,0.03522185946488042,0.03522185946488042,False
AM,C,C9,0.0024330900243309003,3,10920,0.11490683229813664,0.00027957866739205996,0.00027957866739205996,False
AM,C,CTSS1+,0.0020080321285140565,3,10920,0.11490683229813664,0.00023073661104043504,0.00023073661104043504,False
AM,D,CTS4,0.7447789227494735,3,10920,0.11956521739130435,0.08904965380700228,0.08904965380700228,False
AM,D,CTS5,0.23672674135411595,3,10920,0.11956521739130435,0.02830428429233995,0.02830428429233995,False
AM,D,CTS19,0.009734260008604662,3,10920,0.11956521739130435,0.0011638789140722965,0.0011638789140722965,False
AM,D,CTS6,0.0038910505836575876,3,10920,0.11956521739130435,0.00046523430891558113,0.00046523430891558113,False
AM,D,CR2,0.003409644422795909,3,10920,0.11956521739130435,0.0004076748766386413,0.0004076748766386413,False
AM,D,CTSS2+,0.0012970168612191958,3,10920,0.11956521739130435,0.00015507810297186038,0.00015507810297186038,False
AM,D,CR4+,0.0001623640201331385,3,10920,0.11956521739130435,1.941308936374482e-05,1.941308936374482e-05,False
AM,E,CTS10,0.8571125950847621,3,10920,0.15527950310559005,0.13309201787030467,0.13309201787030467,False
AM,E,CTS15,0.14064331956976092,3,10920,0.15527950310559005,0.021839024777913184,0.021839024777913184,False
AM,E,CR3,0.0006626905235255135,3,10920,0.15527950310559005,0.00010290225520582507,0.00010290225520582507,False
AM,E,CTSS7,0.0004417936823503424,3,10920,0.15527950310559005,6.860150347055006e-05,6.860150347055006e-05,False
AM,E,CR5,0.0002849002849002849,3,10920,0.15527950310559005,4.423917467395728e-05,4.423917467395728e-05,False
AM,E,CR5+,0.0002849002849002849,3,10920,0.15527950310559005,4.423917467395728e-05,4.423917467395728e-05,False
AM,E,CTS26,0.0002849002849002849,3,10920,0.15527950310559005,4.423917467395728e-05,4.423917467395728e-05,False
AM,E,CTSS5,0.0002849002849002849,3,10920,0.15527950310559005,4.423917467395728e-05,4.423917467395728e-05,False
AM,F,CTSR6+,0.7769530102402528,3,10920,0.07919254658385093,0.06152888745691443,0.06152888745691443,False
AM,F,CTSS8,0.16868445912782812,3,10920,0.07919254658385093,0.013358551887452226,0.013358551887452226,False
AM,F,CTS11,0.040314508226858274,3,10920,0.07919254658385093,0.0031926085707605152,0.0031926085707605152,False
AM,F,CTS22,0.011235955056179775,3,10920,0.07919254658385093,0.0008898038942005722,0.0008898038942005722,False
AM,F,CR6,0.002812067348881066,3,10920,0.07919254658385093,0.00022269477452319,0.00022269477452319,False
AM,G,CTSS10+,1.0,3,10920,0.006211180124223602,0.006211180124223602,0.006211180124223602,False
AM,H,CTSS12+,0.9937982575663735,3,10920,0.12111801242236025,0.120366869705244,0.120366869705244,False
AM,H,3D6,0.005128205128205128,3,10920,0.12111801242236025,0.0006211180124223603,0.0006211180124223603,False
AM,H,CTSSS7+,0.0010735373054213634,3,10920,0.12111801242236025,0.00013002470469389185,0.00013002470469389185,False
BA,A,C2,0.9904823841279567,3,29098,0.3811548129528316,0.3775271278553661,0.37752712785536596,False
BA,A,C1,0.005098860960132023,3,29098,0.3811548129528316,0.0019434553955316165,0.001943455395531616,False
BA,A,OU2,0.0044187549119112934,3,29098,0.3811548129528316,0.001684229701933955,0.0016842297019339545,False
BA,B,C3,0.984555927418722,3,29098,0.2065651338163537,0.2033749268969325,0.20337492689693246,False
BA,B,OU8,0.010257462226750703,3,29098,0.2065651338163537,0.0021188340574849526,0.002118834057484952,False
BA,B,OU3,0.002849002849002849,3,29098,0.2065651338163537,0.0005885046547474465,0.0005885046547474464,False
BA,B,OU5,0.0007984955822255083,3,29098,0.2065651338163537,0.00016494134679417938,0.00016494134679417936,False
BA,B,OU7,0.0006186587478346944,3,29098,0.2065651338163537,0.00012779332703313147,0.00012779332703313144,False
BA,B,CTS1,0.00030179442762961697,3,29098,0.2065651338163537,6.23402063283417e-05,6.234020632834169e-05,False
BA,B,C6,0.00024746349913387774,3,29098,0.2065651338163537,5.1117330813252584e-05,5.111733081325257e-05,False
BA,B,OU4,0.00024746349913387774,3,29098,0.2065651338163537,5.1117330813252584e-05,5.111733081325257e-05,False
BA,B,C4,0.00012373174956693887,3,29098,0.2065651338163537,2.5558665406626292e-05,2.5558665406626285e-05,False
BA,C,C7,0.8282362228275515,3,29098,0.09892059736803194,0.0819296219239438,0.08192962192394379,False
BA,C,CTS2,0.1168296151132696,3,29098,0.09892059736803194,0.011556855317281881,0.01155685531728188,False
BA,C,CTS3,0.03427207072238402,3,29098,0.09892059736803194,0.0033902137088976654,0.0033902137088976645,False
BA,C,CR1,0.009931719428926133,3,29098,0.09892059736803194,0.0009824516188010621,0.000982451618801062,False
BA,C,OU9,0.00558659217877095,3,29098,0.09892059736803194,0.0005526290355755974,0.0005526290355755973,False
BA,C,OU11,0.004026276276215591,3,29098,0.09892059736803194,0.0003982816544119814,0.0003982816544119813,False
BA,C,CR1+,0.0006207324643078833,3,29098,0.09892059736803194,6.140322617506638e-05,6.140322617506637e-05,False
BA,C,CTS7,0.0004967709885742673,3,29098,0.09892059736803194,4.9140882944874285e-05,4.914088294487427e-05,False
BA,D,CTS4,0.9169988407882641,3,29098,0.08328404554191926,0.07637137321809696,0.07637137321809695,False
BA,D,CTS8,0.026513171043690296,3,29098,0.08328404554191926,0.0022081241446633977,0.0022081241446633973,False
BA,D,CTS19,0.022534619316007976,3,29098,0.08328404554191926,0.0018767742613842217,0.0018767742613842212,False
BA,D,CTS6,0.0209424448517865,3,29098,0.08328404554191926,0.0017441715307953195,0.001744171530795319,False
BA,D,CTS5,0.0036251920122887865,3,29098,0.08328404554191926,0.0003019206566496612,0.00030192065664966114,False
BA,D,CTS24,0.0034767215436360428,3,29098,0.08328404554191926,0.000289555435376756,0.00028955543537675596,False
BA,D,CTSR1,0.001858736059479554,3,29098,0.08328404554191926,0.0001548030586281027,0.00015480305862810269,False
BA,D,CTSS4+,0.0015719596388741373,3,29098,0.08328404554191926,0.0001309191581540526,0.00013091915815405258,False
BA,D,CR2,0.0006195786864931847,3,29098,0.08328404554191926,5.1601019542700916e-05,5.16010195427009e-05,False
BA,D,CR4,0.0006195786864931847,3,29098,0.08328404554191926,5.1601019542700916e-05,5.16010195427009e-05,False
BA,D,CTS18,0.0006195786864931847,3,29098,0.08328404554191926,5.1601019542700916e-05,5.16010195427009e-05,False
BA,D,CTSR1+,0.0006195786864931847,3,29098,0.08328404554191926,5.1601019542700916e-05,5.16010195427009e-05,False
BA,E,CTS10,0.7634222364795858,3,29098,0.12993494011533344,0.09919522257968891,0.09919522257968888,False
BA,E,CTS15,0.21747871547175598,3,29098,0.12993494011533344,0.028258083871182255,0.028258083871182248,False
BA,E,CTS13,0.010211814490289144,3,29098,0.12993494011533344,0.001326871504264614,0.0013268715042646139,False
BA,E,CTSS7,0.005950231328475293,3,29098,0.12993494011533344,0.0007731429513378182,0.000773142951337818,False
BA,E,CR10,0.0017526700740828538,3,29098,0.12993494011533344,0.00022773308111789263,0.00022773308111789258,False
BA,E,CTSS7+,0.0004236055501275292,3,29098,0.12993494011533344,5.504116178834339e-05,5.5041161788343373e-05,False
BA,E,CR3,0.0002974862412613417,3,29098,0.12993494011533344,3.865385694342807e-05,3.865385694342806e-05,False
BA,E,CTS14,0.00021100174668980178,3,29098,0.12993494011533344,2.741649932037015e-05,2.7416499320370142e-05,False
BA,E,CR12,0.00012611930886618746,3,29098,0.12993494011533344,1.638730484491531e-05,1.6387304844915306e-05,False
BA,E,CR5,0.00012611930886618746,3,29098,0.12993494011533344,1.638730484491531e-05,1.6387304844915306e-05,False
BA,F,CTSR6+,0.416069687921978,3,29098,0.04528315836167381,0.01884094956766313,0.018840949567663128,False
BA,F,CTS11,0.2518105933678766,3,29098,0.04528315836167381,0.011402778976624605,0.011402778976624603,False
BA,F,CTSS8,0.187296035107426,3,29098,0.04528315836167381,0.00848135601828319,0.008481356018283188,False
BA,F,CTS22,0.09867373147470046,3,29098,0.04528315836167381,0.004468258208506139,0.004468258208506138,False
BA,F,CR6,0.04402824936879357,3,29098,0.04528315836167381,0.0019937381885543446,0.001993738188554344,False
BA,F,CR11,0.0010928961748633882,3,29098,0.04528315836167381,4.948979055920636e-05,4.948979055920635e-05,False
BA,F,CTSSS8+,0.000617283950617284,3,29098,0.04528315836167381,2.7952566889922113e-05,2.7952566889922106e-05,False
BA,F,CTSS8+,0.00041152263374485607,3,29098,0.04528315836167381,1.863504459328141e-05,1.8635044593281406e-05,False
BA,G,CTSS11+,0.7658730158730158,3,29098,0.005027354724234807,0.0038503153245131655,0.0038503153245131646,False
BA,G,CTSS10+,0.12301587301587301,3,29098,0.005027354724234807,0.0006184444303622183,0.0006184444303622182,False
BA,G,CTSS13+,0.1111111111111111,3,29098,0.005027354724234807,0.000558594969359423,0.0005585949693594228,False
BA,H,CTSS12+,0.9979758230564637,3,29098,0.04982995711962147,0.04972909246932253,0.049729092469322514,False
BA,H,CTSSS7+,0.0020241769435363458,3,29098,0.04982995711962147,0.00010086465029894256,0.00010086465029894253,False
CE,A,C2,0.995850622406639,2,5448,0.4369423358636303,0.43512929712560694,0.435129297125607,False
CE,A,C1,0.004149377593360996,2,5448,0.4369423358636303,0.0018130387380233621,0.0018130387380233624,False
CE,B,C3,0.9993946731234867,2,5448,0.19483286722599547,0.19471492965503542,0.19471492965503545,False
CE,B,CTS1,0.0006053268765133173,2,5448,0.19483286722599547,0.00011793757096004571,0.00011793757096004573,False
CE,C,C7,0.9036827195467423,2,5448,0.10001331735251032,0.09038030661600792,0.09038030661600793,False
CE,C,CTS2,0.0821529745042493,2,5448,0.10001331735251032,0.008216391510546175,0.008216391510546176,False
CE,C,CR1,0.007082152974504249,2,5448,0.10001331735251032,0.0007083096129781184,0.0007083096129781185,False
CE,C,CTS3,0.007082152974504249,2,5448,0.10001331735251032,0.0007083096129781184,0.0007083096129781185,False
CE,D,CTS4,0.8562624254473161,2,5448,0.06925023305366892,0.05929637251732645,0.05929637251732646,False
CE,D,CTS19,0.10994035785288271,2,5448,0.06925023305366892,0.007613395403315888,0.007613395403315889,False
CE,D,CTS6,0.017892644135188866,2,5448,0.06925023305366892,0.0012390697763081915,0.0012390697763081918,False
CE,D,CTS8,0.006958250497017893,2,5448,0.06925023305366892,0.0004818604685642967,0.00048186046856429676,False
CE,D,CTS5,0.004970178926441352,2,5448,0.06925023305366892,0.00034418604897449765,0.0003441860489744977,False
CE,D,CR4,0.002982107355864811,2,5448,0.06925023305366892,0.0002065116293846986,0.00020651162938469862,False
CE,D,CTS24,0.0009940357852882703,2,5448,0.06925023305366892,6.883720979489952e-05,6.883720979489953e-05,False
CE,E,CTS10,0.5748629385964912,2,5448,0.1080037288587029,0.062087340951092605,0.06208734095109261,False
CE,E,CTS15,0.3865816885964912,2,5448,0.1080037288587029,0.041752263876914955,0.04175226387691496,False
CE,E,CTSS7,0.02787828947368421,2,5448,0.1080037288587029,0.0030109592173602207,0.003010959217360221,False
CE,E,CTS13,0.0078125,2,5448,0.1080037288587029,0.0008437791317086164,0.0008437791317086165,False
CE,E,CR5,0.0020833333333333333,2,5448,0.1080037288587029,0.00022500776845563102,0.00022500776845563105,False
CE,E,CTSR2,0.0005208333333333333,2,5448,0.1080037288587029,5.6251942113907755e-05,5.625194211390776e-05,False
CE,E,CR10,0.00026041666666666666,2,5448,0.1080037288587029,2.8125971056953877e-05,2.812597105695388e-05,False
CE,F,CTSR6+,0.7088929776142288,2,5448,0.029165001997602878,0.020674865108205633,0.020674865108205636,False
CE,F,CTSS8+,0.18877644894204232,2,5448,0.029165001997602878,0.005505665510495042,0.005505665510495043,False
CE,F,CTS11,0.07979147500766637,2,5448,0.029165001997602878,0.0023271185279902695,0.00232711852799027,False
CE,F,CTS22,0.010119595216191352,2,5448,0.029165001997602878,0.0002951380146951533,0.00029513801469515337,False
CE,F,CTSS8,0.006439742410303588,2,5448,0.029165001997602878,0.00018781510026055212,0.00018781510026055214,False
CE,F,CTSSS8+,0.003219871205151794,2,5448,0.029165001997602878,9.390755013027606e-05,9.390755013027607e-05,False
CE,F,CR6,0.0027598896044158236,2,5448,0.029165001997602878,8.049218582595091e-05,8.049218582595093e-05,False
CE,G,CTSS11+,1.0,2,5448,0.003329338127580237,0.003329338127580237,0.0033293381275802374,False
CE,H,CTSS12+,0.9967602591792657,2,5448,0.05846317752030896,0.058273771977586576,0.05827377197758658,False
CE,H,CTSSS7+,0.0021598272138228943,2,5448,0.05846317752030896,0.00012627036181492218,0.0001262703618149222,False
CE,H,CTSR8+,0.0010799136069114472,2,5448,0.05846317752030896,6.313518090746109e-05,6.31351809074611e-05,False
DF,A,C2,0.9096932470612908,12,119922,0.5494993387492915,0.49987583772487515,0.4998758377248752,False
DF,A,OU2,0.04530983768271903,12,119922,0.5494993387492915,0.02489772584549184,0.024897725845491842,False
DF,A,C1,0.04499691525599017,12,119922,0.5494993387492915,0.024725775178924506,0.02472577517892451,False
DF,B,C3,0.991687867756785,12,119922,0.18807859436992255,0.18651526022140175,0.18651526022140177,False
DF,B,OU8,0.003948555956678699,12,119922,0.18807859436992255,0.0007426388541231146,0.0007426388541231147,False
DF,B,CTS1,0.0033835541769193676,12,119922,0.18807859436992255,0.0006363741135694749,0.000636374113569475,False
DF,B,C6,0.0008557444709948624,12,119922,0.18807859436992255,0.0001609472172445467,0.00016094721724454672,False
DF,B,OU5,4.6672135575520486e-05,12,119922,0.18807859436992255,8.778029655286349e-06,8.77802965528635e-06,False
DF,B,OU4,3.7605294825511427e-05,12,119922,0.18807859436992255,7.072750991648711e-06,7.072750991648712e-06,False
DF,B,C4,3.093336747090471e-05,12,119922,0.18807859436992255,5.8179042730560435e-06,5.817904273056044e-06,False
DF,B,C5,9.066840750009066e-06,12,119922,0.18807859436992255,1.7052786636376394e-06,1.7052786636376396e-06,False
DF,C,C7,0.7876119573138531,12,119922,0.09115813338371434,0.07179723585942455,0.07179723585942456,False
DF,C,CTS2,0.10961779699980818,12,119922,0.09115813338371434,0.009992553760137437,0.009992553760137439,False
DF,C,CR1+,0.0575491246099008,12,119922,0.09115813338371434,0.005246070777305334,0.005246070777305335,False
DF,C,CTS3,0.029397597850270626,12,119922,0.09115813338371434,0.0026798301459957635,0.002679830145995764,False
DF,C,CTS7,0.014283503038562661,12,119922,0.09115813338371434,0.0013020574751759842,0.0013020574751759844,False
DF,C,CR1,0.0008101562230352397,12,119922,0.09115813338371434,7.38523290410926e-05,7.385232904109261e-05,False
DF,C,OU11,0.0002944640753828033,12,119922,0.09115813338371434,2.6842795460457694e-05,2.6842795460457698e-05,False
DF,C,CTSS1,0.0002277667884363481,12,119922,0.09115813338371434,2.0762795280660864e-05,2.0762795280660867e-05,False
DF,C,C9,0.00016736572537763824,12,119922,0.09115813338371434,1.5256747117836851e-05,1.5256747117836853e-05,False
DF,C,CTSS1+,4.026737537247322e-05,12,119922,0.09115813338371434,3.670698775216008e-06,3.6706987752160084e-06,False
DF,D,CTS4,0.6853037928882618,12,119922,0.054411486869450215,0.03728839832832409,0.0372883983283241,False
DF,D,CTS19,0.19741212496247562,12,119922,0.054411486869450215,0.010741487245266008,0.01074148724526601,False
DF,D,CR4,0.06074467416786058,12,119922,0.054411486869450215,0.0033052080408735775,0.003305208040873578,False
DF,D,CTS8,0.033310940138678975,12,119922,0.054411486869450215,0.0018124977819647733,0.0018124977819647735,False
DF,D,CTS6,0.011274926602523884,12,119922,0.054411486869450215,0.0006134855207872433,0.0006134855207872434,False
DF,D,CR4+,0.003914578866810769,12,119922,0.054411486869450215,0.00021299805661090146,0.00021299805661090148,False
DF,D,CTS5,0.002473298007056389,12,119922,0.054411486869450215,0.0001345758220351861,0.00013457582203518613,False
DF,D,CTS9,0.001981566453175286,12,119922,0.054411486869450215,0.00010781997704789011,0.00010781997704789012,False
DF,D,CR2,0.0010169052120393223,12,119922,0.054411486869450215,5.533132459235307e-05,5.533132459235308e-05,False
DF,D,CTSR1,0.0006554343247249797,12,119922,0.054411486869450215,3.56631561535602e-05,3.566315615356021e-05,False
DF,D,CTS18,0.0006116207951070337,12,119922,0.054411486869450215,3.3279196862049067e-05,3.327919686204907e-05,False
DF,D,CTSS2+,0.0004065221494243577,12,119922,0.054411486869450215,2.2119474595544118e-05,2.211947459554412e-05,False
DF,D,CTS24,0.0003938796116754615,12,119922,0.054411486869450215,2.1431575318823525e-05,2.1431575318823528e-05,False
DF,D,CTSS4,0.0003277171623624899,12,119922,0.054411486869450215,1.78315780767801e-05,1.7831578076780105e-05,False
DF,D,CR2+,0.0001282051282051282,12,119922,0.054411486869450215,6.975831649929515e-06,6.9758316499295154e-06,False
DF,D,CR7,4.381352961794602e-05,12,119922,0.054411486869450215,2.383959291511138e-06,2.3839592915111384e-06,False
DF,E,CTS10,0.8266226505716271,12,119922,0.06820328736066503,0.05637838217577128,0.056378382175771284,False
DF,E,CTS15,0.16295740168687983,12,119922,0.06820328736066503,0.011114230494797586,0.011114230494797588,False
DF,E,CR5,0.0021381339814694443,12,119922,0.06820328736066503,0.00014582776635376334,0.00014582776635376336,False
DF,E,CTS13,0.001763365688739216,12,119922,0.06820328736066503,0.00012026733679101776,0.00012026733679101777,False
DF,E,CTSS7,0.001357208690395363,12,119922,0.06820328736066503,9.256609431942679e-05,9.25660943194268e-05,False
DF,E,CTSS7+,0.0012996996518304725,12,119922,0.06820328736066503,8.864378883635e-05,8.864378883635001e-05,False
DF,E,CR10,0.0007410800750251756,12,119922,0.06820328736066503,5.054409731420525e-05,5.0544097314205254e-05,False
DF,E,CTSR3,0.0007252681542222389,12,119922,0.06820328736066503,4.946567233595848e-05,4.946567233595849e-05,False
DF,E,CTS12,0.00047422230612851414,12,119922,0.06820328736066503,3.234352021772031e-05,3.234352021772032e-05,False
DF,E,CR5+,0.00038141242891781216,12,119922,0.06820328736066503,2.6013581492410765e-05,2.6013581492410768e-05,False
DF,E,CTS26,0.00029331834150698967,12,119922,0.06820328736066503,2.0005275133954898e-05,2.00052751339549e-05,False
DF,E,CTSR2,0.0002715101022656196,12,119922,0.06820328736066503,1.8517881526145604e-05,1.8517881526145607e-05,False
DF,E,CTSR5+,0.000227340949579365,12,119922,0.06820328736066503,1.5505400113007892e-05,1.5505400113007896e-05,False
DF,E,CR3,0.00022166335454815218,12,119922,0.06820328736066503,1.5118169467576599e-05,1.51181694675766e-05,False
DF,E,CTSR4+,0.0001721190492585219,12,119922,0.06820328736066503,1.1739084976823428e-05,1.173908497682343e-05,False
DF,E,CTS14,6.620612325193522e-05,12,119922,0.06820328736066503,4.515475249187345e-06,4.515475249187346e-06,False
DF,E,CTSS5,5.0242591729004016e-05,12,119922,0.06820328736066503,3.426709921437833e-06,3.4267099214378335e-06,False
DF,E,CTS16,4.87204494419646e-05,12,119922,0.06820328736066503,3.322894813631064e-06,3.3228948136310642e-06,False
DF,E,CTS21,3.525098702763677e-05,12,119922,0.06820328736066503,2.404233197992986e-06,2.4042331979929863e-06,False
DF,E,CR10+,3.498041096985688e-05,12,119922,0.06820328736066503,2.385779021371308e-06,2.3857790213713084e-06,False
DF,E,CR8+,3.372884474059737e-05,12,119922,0.06820328736066503,2.300418090186218e-06,2.3004180901862183e-06,False
DF,E,CR3+,3.299676631690094e-05,12,119922,0.06820328736066503,2.2504879350843076e-06,2.250487935084308e-06,False
DF,E,CTSR4,1.649838315845047e-05,12,119922,0.06820328736066503,1.1252439675421538e-06,1.125243967542154e-06,False
DF,E,CTSR3+,1.4991604701367234e-05,12,119922,0.06820328736066503,1.0224767234448464e-06,1.0224767234448466e-06,False
DF,E,CR12,9.994403134244822e-06,12,119922,0.06820328736066503,6.816511489632308e-07,6.816511489632309e-07,False
DF,E,CR12+,4.997201567122411e-06,12,119922,0.06820328736066503,3.408255744816154e-07,3.4082557448161547e-07,False
DF,E,CTS28,4.997201567122411e-06,12,119922,0.06820328736066503,3.408255744816154e-07,3.4082557448161547e-07,False
DF,F,CTSR6+,0.5400702780919506,12,119922,0.024277347440015116,0.013111473783263869,0.01311147378326387,False
DF,F,CTSS8,0.24401894056703416,12,119922,0.024277347440015116,0.005924132602090288,0.005924132602090289,False
DF,F,CTS11,0.19340806650659068,12,119922,0.024277347440015116,0.004695434828282052,0.004695434828282053,False
DF,F,CTS22,0.010914641239788357,12,119922,0.024277347440015116,0.0002649785375614593,0.00026497853756145935,False
DF,F,CTSS8+,0.0073574662406533315,12,119922,0.024277347440015116,0.0001786197642025228,0.00017861976420252283,False
DF,F,CR6+,0.0033353547604608844,12,119922,0.024277347440015116,8.097356635541727e-05,8.097356635541729e-05,False
DF,F,CR11,0.0002877726658087347,12,119922,0.024277347440015116,6.98635699157801e-06,6.986356991578011e-06,False
DF,F,CTSSS8+,0.00027587739641311067,12,119922,0.024277347440015116,6.697571403567868e-06,6.6975714035678684e-06,False
DF,F,CR6,8.076725204453621e-05,12,119922,0.024277347440015116,1.9608146396604767e-06,1.960814639660477e-06,False
DF,F,CTSR7,7.713117732293187e-05,12,119922,0.024277347440015116,1.872540390326232e-06,1.8725403903262322e-06,False
DF,F,CR11+,5.8266043062023295e-05,12,119922,0.024277347440015116,1.4145449713716217e-06,1.4145449713716219e-06,False
DF,F,CTSR7+,5.41125541125541e-05,12,119922,0.024277347440015116,1.3137092770570948e-06,1.313709277057095e-06,False
DF,F,CRR1+,2.301862321037776e-05,12,119922,0.024277347440015116,5.58831113269137e-07,5.588311132691371e-07,False
DF,F,CTSS9,1.546072974644403e-05,12,119922,0.024277347440015116,3.753455077305985e-07,3.7534550773059857e-07,False
DF,F,CTSSS3+,7.730364873222015e-06,12,119922,0.024277347440015116,1.8767275386529926e-07,1.8767275386529929e-07,False
DF,F,CR9,7.557893463933731e-06,12,119922,0.024277347440015116,1.8348560553853855e-07,1.8348560553853857e-07,False
DF,F,CTS23,7.557893463933731e-06,12,119922,0.024277347440015116,1.8348560553853855e-07,1.8348560553853857e-07,False
DF,G,CTSS11+,0.720486656200942,12,119922,0.0003778575477045154,0.00027224132106591425,0.0002722413210659143,False
DF,G,CTSSS6+,0.15384615384615385,12,119922,0.0003778575477045154,5.81319304160793e-05,5.813193041607931e-05,False
DF,G,CTSS10+,0.07150706436420723,12,119922,0.0003778575477045154,2.7019483984208288e-05,2.701948398420829e-05,False
DF,G,CRR2+,0.050497121925693354,12,119922,0.0003778575477045154,1.908071865697841e-05,1.9080718656978413e-05,False
DF,G,CRR3+,0.0036630036630036634,12,119922,0.0003778575477045154,1.3840935813352215e-06,1.3840935813352217e-06,False
DF,H,CTSS12+,0.922853299401164,12,119922,0.02399395427923673,0.02214289987227429,0.022142899872274295,False
DF,H,CTSSS7+,0.07673711333621257,12,119922,0.02399395427923673,0.0018412267889096913,0.0018412267889096915,False
DF,H,CTSR8+,0.00040958726262339785,12,119922,0.02399395427923673,9.827618052743535e-06,9.827618052743537e-06,False
ES,A,C1,0.6980376344086021,2,9615,0.4192941176470588,0.29268307400379506,0.29268307400379506,False
ES,A,C2,0.30196236559139783,2,9615,0.4192941176470588,0.12661104364326375,0.12661104364326375,False
ES,B,C3,1.0,2,9615,0.19830588235294117,0.19830588235294117,0.19830588235294117,False
ES,C,C7,0.8631578947368421,2,9615,0.11830588235294118,0.10211665634674923,0.10211665634674923,False
ES,C,CTS2,0.056453634085213034,2,9615,0.11830588235294118,0.006678796992481203,0.006678796992481203,False
ES,C,CTS3,0.046553884711779445,2,9615,0.11830588235294118,0.005507598407784166,0.005507598407784166,False
ES,C,CTS17,0.022556390977443608,2,9615,0.11830588235294118,0.0026685537372843873,0.0026685537372843873,False
ES,C,CTS7,0.008771929824561403,2,9615,0.11830588235294118,0.0010377708978328173,0.0010377708978328173,False
ES,C,C9,0.002506265664160401,2,9615,0.11830588235294118,0.0002965059708093764,0.0002965059708093764,False
ES,D,CTS4,0.8213810540041621,2,9615,0.06908235294117647,0.05674293587191105,0.05674293587191105,False
ES,D,CTS19,0.04605914037594812,2,9615,0.06908235294117647,0.003181873791618439,0.003181873791618439,False
ES,D,CTS6,0.04209610595383852,2,9615,0.06908235294117647,0.0029080980489522325,0.0029080980489522325,False
ES,D,CTS8,0.035961078491203995,2,9615,0.06908235294117647,0.002484275916474704,0.002484275916474704,False
ES,D,CTSS4,0.023802845197166175,2,9615,0.06908235294117647,0.001644356552914821,0.001644356552914821,False
ES,D,CTS5,0.02284004199944658,2,9615,0.06908235294117647,0.0015778438425970624,0.0015778438425970624,False
ES,D,CR7,0.0024183796856106408,2,9615,0.06908235294117647,0.00016706735898712566,0.00016706735898712566,False
ES,D,CR2,0.0012091898428053204,2,9615,0.06908235294117647,8.353367949356283e-05,8.353367949356283e-05,False
ES,D,CR4,0.0012091898428053204,2,9615,0.06908235294117647,8.353367949356283e-05,8.353367949356283e-05,False
ES,D,CTS9,0.0012091898428053204,2,9615,0.06908235294117647,8.353367949356283e-05,8.353367949356283e-05,False
ES,D,CR2+,0.0006045949214026602,2,9615,0.06908235294117647,4.1766839746781415e-05,4.1766839746781415e-05,False
ES,D,CTS24,0.0006045949214026602,2,9615,0.06908235294117647,4.1766839746781415e-05,4.1766839746781415e-05,False
ES,D,CTSS4+,0.0006045949214026602,2,9615,0.06908235294117647,4.1766839746781415e-05,4.1766839746781415e-05,False
ES,E,CTS10,0.7476332105559814,2,9615,0.15134117647058823,0.11314768965402523,0.11314768965402523,False
ES,E,CTS15,0.24801336100847765,2,9615,0.15134117647058823,0.03753463383544772,0.03753463383544772,False
ES,E,CTS13,0.0033354673434253827,2,9615,0.15134117647058823,0.000504793551833225,0.000504793551833225,False
ES,E,CR10,0.0003681885125184094,2,9615,0.15134117647058823,5.5722082647491985e-05,5.5722082647491985e-05,False
ES,E,CTS21,0.0003248862897985705,2,9615,0.15134117647058823,4.9168673317280126e-05,4.9168673317280126e-05,False
ES,E,CTSS5,0.0003248862897985705,2,9615,0.15134117647058823,4.9168673317280126e-05,4.9168673317280126e-05,False
ES,F,CTS22,0.5203719357565512,2,9615,0.021458823529411766,0.011166569539058228,0.011166569539058228,False
ES,F,CTS11,0.26927303465765,2,9615,0.021458823529411766,0.00577828253194769,0.00577828253194769,False
ES,F,CTSS8,0.18981403212172443,2,9615,0.021458823529411766,0.004073185818706181,0.004073185818706181,False
ES,F,CTS23,0.008791208791208791,2,9615,0.021458823529411766,0.00018864899806076278,0.00018864899806076278,False
ES,F,CTSR6+,0.007523245984784446,2,9615,0.021458823529411766,0.00016144000795584507,0.00016144000795584507,False
ES,F,CR11+,0.0025781910397295014,2,9615,0.021458823529411766,5.532494654666601e-05,5.532494654666601e-05,False
ES,F,CTSS8+,0.001098901098901099,2,9615,0.021458823529411766,2.3581124757595347e-05,2.3581124757595347e-05,False
ES,F,CTS20,0.0005494505494505495,2,9615,0.021458823529411766,1.1790562378797674e-05,1.1790562378797674e-05,False
ES,G,CTSS13+,0.6666666666666666,2,9615,0.001411764705882353,0.0009411764705882353,0.0009411764705882353,False
ES,G,CTSS11+,0.3333333333333333,2,9615,0.001411764705882353,0.00047058823529411766,0.00047058823529411766,False
ES,H,CTSS12+,0.6929133858267716,2,9615,0.0208,0.01441259842519685,0.01441259842519685,False
ES,H,CTSSS7+,0.3031496062992126,2,9615,0.0208,0.006305511811023622,0.006305511811023622,False
ES,H,CTSR8+,0.003937007874015748,2,9615,0.0208,8.188976377952755e-05,8.188976377952755e-05,False
GO,A,C2,0.9728748439896875,2,77968,0.26642691493294796,0.2592000433000455,0.2592000433000455,False
GO,A,C1,0.027125156010312575,2,77968,0.26642691493294796,0.00722687163290249,0.00722687163290249,False
GO,B,C3,0.9990115715733553,2,77968,0.17349510973683327,0.17332362223848555,0.17332362223848555,False
GO,B,CTS1,0.000544010445000544,2,77968,0.17349510973683327,9.438315185335288e-05,9.438315185335288e-05,False
GO,B,C6,0.00028121484814398203,2,77968,0.17349510973683327,4.8789400938367064e-05,4.8789400938367064e-05,False
GO,B,C4,5.44010445000544e-05,2,77968,0.17349510973683327,9.438315185335288e-06,9.438315185335288e-06,False
GO,B,C5,5.44010445000544e-05,2,77968,0.17349510973683327,9.438315185335288e-06,9.438315185335288e-06,False
GO,B,OU5,5.44010445000544e-05,2,77968,0.17349510973683327,9.438315185335288e-06,9.438315185335288e-06,False
GO,C,C7,0.7379717304637956,2,77968,0.12751655295264344,0.09410361124524051,0.09410361124524051,False
GO,C,CTS2,0.22470059643521567,2,77968,0.12751655295264344,0.028653045503821743,0.028653045503821743,False
GO,C,CTS3,0.029487670276756382,2,77968,0.12751655295264344,0.0037601660682960955,0.0037601660682960955,False
GO,C,CR1,0.0037448659096400096,2,77968,0.12751655295264344,0.0004775323920671595,0.0004775323920671595,False
GO,C,CTS7,0.0023676848980426378,2,77968,0.12751655295264344,0.0003019190166764282,0.0003019190166764282,False
GO,C,CR1+,0.0008818371337277696,2,77968,0.12751655295264344,0.00011244883155860445,0.00011244883155860445,False
GO,C,CTSS1,0.00048320850446967865,2,77968,0.12751655295264344,6.161708284737542e-05,6.161708284737542e-05,False
GO,C,CTSS1+,0.00024160425223483932,2,77968,0.12751655295264344,3.080854142368771e-05,3.080854142368771e-05,False
GO,C,C9,0.00012080212611741966,2,77968,0.12751655295264344,1.5404270711843855e-05,1.5404270711843855e-05,False
GO,D,CTS4,0.8043922862462497,2,77968,0.08214297717877189,0.06607517721190584,0.06607517721190584,False
GO,D,CTS19,0.09941828495354962,2,77968,0.08214297717877189,0.008166513912092067,0.008166513912092067,False
GO,D,CTS8,0.04095905806538747,2,77968,0.08214297717877189,0.003364498971929116,0.003364498971929116,False
GO,D,CTS6,0.03161351161018339,2,77968,0.08214297717877189,0.002596827962736134,0.002596827962736134,False
GO,D,CTS5,0.0062985365477189635,2,77968,0.08214297717877189,0.0005173805438989396,0.0005173805438989396,False
GO,D,CTSR1,0.003932605948349878,2,77968,0.08214297717877189,0.00032303596066840664,0.00032303596066840664,False
GO,D,CTS18,0.003669724770642202,2,77968,0.08214297717877189,0.0003014421180872363,0.0003014421180872363,False
GO,D,CR4,0.0027575994366142833,2,77968,0.08214297717877189,0.0002265174275900013,0.0002265174275900013,False
GO,D,CTS24,0.002363277670052769,2,77968,0.08214297717877189,0.00019412666371824581,0.00019412666371824581,False
GO,D,CTSS4,0.001966302974174939,2,77968,0.08214297717877189,0.00016151798033420332,0.00016151798033420332,False
GO,D,CR2,0.0009200841219768665,2,77968,0.08214297717877189,7.557844903409612e-05,7.557844903409612e-05,False
GO,D,CR4+,0.0007886435331230284,2,77968,0.08214297717877189,6.478152774351095e-05,6.478152774351095e-05,False
GO,D,CTS9,0.0005257623554153522,2,77968,0.08214297717877189,4.318768516234063e-05,4.318768516234063e-05,False
GO,D,CR7,0.0002628811777076761,2,77968,0.08214297717877189,2.1593842581170316e-05,2.1593842581170316e-05,False
GO,D,CTSS2+,0.00013144058885383806,2,77968,0.08214297717877189,1.0796921290585158e-05,1.0796921290585158e-05,False
GO,E,CTS10,0.8242383622137803,2,77968,0.17154572648136324,0.14139456863977196,0.14139456863977196,False
GO,E,CTS15,0.15420506972814102,2,77968,0.17154572648136324,0.026453220713623226,0.026453220713623226,False
GO,E,CTSS7,0.005531874944754763,2,77968,0.17154572648136324,0.000948969506202007,0.000948969506202007,False
GO,E,CTSR3,0.0035903669707535914,2,77968,0.17154572648136324,0.0006159121103326162,0.0006159121103326162,False
GO,E,CTS13,0.0035001998221474125,2,77968,0.17154572648136324,0.0006004443213202163,0.0006004443213202163,False
GO,E,CR10,0.0027882753341558243,2,77968,0.17154572648136324,0.0004783167178278267,0.0004783167178278267,False
GO,E,CTSR5+,0.00136404569747619,2,77968,0.17154572648136324,0.00023399621012733083,0.00023399621012733083,False
GO,E,CTSR2,0.0009668089579645786,2,77968,0.17154572648136324,0.00016585194506272343,0.00016585194506272343,False
GO,E,CR5,0.0009143519365346668,2,77968,0.17154572648136324,0.00015685316721248074,0.00015685316721248074,False
GO,E,CR3,0.0006370480346339933,2,77968,0.17154572648136324,0.00010928286790481304,0.00010928286790481304,False
GO,E,CTS26,0.00041220115416323167,2,77968,0.17154572648136324,7.071134644738798e-05,7.071134644738798e-05,False
GO,E,CTS14,0.0003972367395116114,2,77968,0.17154572648136324,6.814426506460742e-05,6.814426506460742e-05,False
GO,E,CTS16,0.0002923226966517876,2,77968,0.17154572648136324,5.014670936412207e-05,5.014670936412207e-05,False
GO,E,CR10+,0.00020988246581914128,2,77968,0.17154572648136324,3.600444007464448e-05,3.600444007464448e-05,False
GO,E,CTSS7+,0.00020988246581914128,2,77968,0.17154572648136324,3.600444007464448e-05,3.600444007464448e-05,False
GO,E,CR8+,0.0002023730684435842,2,77968,0.17154572648136324,3.47162350464173e-05,3.47162350464173e-05,False
GO,E,CTS12,0.00014991604701367235,2,77968,0.17154572648136324,2.5717457196174628e-05,2.5717457196174628e-05,False
GO,E,CTSR3+,8.994962820820341e-05,2,77968,0.17154572648136324,1.543047431770478e-05,1.543047431770478e-05,False
GO,E,CTSS5,8.994962820820341e-05,2,77968,0.17154572648136324,1.543047431770478e-05,1.543047431770478e-05,False
GO,E,CR12,5.996641880546894e-05,2,77968,0.17154572648136324,1.028698287846985e-05,1.028698287846985e-05,False
GO,E,CTSR4+,5.996641880546894e-05,2,77968,0.17154572648136324,1.028698287846985e-05,1.028698287846985e-05,False
GO,E,CR12+,2.998320940273447e-05,2,77968,0.17154572648136324,5.143491439234925e-06,5.143491439234925e-06,False
GO,E,CR5+,2.998320940273447e-05,2,77968,0.17154572648136324,5.143491439234925e-06,5.143491439234925e-06,False
GO,E,CTS28,2.998320940273447e-05,2,77968,0.17154572648136324,5.143491439234925e-06,5.143491439234925e-06,False
GO,F,CTSR6+,0.5119828592024182,2,77968,0.061708063052465296,0.031593470557444284,0.031593470557444284,False
GO,F,CTSS8,0.28331263395980555,2,77968,0.061708063052465296,0.017482673879951702,0.017482673879951702,False
GO,F,CTS11,0.17631265886299444,2,77968,0.061708063052465296,0.010879912670065465,0.010879912670065465,False
GO,F,CTS22,0.025488396964907033,2,77968,0.061708063052465296,0.0015728396070167482,0.0015728396070167482,False
GO,F,CTSS8+,0.0010131643640751981,2,77968,0.061708063052465296,6.252041046086323e-05,6.252041046086323e-05,False
GO,F,CTSR7,0.00046278706393759126,2,77968,0.061708063052465296,2.855769332132617e-05,2.855769332132617e-05,False
GO,F,CR11,0.00041433521778679977,2,77968,0.061708063052465296,2.5567823744044782e-05,2.5567823744044782e-05,False
GO,F,CTSR7+,0.0003246753246753247,2,77968,0.061708063052465296,2.0035085406644576e-05,2.0035085406644576e-05,False
GO,F,CR6,0.00018138944313440957,2,77968,0.061708063052465296,1.1193191193989713e-05,1.1193191193989713e-05,False
GO,F,CRR1+,0.0001381117392622666,2,77968,0.061708063052465296,8.522607914681594e-06,8.522607914681594e-06,False
GO,F,CTSS9,9.276437847866419e-05,2,77968,0.061708063052465296,5.724310116184165e-06,5.724310116184165e-06,False
GO,F,CTSSS8+,9.276437847866419e-05,2,77968,0.061708063052465296,5.724310116184165e-06,5.724310116184165e-06,False
GO,F,CR11+,4.6382189239332094e-05,2,77968,0.061708063052465296,2.8621550580920823e-06,2.8621550580920823e-06,False
GO,F,CTSSS3+,4.6382189239332094e-05,2,77968,0.061708063052465296,2.8621550580920823e-06,2.8621550580920823e-06,False
GO,F,CR9,4.534736078360239e-05,2,77968,0.061708063052465296,2.7982977984974284e-06,2.7982977984974284e-06,False
GO,F,CTS23,4.534736078360239e-05,2,77968,0.061708063052465296,2.7982977984974284e-06,2.7982977984974284e-06,False
GO,G,CTSS11+,0.5467032967032968,2,77968,0.0033610056128793734,0.0018374728487994378,0.0018374728487994378,False
GO,G,CTSS10+,0.22527472527472528,2,77968,0.0033610056128793734,0.0007571496160882105,0.0007571496160882105,False
GO,G,CRR2+,0.17673992673992672,2,77968,0.0033610056128793734,0.0005940238857927829,0.0005940238857927829,False
GO,G,CTSSS6+,0.038461538461538464,2,77968,0.0033610056128793734,0.0001292694466492067,0.0001292694466492067,False
GO,G,CRR3+,0.01282051282051282,2,77968,0.0033610056128793734,4.308981554973555e-05,4.308981554973555e-05,False
GO,H,CTSS12+,0.9975751235382924,2,77968,0.11380365005209558,0.11352769025982784,0.11352769025982784,False
GO,H,CTSSS7+,0.0013203363750057362,2,77968,0.11380365005209558,0.00015025909877220523,0.00015025909877220523,False
GO,H,CTSR8+,0.001104540086701895,2,77968,0.11380365005209558,0.00012570069349553378,0.00012570069349553378,False
MA,A,C2,1.0,1,2335,0.41133922700372616,0.41133922700372616,0.41133922700372616,False
MA,B,C3,1.0,1,2335,0.1749835610433258,0.1749835610433258,0.1749835610433258,False
MA,C,C7,0.8958333333333334,1,2335,0.0819755972820925,0.07343647256520787,0.07343647256520787,False
MA,C,CTS3,0.0625,1,2335,0.0819755972820925,0.005123474830130781,0.005123474830130781,False
MA,C,CTS2,0.041666666666666664,1,2335,0.0819755972820925,0.003415649886753854,0.003415649886753854,False
MA,D,CTS4,0.9625,1,2335,0.05757287937458903,0.05541389639804194,0.05541389639804194,False
MA,D,CTS19,0.025,1,2335,0.05757287937458903,0.0014393219843647257,0.0014393219843647257,False
MA,D,CTS8,0.0125,1,2335,0.05757287937458903,0.0007196609921823629,0.0007196609921823629,False
MA,E,CTS10,0.7608286252354048,1,2335,0.12237889968583328,0.09310937000579406,0.09310937000579406,False
MA,E,CTS15,0.2297551789077213,1,2335,0.12237889968583328,0.028117185991848703,0.028117185991848703,False
MA,E,CTS13,0.0018832391713747645,1,2335,0.12237889968583328,0.00023046873763810408,0.00023046873763810408,False
MA,E,CTS16,0.0018832391713747645,1,2335,0.12237889968583328,0.00023046873763810408,0.00023046873763810408,False
MA,E,CTS21,0.0018832391713747645,1,2335,0.12237889968583328,0.00023046873763810408,0.00023046873763810408,False
MA,E,CTSS7,0.0018832391713747645,1,2335,0.12237889968583328,0.00023046873763810408,0.00023046873763810408,False
MA,E,CTSS7+,0.0018832391713747645,1,2335,0.12237889968583328,0.00023046873763810408,0.00023046873763810408,False
MA,F,CTSR6+,0.572972972972973,1,2335,0.03623876671293928,0.020763833900386833,0.020763833900386833,False
MA,F,CTSS8,0.25405405405405407,1,2335,0.03623876671293928,0.009206605597341332,0.009206605597341332,False
MA,F,CTS11,0.10270270270270271,1,2335,0.03623876671293928,0.0037218192840316024,0.0037218192840316024,False
MA,F,CTS22,0.03783783783783784,1,2335,0.03623876671293928,0.0013711965783274325,0.0013711965783274325,False
MA,F,CR6,0.02702702702702703,1,2335,0.03623876671293928,0.0009794261273767375,0.0009794261273767375,False
MA,F,CTSS8+,0.005405405405405406,1,2335,0.03623876671293928,0.00019588522547534748,0.00019588522547534748,False
MA,G,CTSS10+,0.6666666666666666,1,2335,0.004018411631475123,0.0026789410876500814,0.0026789410876500814,False
MA,G,CTSSS6+,0.3333333333333333,1,2335,0.004018411631475123,0.0013394705438250407,0.0013394705438250407,False
MA,H,CTSSS7+,0.8461538461538461,1,2335,0.11149265726601885,0.09433994076355441,0.09433994076355441,False
MA,H,CTSS12+,0.1518987341772152,1,2335,0.11149265726601885,0.016935593508762357,0.016935593508762357,False
MA,H,3T6,0.0019474196689386564,1,2335,0.11149265726601885,0.00021712299370208152,0.00021712299370208152,False
MG,A,C2,0.9071334811838665,12,37188,0.2441590516176834,0.2214848504565005,0.22148485045650051,False
MG,A,C1,0.09227335915805591,12,37188,0.2441590516176834,0.022529375861608813,0.022529375861608816,False
MG,A,OU2,0.00042976096526718075,12,37188,0.2441590516176834,0.00010493002970193503,0.00010493002970193504,False
MG,A,OU1,0.0001633986928104575,12,37188,0.2441590516176834,3.9895269872170486e-05,3.989526987217049e-05,False
MG,B,C3,0.9958641708772606,12,37188,0.18381493372849264,0.18305470657238393,0.18305470657238396,False
MG,B,OU5,0.002195053326870546,12,37188,0.18381493372849264,0.0004034835818092167,0.00040348358180921674,False
MG,B,CTS1,0.0013833109252473315,12,37188,0.18381493372849264,0.0002542732060502381,0.00025427320605023813,False
MG,B,OU8,0.00038789047258371766,12,37188,0.18381493372849264,7.130006151188975e-05,7.130006151188976e-05,False
MG,B,C5,0.0001695743980376096,12,37188,0.18381493372849264,3.117030673733224e-05,3.1170306737332245e-05,False
MG,C,C7,0.815807595046821,12,37188,0.15633489750555693,0.12753919675589964,0.12753919675589967,False
MG,C,CTS2,0.14465750989795068,12,37188,0.15633489750555693,0.022615016983305206,0.02261501698330521,False
MG,C,CTS3,0.025882746452944465,12,37188,0.15633489750555693,0.00404637651388339,0.004046376513883391,False
MG,C,OU11,0.011635318989948696,12,37188,0.15633489750555693,0.0018190064017380896,0.0018190064017380898,False
MG,C,CR1,0.0016055742010798193,12,37188,0.15633489750555693,0.00025100727816338,0.00025100727816338006,False
MG,C,CTS7,0.00032467532467532473,12,37188,0.15633489750555693,5.075808360570031e-05,5.0758083605700316e-05,False
MG,C,OU10,8.65800865800866e-05,12,37188,0.15633489750555693,1.3535488961520082e-05,1.3535488961520084e-05,False
MG,D,CTS4,0.8330681266334607,12,37188,0.09715979254136824,0.08094072635653334,0.08094072635653335,False
MG,D,CTS19,0.0653324588569524,12,37188,0.09715979254136824,0.00634768814875897,0.006347688148758971,False
MG,D,CTS8,0.0587623031042498,12,37188,0.09715979254136824,0.005709333178861909,0.00570933317886191,False
MG,D,CTS6,0.02928970858107394,12,37188,0.09715979254136824,0.002845782009334277,0.0028457820093342775,False
MG,D,CTS5,0.011077628143636742,12,37188,0.09715979254136824,0.001076300052286168,0.0010763000522861683,False
MG,D,CR4,0.0007059641260257488,12,37188,0.09715979254136824,6.859132802631009e-05,6.85913280263101e-05,False
MG,D,CTS24,0.0006817190862690876,12,37188,0.09715979254136824,6.623568499339567e-05,6.623568499339568e-05,False
MG,D,CTSR1+,0.000522466039707419,12,37188,0.09715979254136824,5.0762692027883084e-05,5.076269202788309e-05,False
MG,D,CTS18,0.00029612081729345576,12,37188,0.09715979254136824,2.877103717541257e-05,2.8771037175412572e-05,False
MG,D,CTS9,0.00026350461133069827,12,37188,0.09715979254136824,2.5602053370584512e-05,2.5602053370584516e-05,False
MG,E,CTS10,0.7778892819915193,12,37188,0.20798551082571828,0.16178969968085735,0.16178969968085738,False
MG,E,CTS15,0.20083509281375866,12,37188,0.20798551082571828,0.041770789370600137,0.04177078937060014,False
MG,E,CTSS7,0.014449073093542864,12,37188,0.20798551082571828,0.0030051978483186543,0.0030051978483186547,False
MG,E,CTS13,0.0028512851349495262,12,37188,0.20798551082571828,0.0005930259953022543,0.0005930259953022544,False
MG,E,CR10,0.0018252375492029153,12,37188,0.20798551082571828,0.00037962296404925046,0.0003796229640492505,False
MG,E,CR5,0.0008025937647786387,12,37188,0.20798551082571828,0.00016692787415302157,0.0001669278741530216,False
MG,E,CTSS7+,0.00037941102319625613,12,37188,0.20798551082571828,7.891199547238178e-05,7.891199547238179e-05,False
MG,E,CTSR3+,0.00023166475623254514,12,37188,0.20798551082571828,4.818291266534141e-05,4.8182912665341414e-05,False
MG,E,CTS21,0.00019301293186643504,12,37188,0.20798551082571828,4.014389323021005e-05,4.014389323021006e-05,False
MG,E,CTS14,0.00010663822980538523,12,37188,0.20798551082571828,2.2179206699623382e-05,2.2179206699623386e-05,False
MG,E,CTSR5+,8.145975887911372e-05,12,37188,0.20798551082571828,1.6942449562212308e-05,1.694244956221231e-05,False
MG,E,CR8+,5.899397941401586e-05,12,37188,0.20798551082571828,1.2269892944065998e-05,1.2269892944066e-05,False
MG,E,CR12,5.3319114902692615e-05,12,37188,0.20798551082571828,1.1089603349811691e-05,1.1089603349811693e-05,False
MG,E,CTS16,5.3319114902692615e-05,12,37188,0.20798551082571828,1.1089603349811691e-05,1.1089603349811693e-05,False
MG,E,CTSS5,5.3319114902692615e-05,12,37188,0.20798551082571828,1.1089603349811691e-05,1.1089603349811693e-05,False
MG,E,CTS12,3.8651824366110076e-05,12,37188,0.20798551082571828,8.03901943513135e-06,8.039019435131351e-06,False
MG,E,CTSR3,3.8651824366110076e-05,12,37188,0.20798551082571828,8.03901943513135e-06,8.039019435131351e-06,False
MG,E,CTSR4+,3.8651824366110076e-05,12,37188,0.20798551082571828,8.03901943513135e-06,8.039019435131351e-06,False
MG,E,CTSR2,2.0342155047905775e-05,12,37188,0.20798551082571828,4.230873508934646e-06,4.230873508934647e-06,False
MG,F,CTSR6+,0.33354132015270715,12,37188,0.047484975714168105,0.01583820148712287,0.015838201487122873,False
MG,F,CTS11,0.28186083329172595,12,37188,0.047484975714168105,0.013384154823632793,0.013384154823632794,False
MG,F,CTSS8,0.23943457168506863,12,37188,0.047484975714168105,0.011369544821597726,0.011369544821597728,False
MG,F,CTS22,0.07209766381642224,12,37188,0.047484975714168105,0.0034235558153710667,0.003423555815371067,False
MG,F,CR6,0.05398945359075802,12,37188,0.047484975714168105,0.0025636878925783505,0.002563687892578351,False
MG,F,CTSS8+,0.015816381718116373,12,37188,0.047484975714168105,0.0007510405017707684,0.0007510405017707685,False
MG,F,CR11,0.001428404772594895,12,37188,0.047484975714168105,6.782776593667041e-05,6.782776593667042e-05,False
MG,F,CTSSS8+,0.0005449145348653716,12,37188,0.047484975714168105,2.587525345437938e-05,2.5875253454379384e-05,False
MG,F,CR6+,0.0002756135750532928,12,37188,0.047484975714168105,1.3087503917900658e-05,1.308750391790066e-05,False
MG,F,CTSS9,0.0002460245070475469,12,37188,0.047484975714168105,1.1682467742242946e-05,1.1682467742242947e-05,False
MG,F,CTS20,0.00019120458891013384,12,37188,0.047484975714168105,9.079345260835201e-06,9.079345260835203e-06,False
MG,F,CTSR6,0.00019120458891013384,12,37188,0.047484975714168105,9.079345260835201e-06,9.079345260835203e-06,False
MG,F,CTSR7,0.00019120458891013384,12,37188,0.047484975714168105,9.079345260835201e-06,9.079345260835203e-06,False
MG,F,CTSR7+,0.00019120458891013384,12,37188,0.047484975714168105,9.079345260835201e-06,9.079345260835203e-06,False
MG,G,CTSS10+,0.4,12,37188,0.0029636947394418374,0.001185477895776735,0.0011854778957767352,False
MG,G,CTSS11+,0.25,12,37188,0.0029636947394418374,0.0007409236848604594,0.0007409236848604595,False
MG,G,CTSS13+,0.15,12,37188,0.0029636947394418374,0.0004445542109162756,0.00044455421091627566,False
MG,G,CTSSS6+,0.1,12,37188,0.0029636947394418374,0.00029636947394418375,0.0002963694739441838,False
MG,G,CRR3+,0.05,12,37188,0.0029636947394418374,0.00014818473697209188,0.0001481847369720919,False
MG,G,CTSSS5+,0.05,12,37188,0.0029636947394418374,0.00014818473697209188,0.0001481847369720919,False
MG,H,CTSS12+,1.0,12,37188,0.060097143327570594,0.060097143327570594,0.0600971433275706,False
MS,A,C2,0.9037375156054932,5,10486,0.24315133194785565,0.21974498065072165,0.21974498065072165,False
MS,A,OU2,0.08888888888888888,5,10486,0.24315133194785565,0.021613451728698278,0.021613451728698278,False
MS,A,C1,0.007373595505617977,5,10486,0.24315133194785565,0.0017928995684357333,0.0017928995684357333,False
MS,B,C3,0.9945378253171312,5,10486,0.1528433780464765,0.15200852081646687,0.15200852081646687,False
MS,B,CTS1,0.005200223143903564,5,10486,0.1528433780464765,0.0007948196719096889,0.0007948196719096889,False
MS,B,C6,0.00026195153896529146,5,10486,0.1528433780464765,4.003755809992836e-05,4.003755809992836e-05,False
MS,C,C7,0.728501400560224,5,10486,0.11930852068770073,0.08691642441975844,0.08691642441975844,False
MS,C,CR1+,0.1337797619047619,5,10486,0.11930852068770073,0.015961065490809962,0.015961065490809962,False
MS,C,CTS2,0.09083508403361344,5,10486,0.11930852068770073,0.010837399502593404,0.010837399502593404,False
MS,C,CTS7,0.03333333333333333,5,10486,0.11930852068770073,0.003976950689590024,0.003976950689590024,False
MS,C,CTS3,0.013103991596638656,5,10486,0.11930852068770073,0.0015634178524990196,0.0015634178524990196,False
MS,C,CR1,0.0004464285714285714,5,10486,0.11930852068770073,5.3262732449866396e-05,5.3262732449866396e-05,False
MS,D,CTS4,0.6207623982235381,5,10486,0.06508596259210278,0.04040291822936121,0.04040291822936121,False
MS,D,CTS19,0.18379800970474544,5,10486,0.06508596259210278,0.011962670384146005,0.011962670384146005,False
MS,D,CR4,0.14345340899745046,5,10486,0.06508596259210278,0.009336803211717681,0.009336803211717681,False
MS,D,CTS8,0.03154864709268854,5,10486,0.06508596259210278,0.0020533740645061788,0.0020533740645061788,False
MS,D,CTS6,0.013183649971214736,5,10486,0.06508596259210278,0.0008580705488538592,0.0008580705488538592,False
MS,D,CTS5,0.0031088082901554403,5,10486,0.06508596259210278,0.000202339780079076,0.000202339780079076,False
MS,D,CR2,0.002072538860103627,5,10486,0.06508596259210278,0.00013489318671938398,0.00013489318671938398,False
MS,D,CR4+,0.002072538860103627,5,10486,0.06508596259210278,0.00013489318671938398,0.00013489318671938398,False
MS,E,CTS10,0.8049343926207703,5,10486,0.20309843189117702,0.16348091291655545,0.16348091291655545,False
MS,E,CTS15,0.18834333071833909,5,10486,0.20309843189117702,0.03825223512605602,0.03825223512605602,False
MS,E,CR5,0.004607396302591676,5,10486,0.20309843189117702,0.0009357549641575764,0.0009357549641575764,False
MS,E,CTS13,0.0011844331641285958,5,10486,0.20309843189117702,0.0002405565183144229,0.0002405565183144229,False
MS,E,CR5+,0.0005074353498388442,5,10486,0.20309843189117702,0.00010305932383842007,0.00010305932383842007,False
MS,E,CR10,8.460236886632827e-05,5,10486,0.20309843189117702,1.7182608451030207e-05,1.7182608451030207e-05,False
MS,E,CTS21,8.460236886632827e-05,5,10486,0.20309843189117702,1.7182608451030207e-05,1.7182608451030207e-05,False
MS,E,CTSR4+,8.460236886632827e-05,5,10486,0.20309843189117702,1.7182608451030207e-05,1.7182608451030207e-05,False
MS,E,CTSS5,8.460236886632827e-05,5,10486,0.20309843189117702,1.7182608451030207e-05,1.7182608451030207e-05,False
MS,E,CTSS7+,8.460236886632827e-05,5,10486,0.20309843189117702,1.7182608451030207e-05,1.7182608451030207e-05,False
MS,F,CTSR6+,0.46826540056027594,5,10486,0.07887776308331759,0.03693572732550826,0.03693572732550826,False
MS,F,CTSS8,0.3789924699950885,5,10486,0.07887776308331759,0.02989407825863394,0.02989407825863394,False
MS,F,CTS11,0.14524936714250622,5,10486,0.07887776308331759,0.01145694516946842,0.01145694516946842,False
MS,F,CTS22,0.007243307983451472,5,10486,0.07887776308331759,0.0005713359310581881,0.0005713359310581881,False
MS,F,CR11,0.0002494543186778921,5,10486,0.07887776308331759,1.967639864878518e-05,1.967639864878518e-05,False
MS,G,CTSS11+,0.6666666666666666,5,10486,0.0028339316077838654,0.0018892877385225768,0.0018892877385225768,False
MS,G,CTSSS6+,0.3333333333333333,5,10486,0.0028339316077838654,0.0009446438692612884,0.0009446438692612884,False
MS,H,CTSS12+,0.8091118489223542,5,10486,0.13480068014358587,0.10906882754696764,0.10906882754696764,False
MS,H,CTSSS7+,0.19088815107764576,5,10486,0.13480068014358587,0.025731852596618223,0.025731852596618223,False
MT,A,C2,0.8903763397457297,5,31468,0.13760385955507906,0.12251922080553675,0.12251922080553675,False
MT,A,C1,0.0897689387046334,5,31468,0.13760385955507906,0.012352552433920876,0.012352552433920876,False
MT,A,OU2,0.019854721549636804,5,31468,0.13760385955507906,0.0027320863156214243,0.0027320863156214243,False
MT,B,C3,0.985908428669811,5,31468,0.10892522112034307,0.10739029359726915,0.10739029359726915,False
MT,B,OU8,0.00947653429602888,5,31468,0.10892522112034307,0.0010322335936494603,0.0010322335936494603,False
MT,B,CTS1,0.002702702702702703,5,31468,0.10892522112034307,0.00029439248951444074,0.00029439248951444074,False
MT,B,C6,0.0016793492521647861,5,31468,0.10892522112034307,0.00018292348863033212,0.00018292348863033212,False
MT,B,OU4,9.025270758122745e-05,5,31468,0.10892522112034307,9.830796129994863e-06,9.830796129994863e-06,False
MT,B,OU5,9.025270758122745e-05,5,31468,0.10892522112034307,9.830796129994863e-06,9.830796129994863e-06,False
MT,B,C4,5.247966413014957e-05,5,31468,0.10892522112034307,5.716359019697879e-06,5.716359019697879e-06,False
MT,C,C7,0.8665786048075054,5,31468,0.09530956848030019,0.08259323287846393,0.08259323287846393,False
MT,C,CTS2,0.08236739019183996,5,31468,0.09530956848030019,0.007850400416032776,0.007850400416032776,False
MT,C,CTS3,0.04565517513330829,5,31468,0.09530956848030019,0.0043513750408481445,0.0043513750408481445,False
MT,C,CR1+,0.003985402305508892,5,31468,0.09530956848030019,0.000379846973958446,0.000379846973958446,False
MT,C,OU11,0.0007067137809187279,5,31468,0.09530956848030019,6.735658549844536e-05,6.735658549844536e-05,False
MT,C,C9,0.00035335689045936394,5,31468,0.09530956848030019,3.367829274922268e-05,3.367829274922268e-05,False
MT,C,CTSS1,0.00035335689045936394,5,31468,0.09530956848030019,3.367829274922268e-05,3.367829274922268e-05,False
MT,D,CTS4,0.7022097902097902,5,31468,0.07467166979362101,0.052435177580393344,0.052435177580393344,False
MT,D,CTS19,0.25022377622377623,5,31468,0.07467166979362101,0.018684627192694734,0.018684627192694734,False
MT,D,CTS8,0.032013986013986015,5,31468,0.07467166979362101,0.002390537792413965,0.002390537792413965,False
MT,D,CR4+,0.007006993006993006,5,31468,0.07467166979362101,0.0005232238680643933,0.0005232238680643933,False
MT,D,CTS9,0.004545454545454545,5,31468,0.07467166979362101,0.0003394166808800955,0.0003394166808800955,False
MT,D,CR4,0.0012307692307692308,5,31468,0.07467166979362101,9.190359359214894e-05,9.190359359214894e-05,False
MT,D,CTS6,0.0012307692307692308,5,31468,0.07467166979362101,9.190359359214894e-05,9.190359359214894e-05,False
MT,D,CTSS2+,0.0009230769230769232,5,31468,0.07467166979362101,6.892769519411171e-05,6.892769519411171e-05,False
MT,D,CR2+,0.0003076923076923077,5,31468,0.07467166979362101,2.2975898398037234e-05,2.2975898398037234e-05,False
MT,D,CTS5,0.0003076923076923077,5,31468,0.07467166979362101,2.2975898398037234e-05,2.2975898398037234e-05,False
MT,E,CTS10,0.8492646238656227,5,31468,0.25226480836236936,0.214239577588401,0.214239577588401,False
MT,E,CTS15,0.14107240543891614,5,31468,0.25226480836236936,0.03558760332326665,0.03558760332326665,False
MT,E,CTSS7+,0.002950723809199149,5,31468,0.25226480836236936,0.0007443637762579038,0.0007443637762579038,False
MT,E,CTS13,0.0016475645599865574,5,31468,0.25226480836236936,0.0004156225579896403,0.0004156225579896403,False
MT,E,CTS12,0.001078167115902965,5,31468,0.25226480836236936,0.00027198362087587,0.00027198362087587,False
MT,E,CTSS7,0.0010445508790469659,5,31468,0.25226480836236936,0.0002635034273275273,0.0002635034273275273,False
MT,E,CR10,0.0005786796775317637,5,31468,0.25226480836236936,0.00014598051795574807,0.00014598051795574807,False
MT,E,CTS26,0.0005390835579514825,5,31468,0.25226480836236936,0.000135991810437935,0.000135991810437935,False
MT,E,CR5+,0.00039596119580281137,5,31468,0.25226480836236936,9.988707517813082e-05,9.988707517813082e-05,False
MT,E,CTSR3,0.0003044967818319368,5,31468,0.25226480836236936,7.681382231579172e-05,7.681382231579172e-05,False
MT,E,CTSR4+,0.0003044967818319368,5,31468,0.25226480836236936,7.681382231579172e-05,7.681382231579172e-05,False
MT,E,CR3,0.0002771728370619679,5,31468,0.25226480836236936,6.992095262469157e-05,6.992095262469157e-05,False
MT,E,CTSR2,0.00026490066225165563,5,31468,0.25226480836236936,6.682511479797864e-05,6.682511479797864e-05,False
MT,E,CR5,0.00015838447832112454,5,31468,0.25226480836236936,3.9954830071252325e-05,3.9954830071252325e-05,False
MT,E,CR3+,7.919223916056227e-05,5,31468,0.25226480836236936,1.9977415035626162e-05,1.9977415035626162e-05,False
MT,E,CTSR4,3.9596119580281134e-05,5,31468,0.25226480836236936,9.988707517813081e-06,9.988707517813081e-06,False
MT,F,CTSR6+,0.6231101231794385,5,31468,0.08453497721790405,0.05267460006721922,0.05267460006721922,False
MT,F,CTS11,0.24840492892811378,5,31468,0.08453497721790405,0.020998905007753175,0.020998905007753175,False
MT,F,CTSS8,0.09332793378187138,5,31468,0.08453497721790405,0.007889474756044556,0.007889474756044556,False
MT,F,CTSS8+,0.01725265323193792,5,31468,0.08453497721790405,0.0014584526479102708,0.0014584526479102708,False
MT,F,CTS22,0.008756472206077774,5,31468,0.08453497721790405,0.0007402281784499947,0.0007402281784499947,False
MT,F,CR6+,0.008004851425106124,5,31468,0.08453497721790405,0.000676689932854053,0.000676689932854053,False
MT,F,CTSSS8+,0.000625,5,31468,0.08453497721790405,5.2834360761190035e-05,5.2834360761190035e-05,False
MT,F,CR11,0.0002754659921483515,5,31468,0.08453497721790405,2.3286511370568232e-05,2.3286511370568232e-05,False
MT,F,CR11+,0.00012128562765312311,5,31468,0.08453497721790405,1.0252877770515955e-05,1.0252877770515955e-05,False
MT,F,CR6,0.00012128562765312311,5,31468,0.08453497721790405,1.0252877770515955e-05,1.0252877770515955e-05,False
MT,G,CTSS11+,0.975,5,31468,0.0031626909675690163,0.003083623693379791,0.003083623693379791,False
MT,G,CTSS10+,0.025,5,31468,0.0031626909675690163,7.906727418922541e-05,7.906727418922541e-05,False
MT,H,CTSS12+,0.9992338378114096,5,31468,0.24352720450281426,0.24334062316683108,0.24334062316683108,False
MT,H,CTSR8+,0.0004716981132075472,5,31468,0.24352720450281426,0.00011487132287868598,0.00011487132287868598,False
MT,H,CTSSS7+,0.0002944640753828033,5,31468,0.24352720450281426,7.171001310448004e-05,7.171001310448004e-05,False
PA,A,C1,0.6153846153846154,1,12506,0.24093329951813341,0.1482666458573129,0.1482666458573129,False
PA,A,C2,0.38461538461538464,1,12506,0.24093329951813341,0.09266665366082055,0.09266665366082055,False
PA,B,C3,0.9848942598187311,1,12506,0.14836418970327162,0.1461230388014095,0.1461230388014095,False
PA,B,CTS1,0.012084592145015106,1,12506,0.14836418970327162,0.0017929207214896872,0.0017929207214896872,False
PA,B,C6,0.0030211480362537764,1,12506,0.14836418970327162,0.0004482301803724218,0.0004482301803724218,False
PA,C,C7,0.8857142857142857,1,12506,0.07955025784089949,0.07045879980193955,0.07045879980193955,False
PA,C,C9,0.05714285714285714,1,12506,0.07955025784089949,0.004545729019479971,0.004545729019479971,False
PA,C,CTS2,0.05714285714285714,1,12506,0.07955025784089949,0.004545729019479971,0.004545729019479971,False
PA,D,CTS4,0.618421052631579,1,12506,0.09011750781976498,0.05573056404643361,0.05573056404643361,False
PA,D,CTS19,0.35526315789473684,1,12506,0.09011750781976498,0.03201543040965334,0.03201543040965334,False
PA,D,CTSR1,0.02631578947368421,1,12506,0.09011750781976498,0.0023715133636780256,0.0023715133636780256,False
PA,E,CTS10,0.9659090909090909,1,12506,0.18378561163242876,0.1775201930540505,0.1775201930540505,False
PA,E,CTS15,0.03409090909090909,1,12506,0.18378561163242876,0.0062654185783782524,0.0062654185783782524,False
PA,F,CTSR6+,0.8513742071881607,1,12506,0.057993067884013864,0.04937380219216149,0.04937380219216149,False
PA,F,CTSS8,0.10539112050739957,1,12506,0.057993067884013864,0.006111954405957909,0.006111954405957909,False
PA,F,CTS11,0.03646934460887949,1,12506,0.057993067884013864,0.002114969177588243,0.002114969177588243,False
PA,F,CTS22,0.006659619450317125,1,12506,0.057993067884013864,0.0003862117628639401,0.0003862117628639401,False
PA,F,CTSS8+,0.00010570824524312896,1,12506,0.057993067884013864,6.130345442284763e-06,6.130345442284763e-06,False
PA,G,CTSS11+,0.9206349206349206,1,12506,0.0084537999830924,0.007782863476497765,0.007782863476497765,False
PA,G,CTSS10+,0.07936507936507936,1,12506,0.0084537999830924,0.000670936506594635,0.000670936506594635,False
PA,H,CTSS12+,0.9985104270109235,1,12506,0.19080226561839547,0.1905180517172757,0.1905180517172757,False
PA,H,3D6,0.0014895729890764648,1,12506,0.19080226561839547,0.00028421390111975494,0.00028421390111975494,False
PB,A,C2,0.9516267578895354,8,12589,0.578056135467409,0.5500936860730045,0.5500936860730046,False
PB,A,C1,0.04837324211046456,8,12589,0.578056135467409,0.02796244939440447,0.027962449394404475,False
PB,B,C3,0.9828988382489949,8,12589,0.1871182246965128,0.18391828566941681,0.18391828566941684,False
PB,B,OU8,0.01500441306266549,8,12589,0.1871182246965128,0.0028075991348991327,0.002807599134899133,False
PB,B,CTS1,0.0012876871996664566,8,12589,0.1871182246965128,0.00024094974276601136,0.0002409497427660114,False
PB,B,C6,0.0004045307443365696,8,12589,0.1871182246965128,7.56950747154178e-05,7.569507471541781e-05,False
PB,B,OU5,0.0004045307443365696,8,12589,0.1871182246965128,7.56950747154178e-05,7.569507471541781e-05,False
PB,C,C7,0.8550421820549139,8,12589,0.07376478775226165,0.06307200507851139,0.0630720050785114,False
PB,C,CTS2,0.11479946183361082,8,12589,0.07376478775226165,0.008468157936230165,0.008468157936230167,False
PB,C,CTS3,0.019003813224752263,8,12589,0.07376478775226165,0.0014018122490074738,0.001401812249007474,False
PB,C,CR1,0.011154542886722931,8,12589,0.07376478775226165,0.000822812488512617,0.0008228124885126171,False
PB,D,CTS4,0.868283713169978,8,12589,0.06031083275342148,0.05236691380751433,0.052366913807514334,False
PB,D,CTS19,0.051854480905491995,8,12589,0.06031083275342148,0.0031273869254066153,0.0031273869254066157,False
PB,D,CR4,0.023707587978376715,8,12589,0.06031083275342148,0.0014298243735509036,0.0014298243735509039,False
PB,D,CTS6,0.02109131483491817,8,12589,0.06031083275342148,0.001272034761558507,0.0012720347615585072,False
PB,D,CTSS4,0.015625,8,12589,0.06031083275342148,0.0009423567617722106,0.0009423567617722107,False
PB,D,CTS8,0.01282568035174362,8,12589,0.06031083275342148,0.0007735274626428534,0.0007735274626428535,False
PB,D,CTS5,0.0035698398576512456,8,12589,0.06031083275342148,0.00021530001461130221,0.00021530001461130224,False
PB,D,CTS24,0.0012755102040816326,8,12589,0.06031083275342148,7.692708259364985e-05,7.692708259364986e-05,False
PB,D,CR4+,0.0008834363488793157,8,12589,0.06031083275342148,5.3280781885553717e-05,5.328078188555372e-05,False
PB,D,CTSS2+,0.00044483985765124553,8,12589,0.06031083275342148,2.6828662256860087e-05,2.682866225686009e-05,False
PB,D,CTSS4+,0.0004385964912280702,8,12589,0.06031083275342148,2.6452119628693633e-05,2.6452119628693636e-05,False
PB,E,CTS10,0.5433045870251012,8,12589,0.0625531585865615,0.03398541799298746,0.03398541799298747,False
PB,E,CTS15,0.43878874830556003,8,12589,0.0625531585865615,0.027447622158756516,0.02744762215875652,False
PB,E,CTSS7,0.009310855486597682,8,12589,0.0625531585865615,0.000582423419829701,0.0005824234198297012,False
PB,E,CTS13,0.002207839455010221,8,12589,0.0625531585865615,0.0001381073315629219,0.00013810733156292192,False
PB,E,CTSR3,0.0019272307463131238,8,12589,0.0625531585865615,0.00012055437050702211,0.00012055437050702213,False
PB,E,CR10,0.001426189382393762,8,12589,0.0625531585865615,8.921265061134721e-05,8.921265061134723e-05,False
PB,E,CTSS7+,0.0008127517251604843,8,12589,0.0625531585865615,5.0840187555465226e-05,5.084018755546523e-05,False
PB,E,CR5,0.000713094691196881,8,12589,0.0625531585865615,4.4606325305673606e-05,4.460632530567361e-05,False
PB,E,CR5+,0.0006684491978609625,8,12589,0.0625531585865615,4.181360868085662e-05,4.181360868085663e-05,False
PB,E,CTSR3+,0.00031887755102040814,8,12589,0.0625531585865615,1.9946798018673947e-05,1.994679801867395e-05,False
PB,E,CR3,0.00026068821689259646,8,12589,0.0625531585865615,1.630687137293053e-05,1.6306871372930533e-05,False
PB,E,CTSR2,0.00026068821689259646,8,12589,0.0625531585865615,1.630687137293053e-05,1.6306871372930533e-05,False
PB,F,CTSS8,0.45177759179148363,8,12589,0.019639681435088534,0.008872767982296206,0.008872767982296208,False
PB,F,CTSR6+,0.3218676293521941,8,12589,0.019639681435088534,0.006321377704744243,0.006321377704744244,False
PB,F,CTS11,0.19086787175231304,8,12589,0.019639681435088534,0.0037485841974087618,0.003748584197408762,False
PB,F,CRR1+,0.017158880428071625,8,12589,0.019639681435088534,0.00033699494539010227,0.0003369949453901023,False
PB,F,CTS22,0.01059042701484562,8,12589,0.019639681435088534,0.00020799261283312363,0.00020799261283312365,False
PB,F,CR11,0.003318584070796461,8,12589,0.019639681435088534,6.517593396600178e-05,6.51759339660018e-05,False
PB,F,CTSS8+,0.0033128209000302033,8,12589,0.019639681435088534,6.506274712809647e-05,6.506274712809649e-05,False
PB,F,CR13,0.001106194690265487,8,12589,0.019639681435088534,2.1725311322000595e-05,2.17253113220006e-05,False
PB,G,CTSS11+,1.0,8,12589,0.0020876826722338203,0.0020876826722338203,0.0020876826722338207,False
PB,H,CTSS12+,0.9965277777777778,8,12589,0.01646949663651125,0.016412310884301142,0.016412310884301146,False
PB,H,CTSSS7+,0.003472222222222222,8,12589,0.01646949663651125,5.718575221010851e-05,5.7185752210108514e-05,False
PE,A,C1,0.5388899940322259,1,12347,0.4719772271221242,0.25434380510718807,0.2549505753410952,False
PE,A,C2,0.461110005967774,1,12347,0.4719772271221242,0.21763342201493613,0.2181526148544329,False
PE,B,C3,0.9985439720442633,1,12347,0.20714919034952634,0.2068475753373692,0.20734103713651816,False
PE,B,C6,0.0008736167734420501,1,12347,0.20714919034952634,0.00018096900729428625,0.00018140073240290302,False
PE,B,CTS1,0.0005824111822947001,1,12347,0.20714919034952634,0.00012064600486285751,0.00012093382160193535,False
PE,C,C7,0.915702479338843,1,12347,0.09300480657053525,0.08516473196706864,0.08536790351400103,False
PE,C,CTS2,0.07933884297520662,1,12347,0.09300480657053525,0.0073788937444391614,0.007396497055364712,False
PE,C,CTS3,0.0049586776859504135,1,12347,0.09300480657053525,0.0004611808590274476,0.0004622810659602945,False
PE,D,CTS4,0.9360189573459716,1,12347,0.06990526856129545,0.06543265659173389,0.06558875470597182,False
PE,D,CTS6,0.023696682464454978,1,12347,0.06990526856129545,0.0016565229516894656,0.0016604748026828311,False
PE,D,CTS8,0.018957345971563986,1,12347,0.06990526856129545,0.0013252183613515728,0.0013283798421462652,False
PE,D,CTS5,0.009478672985781993,1,12347,0.06990526856129545,0.0006626091806757864,0.0006641899210731326,False
PE,D,CR2,0.0047393364928909965,1,12347,0.06990526856129545,0.0003313045903378932,0.0003320949605365663,False
PE,D,CTS19,0.0047393364928909965,1,12347,0.06990526856129545,0.0003313045903378932,0.0003320949605365663,False
PE,D,CR4,0.0023696682464454982,1,12347,0.06990526856129545,0.0001656522951689466,0.00016604748026828316,False
PE,E,CTS15,0.6260162601626016,1,12347,0.10429791404171916,0.06529219009115753,0.06544795310428547,False
PE,E,CTS10,0.3699186991869919,1,12347,0.10429791404171916,0.03858174869022945,0.03867379047071415,False
PE,E,CTS13,0.003695491500369549,1,12347,0.10429791404171916,0.000385432054847447,0.0003863515531539874,False
PE,E,CR10,0.0003695491500369549,1,12347,0.10429791404171916,3.85432054847447e-05,3.863515531539874e-05,False
PE,F,CTS11,0.425531914893617,1,12347,0.020392925474823836,0.00867784062758461,0.008698542745276015,False
PE,F,CTSS8,0.3723404255319149,1,12347,0.020392925474823836,0.007593110549136534,0.007611224902116513,False
PE,F,CTSR6+,0.20212765957446807,1,12347,0.020392925474823836,0.00412197429810269,0.004131807804006107,False
PE,H,CTSS12+,1.0,1,12347,0.030892715479023752,0.030892715479023752,0.03096641407053981,False
PI,A,C2,0.9686752749880441,9,10571,0.37574234810415713,0.36397232237444777,0.36397232237444777,False
PI,A,OU2,0.02929220468675275,9,10571,0.37574234810415713,0.011006321770148075,0.011006321770148075,False
PI,A,C1,0.0020325203252032522,9,10571,0.37574234810415713,0.000763703959561295,0.000763703959561295,False
PI,B,C3,0.9978721217105263,9,10571,0.20340338053905893,0.2029705629016043,0.2029705629016043,False
PI,B,OU5,0.0013055098684210526,9,10571,0.20340338053905893,0.0002655451205639441,0.0002655451205639441,False
PI,B,OU4,0.0008223684210526315,9,10571,0.20340338053905893,0.00016727251689067346,0.00016727251689067346,False
PI,C,C7,0.9793985547618457,9,10571,0.10541343079031522,0.10324176176852257,0.10324176176852257,False
PI,C,CTS2,0.01468895678598339,9,10571,0.10541343079031522,0.0015484133295411912,0.0015484133295411912,False
PI,C,CTS3,0.005912488452170993,9,10571,0.10541343079031522,0.0006232556922514649,0.0006232556922514649,False
PI,D,CTS4,0.7771128621255917,9,10571,0.06772498857925993,0.0526299597122517,0.0526299597122517,False
PI,D,3I2,0.14285714285714285,9,10571,0.06772498857925993,0.009674998368465705,0.009674998368465705,False
PI,D,CTS19,0.03734136023429873,9,10571,0.06772498857925993,0.0025289431954019126,0.0025289431954019126,False
PI,D,CTS8,0.0266790335931432,9,10571,0.06772498857925993,0.0018068372454013153,0.0018068372454013153,False
PI,D,CTS6,0.012435953880413214,9,10571,0.06772498857925993,0.0008422248345231881,0.0008422248345231881,False
PI,D,CTS18,0.0025974025974025974,9,10571,0.06772498857925993,0.00017590906124483098,0.00017590906124483098,False
PI,D,CTS5,0.0009762447120078099,9,10571,0.06772498857925993,6.611616197129184e-05,6.611616197129184e-05,False
PI,E,CTS10,0.7126021491989766,9,10571,0.12859753312014618,0.09163887848310275,0.09163887848310275,False
PI,E,CTS15,0.2717194149665689,9,10571,0.12859753312014618,0.03494244646555009,0.03494244646555009,False
PI,E,CTSS7+,0.012345679012345678,9,10571,0.12859753312014618,0.001587623865680817,0.001587623865680817,False
PI,E,CTS13,0.0021513328009819363,9,10571,0.12859753312014618,0.0002766560911267314,0.0002766560911267314,False
PI,E,CTSS7,0.0011814240211269816,9,10571,0.12859753312014618,0.0001519282146858133,0.0001519282146858133,False
PI,F,CTSR6+,0.7596655902714922,9,10571,0.030379168570123342,0.023078009023779912,0.023078009023779912,False
PI,F,CTSS8,0.18455124262581002,9,10571,0.030379168570123342,0.005606513309555215,0.005606513309555215,False
PI,F,CTS11,0.04569112470629503,9,10571,0.030379168570123342,0.0013880583796110641,0.0013880583796110641,False
PI,F,CTS22,0.009939207305465896,9,10571,0.030379168570123342,0.0003019448541861499,0.0003019448541861499,False
PI,F,CTSS8+,0.00010189006062458607,9,10571,0.030379168570123342,3.095335327334387e-06,3.095335327334387e-06,False
PI,F,CTSR7+,5.0945030312293034e-05,9,10571,0.030379168570123342,1.5476676636671936e-06,1.5476676636671936e-06,False
PI,G,CTSS11+,0.9705882352941176,9,10571,0.002512562814070352,0.002438663907774165,0.002438663907774165,False
PI,G,CRR2+,0.014705882352941176,9,10571,0.002512562814070352,3.694945314809341e-05,3.694945314809341e-05,False
PI,G,CTSS10+,0.014705882352941176,9,10571,0.002512562814070352,3.694945314809341e-05,3.694945314809341e-05,False
PI,H,CTSS12+,0.9882259470210365,9,10571,0.08622658748286889,0.08521135107365037,0.08521135107365037,False
PI,H,CTSSS7+,0.011774052978963494,9,10571,0.08622658748286889,0.0010152364092185287,0.0010152364092185287,False
PR,A,C2,0.9934763026656993,9,31860,0.1932349647585798,0.19197435833409054,0.19197435833409057,False
PR,A,C1,0.006523697334300752,9,31860,0.1932349647585798,0.0012606064244892468,0.001260606424489247,False
PR,B,C3,0.9991628106063574,9,31860,0.19331730452539359,0.19315546132843733,0.19315546132843736,False
PR,B,CTS1,0.0005184349524123924,9,31860,0.19331730452539359,0.00010022244757211438,0.0001002224475721144,False
PR,B,C6,0.00031875444123028373,9,31860,0.19331730452539359,6.162074938413643e-05,6.162074938413645e-05,False
PR,C,C7,0.8866267164727407,9,31860,0.1717607535735459,0.15228767295979656,0.1522876729597966,False
PR,C,CTS2,0.056624514714829294,9,31860,0.1717607535735459,0.009725869318155419,0.00972586931815542,False
PR,C,CTS3,0.025881673950769908,9,31860,0.1717607535735459,0.004445455821529052,0.004445455821529053,False
PR,C,OU11,0.016831357048748354,9,31860,0.1717607535735459,0.0028909665703584306,0.002890966570358431,False
PR,C,CTS7,0.008662714097496705,9,31860,0.1717607535735459,0.0014879143013782135,0.0014879143013782137,False
PR,C,CR1,0.002768857048748353,9,31860,0.1717607535735459,0.0004755809732304414,0.00047558097323044146,False
PR,C,CR1+,0.0026041666666666665,9,31860,0.1717607535735459,0.00044729362909777575,0.0004472936290977758,False
PR,D,CTS4,0.748149095105566,9,31860,0.1028423687504117,0.07694142511913345,0.07694142511913346,False
PR,D,CTS8,0.09372376760957692,9,31860,0.1028423687504117,0.009638774269182,0.009638774269182002,False
PR,D,CTS19,0.07601703374036785,9,31860,0.1028423687504117,0.007817771815239398,0.0078177718152394,False
PR,D,CTS6,0.03265866301007508,9,31860,0.1028423687504117,0.0033586942641775715,0.003358694264177572,False
PR,D,CTS5,0.02654685936267801,9,31860,0.1028423687504117,0.002730141899741851,0.0027301418997418515,False
PR,D,CR4,0.021543968392054517,9,31860,0.1028423687504117,0.002215632741722885,0.0022156327417228853,False
PR,D,CTSS2,0.0010162601626016261,9,31860,0.1028423687504117,0.00010451460238862978,0.00010451460238862979,False
PR,D,CTS24,0.0003443526170798898,9,31860,0.1028423687504117,3.541403882589935e-05,3.5414038825899354e-05,False
PR,E,CTS10,0.7562183183354669,9,31860,0.2044496409986167,0.15460856370026385,0.15460856370026388,False
PR,E,CTS15,0.2218777921172325,9,31860,0.2044496409986167,0.04536283494393389,0.045362834943933894,False
PR,E,CTS13,0.011444727789825561,9,31860,0.2044496409986167,0.002339870487956728,0.0023398704879567284,False
PR,E,CR5,0.0047292994473728,9,31860,0.2044496409986167,0.0009669035741903252,0.0009669035741903254,False
PR,E,CR10,0.004106487267259952,9,31860,0.2044496409986167,0.0008395698475566877,0.0008395698475566878,False
PR,E,CTSS7+,0.0005727881565033488,9,31860,0.2044496409986167,0.00011710633296536913,0.00011710633296536914,False
PR,E,CTSS7,0.0002855936087171272,9,31860,0.2044496409986167,5.838951077371607e-05,5.8389510773716074e-05,False
PR,E,CTSR3+,0.00024153298129379267,9,31860,0.2044496409986167,4.9381331314841515e-05,4.938133131484152e-05,False
PR,E,CTSR2+,0.00019747235387045816,9,31860,0.2044496409986167,4.037315185596697e-05,4.037315185596698e-05,False
PR,E,CTS21,0.00014974543276430072,9,31860,0.2044496409986167,3.0615399969843775e-05,3.061539996984378e-05,False
PR,E,CR5+,0.00013218188227000354,9,31860,0.2044496409986167,2.702453837662364e-05,2.7024538376623645e-05,False
PR,E,CTSS5+,4.4060627423334514e-05,9,31860,0.2044496409986167,9.008179458874548e-06,9.00817945887455e-06,False
PR,F,CTSS8,0.5029620970225194,9,31860,0.06676108293261314,0.03357829427128143,0.033578294271281436,False
PR,F,CTSR6+,0.3247517787031314,9,31860,0.06676108293261314,0.021680780430513382,0.021680780430513386,False
PR,F,CTS11,0.13310886005861802,9,31860,0.06676108293261314,0.008886491645438994,0.008886491645438995,False
PR,F,CTS22,0.03267139923808898,9,31860,0.06676108293261314,0.0021811779940585723,0.0021811779940585727,False
PR,F,CR6,0.00538805074392968,9,31860,0.06676108293261314,0.0003597121025606173,0.0003597121025606174,False
PR,F,CR11,0.0007264701673185025,9,31860,0.06676108293261314,4.849993508841989e-05,4.8499935088419894e-05,False
PR,F,CTSS8+,0.0003401005572385635,9,31860,0.06676108293261314,2.2705481507231677e-05,2.270548150723168e-05,False
PR,F,CTSR7,3.416233943700464e-05,9,31860,0.06676108293261314,2.2807147763259474e-06,2.280714776325948e-06,False
PR,F,CR9,1.708116971850232e-05,9,31860,0.06676108293261314,1.1403573881629737e-06,1.140357388162974e-06,False
PR,G,CTSS11+,0.8333333333333334,9,31860,0.0025195968645016797,0.0020996640537514,0.0020996640537514003,False
PR,G,CTSS10+,0.16666666666666666,9,31860,0.0025195968645016797,0.00041993281075027993,0.00041993281075028,False
PR,H,CTSS12+,0.9998569794050344,9,31860,0.06511428759633753,0.06510497491218474,0.06510497491218475,False
PR,H,CTSSS7+,0.00014302059496567508,9,31860,0.06511428759633753,9.31268415279427e-06,9.312684152794272e-06,False
RJ,A,C2,0.9768500571645202,5,6833,0.49484309249429304,0.4833875031905181,0.4836934783273902,False
RJ,A,C1,0.023149942835479883,5,6833,0.49484309249429304,0.011455589303774967,0.011462840474899661,False
RJ,B,C3,0.9979177268871926,5,6833,0.16007040897714458,0.1597370986683754,0.15983820922730796,False
RJ,B,CTS1,0.002082273112807464,5,6833,0.16007040897714458,0.00033331030876920266,0.00033352128788362615,False
RJ,C,C7,0.8673773623939738,5,6833,0.12175802414807887,0.10561015383586242,0.10567700306357668,False
RJ,C,CTS2,0.11321480291579959,5,6833,0.12175802414807887,0.013784810707341917,0.013793536231512683,False
RJ,C,CTS3,0.01271585557299843,5,6833,0.12175802414807887,0.001548257449920626,0.0015492374675711155,False
RJ,C,CR1,0.006691979117228286,5,6833,0.12175802414807887,0.0008148021549539212,0.0008153179092902252,False
RJ,D,CTS4,0.8225447356459257,5,6833,0.07673478368491983,0.06311779236095967,0.06315774472842726,False
RJ,D,CTS8,0.058,5,6833,0.07673478368491983,0.00445061745372535,0.004453434610303832,False
RJ,D,CTS6,0.0472583017328875,5,6833,0.07673478368491983,0.0036263555607897943,0.003628650975196944,False
RJ,D,CTS5,0.03867000417188153,5,6833,0.07673478368491983,0.0029673344052242767,0.0029692126717181166,False
RJ,D,CTS19,0.01579730882508609,5,6833,0.07673478368491983,0.0012122030754968562,0.0012129703770913198,False
RJ,D,CR4,0.015062982957552663,5,6833,0.07673478368491983,0.0011558547388974376,0.0011565863730617551,False
RJ,D,CTS18,0.0013333333333333337,5,6833,0.07673478368491983,0.00010231304491322647,0.00010237780713342145,False
RJ,D,CTS24,0.0013333333333333337,5,6833,0.07673478368491983,0.00010231304491322647,0.00010237780713342145,False
RJ,E,CTS10,0.6893245701514996,5,6833,0.12082290492037735,0.08328619699869462,0.08333891558442146,False
RJ,E,CTS15,0.30134878166800133,5,6833,0.12082290492037735,0.03640983519534448,0.03643288193162511,False
RJ,E,CTS13,0.00500578984367422,5,6833,0.12082290492037735,0.0006048140703336409,0.0006051969061883766,False
RJ,E,CR10,0.000827902646628541,5,6833,0.12082290492037735,0.00010002960275692898,0.0001000929196014746,False
RJ,E,CR5,0.0007518796992481202,5,6833,0.12082290492037735,9.084428941381755e-05,9.090179212893528e-05,False
RJ,E,CR5+,0.0007518796992481202,5,6833,0.12082290492037735,9.084428941381755e-05,9.090179212893528e-05,False
RJ,E,CTS21,0.0007518796992481202,5,6833,0.12082290492037735,9.084428941381755e-05,9.090179212893528e-05,False
RJ,E,CTSS7,0.0007518796992481202,5,6833,0.12082290492037735,9.084428941381755e-05,9.090179212893528e-05,False
RJ,E,CTSR3,0.0004854368932038835,5,6833,0.12082290492037735,5.865189559241619e-05,5.868902113178832e-05,False
RJ,F,CTS22,0.32554945054945056,5,6833,0.01212904645342281,0.0039486044086005576,0.003951103800426786,False
RJ,F,CTS11,0.3000457875457876,5,6833,0.01212904645342281,0.003639269295296689,0.0036415728838532675,False
RJ,F,CTSS8,0.22536630036630037,5,6833,0.01212904645342281,0.002733478326178895,0.0027352085662026215,False
RJ,F,CTSR6+,0.13802083333333334,5,6833,0.01212904645342281,0.0016740610990401276,0.0016751207480184941,False
RJ,F,CR11,0.006696428571428571,5,6833,0.01212904645342281,8.12212932148849e-05,8.127270475561428e-05,False
RJ,F,CTSS8+,0.004321199633699634,5,6833,0.01212904645342281,5.24120310916565e-05,5.244520691494768e-05,False
RJ,H,CTSS12+,1.0,5,6833,0.013009158667730135,0.013009158667730135,0.013017393218846323,False
RN,A,C2,0.9989941831531776,11,18342,0.5338315491819834,0.5332946124164508,0.5332946124164509,False
RN,A,C1,0.0010058168468224148,11,18342,0.5338315491819834,0.0005369367655325474,0.0005369367655325475,False
RN,B,C3,0.9999097732476128,11,18342,0.190870531205817,0.1908533095776599,0.19085330957765995,False
RN,B,C5,5.753739930955121e-05,11,18342,0.190870531205817,1.0982193970415248e-05,1.098219397041525e-05,False
RN,B,CTS1,3.268935307770259e-05,11,18342,0.190870531205817,6.239434186715603e-06,6.239434186715605e-06,False
RN,C,C7,0.7649589538566484,11,18342,0.09311250252474247,0.07122724252230153,0.07122724252230155,False
RN,C,CTS3,0.1330990193090451,11,18342,0.09311250252474247,0.01239318277145421,0.012393182771454214,False
RN,C,CTS2,0.09664553931919206,11,18342,0.09311250252474247,0.00899890802386337,0.008998908023863371,False
RN,C,CR1,0.00387992715434968,11,18342,0.09311250252474247,0.0003612697269552015,0.00036126972695520155,False
RN,C,CTSS1,0.0007935074012632608,11,18342,0.09311250252474247,7.388545990352721e-05,7.388545990352722e-05,False
RN,C,CR1+,0.0004153686396677051,11,18342,0.09311250252474247,3.867601350975804e-05,3.8676013509758044e-05,False
RN,C,CTSS1+,0.00020768431983385254,11,18342,0.09311250252474247,1.933800675487902e-05,1.9338006754879022e-05,False
RN,D,CTS4,0.9598309816667911,11,18342,0.06332054130478691,0.06077701732024622,0.060777017320246235,False
RN,D,CTS19,0.019114110220868542,11,18342,0.06332054130478691,0.0012103158057447563,0.0012103158057447565,False
RN,D,CR4,0.008737452487914459,11,18342,0.06332054130478691,0.0005532602211596006,0.0005532602211596007,False
RN,D,CTS6,0.007212607367829483,11,18342,0.06332054130478691,0.0004567062027498572,0.0004567062027498573,False
RN,D,CTS8,0.0028572758264531492,11,18342,0.06332054130478691,0.00018092425198809579,0.0001809242519880958,False
RN,D,CTS5,0.002133961887084808,11,18342,0.06332054130478691,0.00013512362181399462,0.00013512362181399465,False
RN,D,CTSS4,0.00011361054305839582,11,18342,0.06332054130478691,7.193881084388425e-06,7.193881084388427e-06,False
RN,E,CTS10,0.7962838314971635,11,18342,0.07856998586144213,0.06256400938242711,0.06256400938242712,False
RN,E,CTS15,0.19451622148466646,11,18342,0.07856998586144213,0.01528313677187139,0.015283136771871394,False
RN,E,CR5,0.0047814288242581555,11,18342,0.07856998586144213,0.00037567679511945517,0.0003756767951194553,False
RN,E,CTS13,0.0033658371832168475,11,18342,0.07856998586144213,0.00026445377989726395,0.000264453779897264,False
RN,E,CTSS7,0.0009010648318152098,11,18342,0.07856998586144213,7.079665109596377e-05,7.079665109596378e-05,False
RN,E,CTS12,5.89935697009026e-05,11,18342,0.07856998586144213,4.6351239373159185e-06,4.635123937315919e-06,False
RN,E,CR10,4.6311304589450285e-05,11,18342,0.07856998586144213,3.638678546818049e-06,3.63867854681805e-06,False
RN,E,CTSS7+,4.6311304589450285e-05,11,18342,0.07856998586144213,3.638678546818049e-06,3.63867854681805e-06,False
RN,F,CTSS8,0.40791014165807055,11,18342,0.021510805897798423,0.008774475880950214,0.008774475880950216,False
RN,F,CTSR6+,0.30533177580562365,11,18342,0.021510805897798423,0.006567932563784875,0.006567932563784877,False
RN,F,CTS11,0.25442876526722946,11,18342,0.021510805897798423,0.00547296778447989,0.005472967784479891,False
RN,F,CTS22,0.030522088353413655,11,18342,0.021510805897798423,0.000656554718165735,0.0006565547181657352,False
RN,F,CR11,0.0018072289156626504,11,18342,0.021510805897798423,3.887495041770799e-05,3.8874950417707996e-05,False
RN,G,CTSS11+,1.0,11,18342,0.002423752777216724,0.002423752777216724,0.0024237527772167245,False
RN,H,CTSS12+,1.0,11,18342,0.016360331246212886,0.016360331246212886,0.01636033124621289,False
RO,A,C2,0.9949816693098882,8,55831,0.20905172413793102,0.20800263345486886,0.20800263345486886,False
RO,A,C1,0.005018330690111833,8,55831,0.20905172413793102,0.0010490906830621718,0.0010490906830621718,False
RO,B,C3,0.9861448116216337,8,55831,0.15301724137931033,0.15089715867486203,0.15089715867486203,False
RO,B,CTS1,0.011407320607061573,8,55831,0.15301724137931033,0.0017455167308219216,0.0017455167308219216,False
RO,B,C6,0.0022722237432016897,8,55831,0.15301724137931033,0.000347689408981293,0.000347689408981293,False
RO,B,OU8,0.000117096018735363,8,55831,0.15301724137931033,1.7917709763385283e-05,1.7917709763385283e-05,False
RO,B,C4,5.85480093676815e-05,8,55831,0.15301724137931033,8.958854881692642e-06,8.958854881692642e-06,False
RO,C,C7,0.7838899978819548,8,55831,0.08692528735632184,0.06813986332163544,0.06813986332163544,False
RO,C,CTS2,0.11120410192293087,8,55831,0.08692528735632184,0.009666448514852467,0.009666448514852467,False
RO,C,CTS3,0.09595504532366905,8,55831,0.08692528735632184,0.008340919888048819,0.008340919888048819,False
RO,C,CR1,0.004011186464912061,8,55831,0.08692528735632184,0.00034867353610226965,0.00034867353610226965,False
RO,C,CR1+,0.003480207502196288,8,55831,0.08692528735632184,0.00030251803718803937,0.00030251803718803937,False
RO,C,CTS7,0.0009987383644750394,8,55831,0.08692528735632184,8.68156193257757e-05,8.68156193257757e-05,False
RO,C,CTSS1,0.0002595962325409059,8,55831,0.08692528735632184,2.2565477110236794e-05,2.2565477110236794e-05,False
RO,C,CTSS1+,0.00020112630732099757,8,55831,0.08692528735632184,1.7482962058793612e-05,1.7482962058793612e-05,False
RO,D,CTS4,0.6539208361309633,8,55831,0.0668103448275862,0.04368867655185315,0.04368867655185315,False
RO,D,CTS19,0.24688114657231586,8,55831,0.0668103448275862,0.016494214533926275,0.016494214533926275,False
RO,D,CR4,0.0530261333985649,8,55831,0.0668103448275862,0.0035426942572317063,0.0035426942572317063,False
RO,D,CTS8,0.02629437429461891,8,55831,0.0668103448275862,0.0017567362136491082,0.0017567362136491082,False
RO,D,CR4+,0.014455863205251659,8,55831,0.0668103448275862,0.0009658012055232788,0.0009658012055232788,False
RO,D,CTS6,0.0036037531450936536,8,55831,0.0668103448275862,0.0002407679902972053,0.0002407679902972053,False
RO,D,CTS5,0.0008292272388407418,8,55831,0.0668103448275862,5.540095776737714e-05,5.540095776737714e-05,False
RO,D,CTSS4+,0.00035091091231012953,8,55831,0.0668103448275862,2.3444479055202616e-05,2.3444479055202616e-05,False
RO,D,CTSS2,0.00031887755102040814,8,55831,0.0668103448275862,2.130431914144968e-05,2.130431914144968e-05,False
RO,D,CTSS4,0.00021258503401360543,8,55831,0.0668103448275862,1.420287942763312e-05,1.420287942763312e-05,False
RO,D,CR2,0.00010629251700680272,8,55831,0.0668103448275862,7.10143971381656e-06,7.10143971381656e-06,False
RO,E,CTS10,0.7916949318763129,8,55831,0.2122844827586207,0.16806454911598454,0.16806454911598454,False
RO,E,CTS15,0.1533052415902296,8,55831,0.2122844827586207,0.032544323915167275,0.032544323915167275,False
RO,E,CR5,0.018834082948973478,8,55831,0.2122844827586207,0.003998183557055792,0.003998183557055792,False
RO,E,CTS13,0.009097337405199352,8,55831,0.2122844827586207,0.001931223565543397,0.001931223565543397,False
RO,E,CR5+,0.008911514126573913,8,55831,0.2122844827586207,0.0018917761669558846,0.0018917761669558846,False
RO,E,CR10,0.008311617076135008,8,55831,0.2122844827586207,0.0017644273318950395,0.0017644273318950395,False
RO,E,CTSS7+,0.005384286567812311,8,55831,0.2122844827586207,0.0011430004890722256,0.0011430004890722256,False
RO,E,CR10+,0.001904994797796747,8,55831,0.2122844827586207,0.00040440083530814564,0.00040440083530814564,False
RO,E,CTSS7,0.0014072986044292414,8,55831,0.2122844827586207,0.0002987476563281903,0.0002987476563281903,False
RO,E,CTSR5+,0.000240060261135936,8,55831,0.2122844827586207,5.096106836614159e-05,5.096106836614159e-05,False
RO,E,CTS12,0.00017768301350390902,8,55831,0.2122844827586207,3.7719346616670346e-05,3.7719346616670346e-05,False
RO,E,CTSS5,0.00016295488639184833,8,55831,0.2122844827586207,3.459279377068332e-05,3.459279377068332e-05,False
RO,E,CTS21,0.00010607575464937626,8,55831,0.2122844827586207,2.2518236708973193e-05,2.2518236708973193e-05,False
RO,E,CTSR2+,9.887255501301998e-05,8,55831,0.2122844827586207,2.0989109199962215e-05,2.0989109199962215e-05,False
RO,E,CTSR4+,8.163830711559823e-05,8,55831,0.2122844827586207,1.7330545799324195e-05,1.7330545799324195e-05,False
RO,E,CTSR3+,7.678364690473955e-05,8,55831,0.2122844827586207,1.62999767674932e-05,1.62999767674932e-05,False
RO,E,CTSR2,5.922767116796968e-05,8,55831,0.2122844827586207,1.2573115538890116e-05,1.2573115538890116e-05,False
RO,E,CTSS5+,5.170274369226527e-05,8,55831,0.2122844827586207,1.097569020191407e-05,1.097569020191407e-05,False
RO,E,CTS26,3.446849579484351e-05,8,55831,0.2122844827586207,7.317126801276047e-06,7.317126801276047e-06,False
RO,E,CR8+,2.961383558398484e-05,8,55831,0.2122844827586207,6.286557769445058e-06,6.286557769445058e-06,False
RO,E,CTSR4,2.961383558398484e-05,8,55831,0.2122844827586207,6.286557769445058e-06,6.286557769445058e-06,False
RO,F,CTSR6+,0.7164916851672974,8,55831,0.052083333333333336,0.037317275269130076,0.037317275269130076,False
RO,F,CTSS8,0.18983746337054508,8,55831,0.052083333333333336,0.009887367883882557,0.009887367883882557,False
RO,F,CTS11,0.06794320031963191,8,55831,0.052083333333333336,0.003538708349980829,0.003538708349980829,False
RO,F,CTSS8+,0.012790983915848368,8,55831,0.052083333333333336,0.0006661970789504359,0.0006661970789504359,False
RO,F,CTS22,0.01202629272557915,8,55831,0.052083333333333336,0.0006263694127905808,0.0006263694127905808,False
RO,F,CR11+,0.00028571450429937115,8,55831,0.052083333333333336,1.4880963765592248e-05,1.4880963765592248e-05,False
RO,F,CR11,0.00024846778201093256,8,55831,0.052083333333333336,1.2941030313069405e-05,1.2941030313069405e-05,False
RO,F,CR6,0.00014878176301047697,8,55831,0.052083333333333336,7.749050156795677e-06,7.749050156795677e-06,False
RO,F,CR6+,0.00012930686483453397,8,55831,0.052083333333333336,6.734732543465311e-06,6.734732543465311e-06,False
RO,F,CTSSS8+,7.376084108103842e-05,8,55831,0.052083333333333336,3.841710472970751e-06,3.841710472970751e-06,False
RO,F,CTSR6,1.2171372930866602e-05,8,55831,0.052083333333333336,6.339256734826355e-07,6.339256734826355e-07,False
RO,F,CTSS9+,1.2171372930866602e-05,8,55831,0.052083333333333336,6.339256734826355e-07,6.339256734826355e-07,False
RO,G,CTSS11+,0.5125,8,55831,0.0017959770114942528,0.0009204382183908046,0.0009204382183908046,False
RO,G,CTSS10+,0.28125,8,55831,0.0017959770114942528,0.0005051185344827587,0.0005051185344827587,False
RO,G,CRR2+,0.2,8,55831,0.0017959770114942528,0.00035919540229885057,0.00035919540229885057,False
RO,G,CTSSS5+,0.00625,8,55831,0.0017959770114942528,1.122485632183908e-05,1.122485632183908e-05,False
RO,H,CTSS12+,0.9841709953757156,8,55831,0.2180316091954023,0.2145803858452081,0.2145803858452081,False
RO,H,CTSSS7+,0.01565063496183911,8,55831,0.2180316091954023,0.0034123331256596043,0.0034123331256596043,False
RO,H,CTSR8+,0.00017836966244527095,8,55831,0.2180316091954023,3.889022453458314e-05,3.889022453458314e-05,False
RR,A,C2,0.9071710485803598,20,85918,0.33587786259541985,0.304698672805617,0.3046986728056171,False
RR,A,C1,0.09282895141964018,20,85918,0.33587786259541985,0.03117918978980281,0.031179189789802816,False
RR,B,C3,0.993303840013468,20,85918,0.13282442748091602,0.1319350138643843,0.13193501386438433,False
RR,B,CTS1,0.00533231061638422,20,85918,0.13282442748091602,0.0007082611047716446,0.0007082611047716447,False
RR,B,C6,0.0012935917589064487,20,85918,0.13282442748091602,0.0001718205847707802,0.00017182058477078024,False
RR,B,OU8,4.68384074941452e-05,20,85918,0.13282442748091602,6.2212846595276825e-06,6.221284659527684e-06,False
RR,B,C4,2.34192037470726e-05,20,85918,0.13282442748091602,3.1106423297638412e-06,3.110642329763842e-06,False
RR,C,C7,0.8276778245392408,20,85918,0.10687022900763359,0.08845411865304863,0.08845411865304864,False
RR,C,CTS2,0.10959352593025389,20,85918,0.10687022900763359,0.011712285213920263,0.011712285213920265,False
RR,C,CTS3,0.04132319460005587,20,85918,0.10687022900763359,0.004416219270234978,0.004416219270234979,False
RR,C,CR1,0.015906276387766632,20,85918,0.10687022900763359,0.0016999074002193347,0.0016999074002193352,False
RR,C,C9,0.0032221063607924924,20,85918,0.10687022900763359,0.0003443472446648465,0.00034434724466484654,False
RR,C,CR1+,0.0013920830008785155,20,85918,0.10687022900763359,0.00014877222910152075,0.00014877222910152077,False
RR,C,CTS7,0.00039949534579001585,20,85918,0.10687022900763359,4.269415909206276e-05,4.269415909206277e-05,False
RR,C,CTSS1+,0.00038165534220550753,20,85918,0.10687022900763359,4.078759382348935e-05,4.078759382348936e-05,False
RR,C,CTSS1,0.00010383849301636239,20,85918,0.10687022900763359,1.109724352846621e-05,1.1097243528466211e-05,False
RR,D,CTS4,0.5885360810424694,20,85918,0.10229007633587786,0.06020140065625259,0.0602014006562526,False
RR,D,CTS19,0.17588808742312875,20,85918,0.10229007633587786,0.017991605889083398,0.0179916058890834,False
RR,D,CR4,0.09501726043723159,20,85918,0.10229007633587786,0.009719322823350406,0.009719322823350408,False
RR,D,CR4+,0.05874389461591646,20,85918,0.10229007633587786,0.00600891746452886,0.0060089174645288615,False
RR,D,CTS5,0.03772705484068809,20,85918,0.10229007633587786,0.0038591033195818354,0.0038591033195818363,False
RR,D,CTS6,0.028447535626932738,20,85918,0.10229007633587786,0.002909900590846555,0.0029099005908465553,False
RR,D,CTS8,0.011071315492471121,20,85918,0.10229007633587786,0.001132485706863458,0.0011324857068634583,False
RR,D,CR2,0.002607411150841085,20,85918,0.10229007633587786,0.0002667122856585537,0.0002667122856585538,False
RR,D,CTSR1,0.0013850415512465374,20,85918,0.10229007633587786,0.000141676006005371,0.00014167600600537104,False
RR,D,CTSS2+,0.00020479213598197828,20,85918,0.10229007633587786,2.0948203222584038e-05,2.094820322258404e-05,False
RR,D,CTSS4+,0.0001477519630779493,20,85918,0.10229007633587786,1.511355958201924e-05,1.5113559582019243e-05,False
RR,D,CTSS2,0.0001342642320085929,20,85918,0.10229007633587786,1.3733898541336985e-05,1.3733898541336988e-05,False
RR,D,CTSS4,8.95094880057286e-05,20,85918,0.10229007633587786,9.155932360891322e-06,9.155932360891324e-06,False
RR,E,CTS10,0.8381242798301194,20,85918,0.1450381679389313,0.1215600100516967,0.12156001005169673,False
RR,E,CTS15,0.12431225983791536,20,85918,0.1450381679389313,0.018030022419239632,0.018030022419239636,False
RR,E,CR5,0.019539510382706182,20,85918,0.1450381679389313,0.002833974788331431,0.0028339747883314313,False
RR,E,CTS13,0.00470721525492301,20,85918,0.1450381679389313,0.0006827258766682227,0.0006827258766682228,False
RR,E,CR10,0.0036682894421378523,20,85918,0.1450381679389313,0.0005320419801573984,0.0005320419801573985,False
RR,E,CR5+,0.003607340693364608,20,85918,0.1450381679389313,0.0005232020852971569,0.000523202085297157,False
RR,E,CTSS7,0.0024810403459760997,20,85918,0.1450381679389313,0.00035984554636294574,0.0003598455463629458,False
RR,E,CTSS7+,0.0021537146271249246,20,85918,0.1450381679389313,0.0003123708237814776,0.0003123708237814777,False
RR,E,CR10+,0.0007619979191186988,20,85918,0.1450381679389313,0.00011051878216225402,0.00011051878216225405,False
RR,E,CTSS5,0.00010791699729178208,20,85918,0.1450381679389313,1.5652083576670682e-05,1.5652083576670685e-05,False
RR,E,CR3,9.940357852882703e-05,20,85918,0.1450381679389313,1.4417312916394759e-05,1.4417312916394762e-05,False
RR,E,CTSR5+,9.60241044543744e-05,20,85918,0.1450381679389313,1.3927160188039036e-05,1.3927160188039039e-05,False
RR,E,CTS12,7.107320540156361e-05,20,85918,0.1450381679389313,1.0308327500990142e-05,1.0308327500990144e-05,False
RR,E,CTS26,5.6522441052980134e-05,20,85918,0.1450381679389313,8.197911297760477e-06,8.197911297760479e-06,False
RR,E,CTS21,4.2430301859750505e-05,20,85918,0.1450381679389313,6.154013246834043e-06,6.154013246834044e-06,False
RR,E,CTSR2+,3.9549022005207996e-05,20,85918,0.1450381679389313,5.736117695411846e-06,5.736117695411848e-06,False
RR,E,CTSR4+,3.265532284623929e-05,20,85918,0.1450381679389313,4.736268199072874e-06,4.736268199072875e-06,False
RR,E,CTSR3+,3.071345876189582e-05,20,85918,0.1450381679389313,4.454623789893286e-06,4.454623789893287e-06,False
RR,E,CTSR2,2.3691068467187873e-05,20,85918,0.1450381679389313,3.4361091669967143e-06,3.436109166996715e-06,False
RR,E,CTSS5+,2.0681097476906108e-05,20,85918,0.1450381679389313,2.9995484890169164e-06,2.9995484890169172e-06,False
RR,E,CR8+,1.1845534233593936e-05,20,85918,0.1450381679389313,1.7180545834983571e-06,1.7180545834983576e-06,False
RR,E,CTSR4,1.1845534233593936e-05,20,85918,0.1450381679389313,1.7180545834983571e-06,1.7180545834983576e-06,False
RR,F,CTSR6+,0.6754696498113455,20,85918,0.06564885496183206,0.044343809071584514,0.04434380907158452,False
RR,F,CTSS8,0.21333756358008624,20,85918,0.06564885496183206,0.014005366769379708,0.014005366769379711,False
RR,F,CTS11,0.07172054380464783,20,85918,0.06564885496183206,0.004708371578015048,0.004708371578015049,False
RR,F,CTS22,0.019575345853220877,20,85918,0.06564885496183206,0.001285099040745798,0.0012850990407457983,False
RR,F,CR11,0.013782947720627384,20,85918,0.06564885496183206,0.000904834735857981,0.0009048347358579812,False
RR,F,CTSS8+,0.005391241030106846,20,85918,0.06564885496183206,0.0003539288004497624,0.00035392880044976245,False
RR,F,CR6,0.0005066555868803692,20,85918,0.06564885496183206,3.326135913871126e-05,3.326135913871127e-05,False
RR,F,CR11+,0.0001203008439155247,20,85918,0.06564885496183206,7.897612653996278e-06,7.89761265399628e-06,False
RR,F,CR6+,5.444499571980378e-05,20,85918,0.06564885496183206,3.5742516274069657e-06,3.5742516274069665e-06,False
RR,F,CTSSS8+,3.1057196244647754e-05,20,85918,0.06564885496183206,2.038869371786036e-06,2.0388693717860365e-06,False
RR,F,CTSR6,5.124788602470148e-06,20,85918,0.06564885496183206,3.364365036736128e-07,3.3643650367361283e-07,False
RR,F,CTSS9+,5.124788602470148e-06,20,85918,0.06564885496183206,3.364365036736128e-07,3.3643650367361283e-07,False
RR,G,CTSS10+,0.49840167548500885,20,85918,0.0061068702290076335,0.0030436743541069245,0.0030436743541069253,False
RR,G,CTSS11+,0.3870149911816579,20,85918,0.0061068702290076335,0.0023634503278269184,0.002363450327826919,False
RR,G,CRR2+,0.11111111111111112,20,85918,0.0061068702290076335,0.0006785411365564037,0.0006785411365564038,False
RR,G,CTSSS5+,0.0034722222222222225,20,85918,0.0061068702290076335,2.1204410517387616e-05,2.120441051738762e-05,False
RR,H,CTSS12+,0.9922775348797773,20,85918,0.10534351145038168,0.10452999985756432,0.10452999985756435,False
RR,H,CTSSS7+,0.006759246926893525,20,85918,0.10534351145038168,0.0007120428060391652,0.0007120428060391653,False
RR,H,3D6,0.0008881151775627289,20,85918,0.10534351145038168,9.355717137683709e-05,9.355717137683712e-05,False
RR,H,CTSR8+,7.510301576642987e-05,20,85918,0.10534351145038168,7.911615401349101e-06,7.911615401349103e-06,False
RS,A,C2,0.9876949340561515,2,64407,0.2825763762380384,0.27909925529425555,0.27909925529425555,False
RS,A,C1,0.012255790295873798,2,64407,0.2825763762380384,0.0034631968097413343,0.0034631968097413343,False
RS,A,OU2,4.927564797477088e-05,2,64407,0.2825763762380384,1.392413404149199e-05,1.392413404149199e-05,False
RS,B,C3,0.9200856727661894,2,64407,0.21536109889649685,0.19815066156584915,0.19815066156584915,False
RS,B,CTS1,0.07946101807696575,2,64407,0.21536109889649685,0.017112812172489743,0.017112812172489743,False
RS,B,C4,0.0004533091568449683,2,64407,0.21536109889649685,9.762515815797683e-05,9.762515815797683e-05,False
RS,C,C7,0.63505824473666,2,64407,0.15744288795359843,0.09998540407008284,0.09998540407008284,False
RS,C,CTS2,0.28015097598249195,2,64407,0.15744288795359843,0.044107778721702726,0.044107778721702726,False
RS,C,CTS3,0.07590767415467402,2,64407,0.15744288795359843,0.0119511234367526,0.0119511234367526,False
RS,C,CTS7,0.00888310512617404,2,64407,0.15744288795359843,0.0013985817250602552,0.0013985817250602552,False
RS,D,CTS4,0.556526175642918,2,64407,0.08660510501078376,0.048198007882804796,0.048198007882804796,False
RS,D,CTS19,0.14343482397716464,2,64407,0.08660510501078376,0.012422187992745628,0.012422187992745628,False
RS,D,CTS8,0.11176130422649809,2,64407,0.08660510501078376,0.009679099488678018,0.009679099488678018,False
RS,D,CTS6,0.09303523818809616,2,64407,0.08660510501078376,0.008057326572983347,0.008057326572983347,False
RS,D,CTS5,0.08776682479751743,2,64407,0.08660510501078376,0.007601055078052058,0.007601055078052058,False
RS,D,CR4,0.007118830123086545,2,64407,0.08660510501078376,0.000616527030363841,0.000616527030363841,False
RS,D,CR2,0.000356803044719315,2,64407,0.08660510501078376,3.090096515608365e-05,3.090096515608365e-05,False
RS,E,CTS10,0.8468431859486483,2,64407,0.17084406474443536,0.14467813208859479,0.14467813208859479,False
RS,E,CTS15,0.13162642954998272,2,64407,0.17084406474443536,0.02248759425211611,0.02248759425211611,False
RS,E,CTS13,0.010580591843568035,2,64407,0.17084406474443536,0.0018076313179569822,0.0018076313179569822,False
RS,E,CTSS5,0.007103680697812727,2,64407,0.17084406474443536,0.0012136216850609134,0.0012136216850609134,False
RS,E,CR5,0.001986898660554259,2,64407,0.17084406474443536,0.0003394498434043637,0.0003394498434043637,False
RS,E,CR10,0.0006983240223463687,2,64407,0.17084406474443536,0.00011930451448633755,0.00011930451448633755,False
RS,E,CR8+,0.0005237430167597765,2,64407,0.17084406474443536,8.947838586475315e-05,8.947838586475315e-05,False
RS,E,CTSR2,0.00026432300270931076,2,64407,0.17084406474443536,4.515801618831305e-05,4.515801618831305e-05,False
RS,E,CR3,0.0001982422520319831,2,64407,0.17084406474443536,3.386851214123479e-05,3.386851214123479e-05,False
RS,E,CTSR4+,0.00017458100558659218,2,64407,0.17084406474443536,2.9826128621584387e-05,2.9826128621584387e-05,False
RS,F,CTSS8,0.7158790175335262,2,64407,0.04568963712125971,0.03270825253383073,0.03270825253383073,False
RS,F,CTS11,0.10203123715209816,2,64407,0.04568963712125971,0.004661770200512557,0.004661770200512557,False
RS,F,CTSR6+,0.09217051657897553,2,64407,0.04568963712125971,0.004211237455772444,0.004211237455772444,False
RS,F,CTS22,0.06614387998636209,2,64407,0.04568963712125971,0.0030220898743690367,0.0030220898743690367,False
RS,F,CR11,0.018163471241170535,2,64407,0.04568963712125971,0.0008298824098715184,0.0008298824098715184,False
RS,F,CR6,0.004602795772246846,2,64407,0.04568963712125971,0.00021030006857722676,0.00021030006857722676,False
RS,F,CTSS8+,0.0009081735620585267,2,64407,0.04568963712125971,4.149412049357592e-05,4.149412049357592e-05,False
RS,F,CTSSS8+,0.00010090817356205853,2,64407,0.04568963712125971,4.610457832619547e-06,4.610457832619547e-06,False
RS,G,CTSS11+,0.8356973995271868,2,64407,0.006135226249555039,0.0051271926222640814,0.0051271926222640814,False
RS,G,CTSS10+,0.10874704491725767,2,64407,0.006135226249555039,0.0006671877245379001,0.0006671877245379001,False
RS,G,CRR2+,0.05555555555555555,2,64407,0.006135226249555039,0.0003408459027530577,0.0003408459027530577,False
RS,H,CTSS12+,0.9984615384615385,2,64407,0.035345603785832444,0.03529122593385424,0.03529122593385424,False
RS,H,CTSR8+,0.0015384615384615385,2,64407,0.035345603785832444,5.437785197820376e-05,5.437785197820376e-05,False
SC,A,C2,0.9948466220856536,8,27021,0.2284700732130727,0.22729268058368732,0.22729268058368732,False
SC,A,OU2,0.0035046728971962616,8,27021,0.2284700732130727,0.0008007128734103015,0.0008007128734103015,False
SC,A,C1,0.0016487050171501657,8,27021,0.2284700732130727,0.00037667975597505864,0.00037667975597505864,False
SC,B,C3,0.9997926171712982,8,27021,0.21991596850076736,0.21987036170514299,0.21987036170514299,False
SC,B,C6,0.00015553712152633763,8,27021,0.21991596850076736,3.420509671828609e-05,3.420509671828609e-05,False
SC,B,CTS1,5.184570717544587e-05,8,27021,0.21991596850076736,1.1401698906095363e-05,1.1401698906095363e-05,False
SC,C,C7,0.9262838873676653,8,27021,0.16670440536392683,0.15441560464181323,0.15441560464181323,False
SC,C,CTS2,0.047868388247819554,8,27021,0.16670440536392683,0.007979871198582343,0.007979871198582343,False
SC,C,CTS3,0.02268287631664409,8,27021,0.16670440536392683,0.003781335408309652,0.003781335408309652,False
SC,C,CR1,0.003164848067871024,8,27021,0.16670440536392683,0.0005275941152216118,0.0005275941152216118,False
SC,D,CTS4,0.619852399373676,8,27021,0.09213273957782978,0.057108699688187825,0.057108699688187825,False
SC,D,CTS19,0.1725211844892696,8,27021,0.09213273957782978,0.015894849362208602,0.015894849362208602,False
SC,D,CTS8,0.07835659021829235,8,27021,0.09213273957782978,0.007219207320788653,0.007219207320788653,False
SC,D,CR4,0.06491180805010592,8,27021,0.09213273957782978,0.005980502706606483,0.005980502706606483,False
SC,D,CTS6,0.04210071843050567,8,27021,0.09213273957782978,0.003878854527197317,0.003878854527197317,False
SC,D,CTS5,0.021370774615455466,8,27021,0.09213273957782978,0.001968948012222254,0.001968948012222254,False
SC,D,CTS18,0.0004432624113475177,8,27021,0.09213273957782978,4.0838980309321706e-05,4.0838980309321706e-05,False
SC,D,CTS24,0.0004432624113475177,8,27021,0.09213273957782978,4.0838980309321706e-05,4.0838980309321706e-05,False
SC,E,CTS10,0.7881294440215965,8,27021,0.19299569778851233,0.15210559199662027,0.15210559199662027,False
SC,E,CTS15,0.17397218257418384,8,27021,0.19299569778851233,0.03357588277169508,0.03357588277169508,False
SC,E,CR5,0.030960676193831072,8,27021,0.19299569778851233,0.00597527730603261,0.00597527730603261,False
SC,E,CTS13,0.003209164539834057,8,27021,0.19299569778851233,0.0006193549496834238,0.0006193549496834238,False
SC,E,CTSS7+,0.0010775862068965517,8,27021,0.19299569778851233,0.0002079695019272762,0.0002079695019272762,False
SC,E,CTS14,0.000984251968503937,8,27021,0.19299569778851233,0.00018995639546113419,0.00018995639546113419,False
SC,E,CR10,0.0008977006248423053,8,27021,0.19299569778851233,0.00017325235849662422,0.00017325235849662422,False
SC,E,CTSS7,0.0006145457648752541,8,27021,0.19299569778851233,0.00011860468871507471,0.00011860468871507471,False
SC,E,CR10+,2.5741350906095552e-05,8,27021,0.19299569778851233,4.9679699801408655e-06,4.9679699801408655e-06,False
SC,E,CR5+,2.5741350906095552e-05,8,27021,0.19299569778851233,4.9679699801408655e-06,4.9679699801408655e-06,False
SC,E,CR8+,2.5741350906095552e-05,8,27021,0.19299569778851233,4.9679699801408655e-06,4.9679699801408655e-06,False
SC,E,CTS26,2.5741350906095552e-05,8,27021,0.19299569778851233,4.9679699801408655e-06,4.9679699801408655e-06,False
SC,E,CTSR2,2.5741350906095552e-05,8,27021,0.19299569778851233,4.9679699801408655e-06,4.9679699801408655e-06,False
SC,E,CTSS5,2.5741350906095552e-05,8,27021,0.19299569778851233,4.9679699801408655e-06,4.9679699801408655e-06,False
SC,F,CTSS8,0.5306398458302233,8,27021,0.050720809117669255,0.026914482330584195,0.026914482330584195,False
SC,F,CR6,0.15225126957200757,8,27021,0.050720809117669255,0.007722307581884602,0.007722307581884602,False
SC,F,CTS11,0.1273588321454133,8,27021,0.050720809117669255,0.006459743014696787,0.006459743014696787,False
SC,F,CTSR6+,0.11188649450678351,8,27021,0.050720809117669255,0.005674973530723716,0.005674973530723716,False
SC,F,CTS22,0.04036996402838833,8,27021,0.050720809117669255,0.0020475972395710587,0.0020475972395710587,False
SC,F,CTSS8+,0.022914568251649503,8,27021,0.050720809117669255,0.0011622454423057186,0.0011622454423057186,False
SC,F,CR11,0.011640948334758712,8,27021,0.050720809117669255,0.0005904383184359464,0.0005904383184359464,False
SC,F,CTSSS8+,0.0028964337994043716,8,27021,0.050720809117669255,0.00014690946586155465,0.00014690946586155465,False
SC,F,CTSR6,4.16435313714603e-05,8,27021,0.050720809117669255,2.1121936056775093e-06,2.1121936056775093e-06,False
SC,G,CTSS11+,0.44230769230769235,8,27021,0.0044028480136865675,0.0019474135445152127,0.0019474135445152127,False
SC,G,CRR2+,0.2692307692307693,8,27021,0.0044028480136865675,0.0011853821575309991,0.0011853821575309991,False
SC,G,CTSS10+,0.25000000000000006,8,27021,0.0044028480136865675,0.001100712003421642,0.001100712003421642,False
SC,G,CTSSS6+,0.03846153846153847,8,27021,0.0044028480136865675,0.00016934030821871417,0.00016934030821871417,False
SC,H,CTSS12+,0.999949359396364,8,27021,0.04465745842453518,0.044655196943883715,0.044655196943883715,False
SC,H,CTSSS7+,5.064060363599534e-05,8,27021,0.04465745842453518,2.261480651467827e-06,2.261480651467827e-06,False
SE,A,C2,0.9662182505423073,2,10124,0.48905506458191705,0.472533928919195,0.472533928919195,False
SE,A,C1,0.033515130190007035,2,10124,0.48905506458191705,0.016390744159545247,0.016390744159545247,False
SE,A,OU2,0.0002666192676857448,2,10124,0.48905506458191705,0.00013039150317683534,0.00013039150317683534,False
SE,B,C3,0.9929742388758782,2,10124,0.19959211420802175,0.19818982769133775,0.19818982769133775,False
SE,B,C6,0.006088992974238876,2,10124,0.19959211420802175,0.0012153149811261277,0.0012153149811261277,False
SE,B,CTS1,0.000936768149882904,2,10124,0.19959211420802175,0.00018697153555786582,0.00018697153555786582,False
SE,C,C7,0.8902777777777777,2,10124,0.08456832087015635,0.07528929677468085,0.07528929677468085,False
SE,C,CTS2,0.10277777777777777,2,10124,0.08456832087015635,0.008691744089432735,0.008691744089432735,False
SE,C,CR1,0.005208333333333333,2,10124,0.08456832087015635,0.00044046000453206433,0.00044046000453206433,False
SE,C,CTS3,0.001736111111111111,2,10124,0.08456832087015635,0.0001468200015106881,0.0001468200015106881,False
SE,D,CTS4,0.7411255411255411,2,10124,0.06838885112168593,0.050684724294513546,0.050684724294513546,False
SE,D,CR4,0.1614718614718615,2,10124,0.06838885112168593,0.01104287509454063,0.01104287509454063,False
SE,D,CTS6,0.032467532467532464,2,10124,0.06838885112168593,0.0022204172442105816,0.0022204172442105816,False
SE,D,CTS19,0.030303030303030304,2,10124,0.06838885112168593,0.0020723894279298764,0.0020723894279298764,False
SE,D,CTS8,0.01904761904761905,2,10124,0.06838885112168593,0.0013026447832702082,0.0013026447832702082,False
SE,D,CTS5,0.006493506493506494,2,10124,0.06838885112168593,0.0004440834488421164,0.0004440834488421164,False
SE,D,CR2,0.006060606060606061,2,10124,0.06838885112168593,0.00041447788558597533,0.00041447788558597533,False
SE,D,CTSS4,0.0030303030303030303,2,10124,0.06838885112168593,0.00020723894279298766,0.00020723894279298766,False
SE,E,CTS10,0.6742957746478874,2,10124,0.1089055064581917,0.07343452284064687,0.07343452284064687,False
SE,E,CTS15,0.2927565392354125,2,10124,0.1089055064581917,0.03188279917438007,0.03188279917438007,False
SE,E,CTSS7,0.01483903420523139,2,10124,0.1089055064581917,0.0016160525354711548,0.0016160525354711548,False
SE,E,CTS13,0.010814889336016098,2,10124,0.1089055064581917,0.0011778010004281298,0.0011778010004281298,False
SE,E,CR10,0.004527162977867204,2,10124,0.1089055064581917,0.0004930329769234032,0.0004930329769234032,False
SE,E,CTSS7+,0.0027665995975855134,2,10124,0.1089055064581917,0.0003012979303420797,0.0003012979303420797,False
SE,F,CTSS8,0.41169871794871793,2,10124,0.018626784500339905,0.00766862329829699,0.00766862329829699,False
SE,F,CTSR6+,0.40544871794871795,2,10124,0.018626784500339905,0.0075522058951698655,0.0075522058951698655,False
SE,F,CTS11,0.1123397435897436,2,10124,0.018626784500339905,0.0020925281946695953,0.0020925281946695953,False
SE,F,CTS22,0.05913461538461538,2,10124,0.018626784500339905,0.0011014877372797155,0.0011014877372797155,False
SE,F,CR11,0.008814102564102564,2,10124,0.018626784500339905,0.00016417838902543186,0.00016417838902543186,False
SE,F,CTSS8+,0.002564102564102564,2,10124,0.018626784500339905,4.776098589830745e-05,4.776098589830745e-05,False
SE,G,CTSS11+,1.0,2,10124,0.0017675050985723998,0.0017675050985723998,0.0017675050985723998,False
SE,H,CTSS12+,0.9539877300613497,2,10124,0.029095853161114887,0.027757086911370337,0.027757086911370337,False
SE,H,CTSSS7+,0.046012269938650305,2,10124,0.029095853161114887,0.00133876624974455,0.00133876624974455,False
SP,A,C2,0.8617777258532523,19,53636,0.3042719862991976,0.2622148203937745,0.2622148203937745,False
SP,A,C1,0.13784764699427765,19,53636,0.3042719862991976,0.041943177357619474,0.041943177357619474,False
SP,A,OU2,0.0002714279780634826,19,53636,0.3042719862991976,8.258793002255089e-05,8.258793002255089e-05,False
SP,A,OU1,0.00010319917440660476,19,53636,0.3042719862991976,3.140061778113495e-05,3.140061778113495e-05,False
SP,B,C3,0.9968399307875311,19,53636,0.2148361929529669,0.2141572957138922,0.2141572957138922,False
SP,B,CTS1,0.0014216366666844895,19,53636,0.2148361929529669,0.0003054190092328417,0.0003054190092328417,False
SP,B,OU5,0.0013863494696024503,19,53636,0.2148361929529669,0.0002978380421517553,0.0002978380421517553,False
SP,B,OU8,0.0002449834563686639,19,53636,0.2148361929529669,5.2631313102703024e-05,5.2631313102703024e-05,False
SP,B,C5,0.00010709961981322714,19,53636,0.2148361929529669,2.3008874587383862e-05,2.3008874587383862e-05,False
SP,C,C7,0.8365457971712802,19,53636,0.17167232247629316,0.14361175985817573,0.14361175985817573,False
SP,C,CTS2,0.1250327283369959,19,53636,0.17167232247629316,0.02146465885915952,0.02146465885915952,False
SP,C,CTS3,0.02444203010694092,19,53636,0.17167232247629316,0.004196020074494028,0.004196020074494028,False
SP,C,OU11,0.0068443052882051145,19,53636,0.17167232247629316,0.001174977784562947,0.001174977784562947,False
SP,C,CR1,0.00291268456452586,19,53636,0.17167232247629316,0.000500027323833005,0.000500027323833005,False
SP,C,CTS17,0.002653693056169836,19,53636,0.17167232247629316,0.00045556565009188804,0.00045556565009188804,False
SP,C,CTS7,0.0012229772291691796,19,53636,0.17167232247629316,0.00020995134126709487,0.00020995134126709487,False
SP,C,C9,0.0002948547840188707,19,53636,0.17167232247629316,5.061840556576534e-05,5.061840556576534e-05,False
SP,C,OU10,5.0929462694168576e-05,19,53636,0.17167232247629316,8.74317914317765e-06,8.74317914317765e-06,False
SP,D,CTS4,0.8288463988447788,19,53636,0.10954298943896483,0.09079431231517764,0.09079431231517764,False
SP,D,CTS8,0.05601708284050866,19,53636,0.10954298943896483,0.006136278713999458,0.006136278713999458,False
SP,D,CTS19,0.049431215127989064,19,53636,0.10954298943896483,0.005414843076720505,0.005414843076720505,False
SP,D,CTS6,0.03570391749799599,19,53636,0.10954298943896483,0.003911113857412647,0.003911113857412647,False
SP,D,CTS5,0.020049111913239163,19,53636,0.10954298943896483,0.0021962396545725815,0.0021962396545725815,False
SP,D,CR4,0.004749938881092066,19,53636,0.10954298943896483,0.0005203225046871966,0.0005203225046871966,False
SP,D,CTSS4,0.0026447605774629086,19,53636,0.10954298943896483,0.0002897149800056099,0.0002897149800056099,False
SP,D,CTS24,0.0008541536921351083,19,53636,0.10954298943896483,9.356654887680899e-05,9.356654887680899e-05,False
SP,D,CTS18,0.0005513330920497044,19,53636,0.10954298943896483,6.0394675079752595e-05,6.0394675079752595e-05,False
SP,D,CTSR1+,0.00031928480204342275,19,53636,0.10954298943896483,3.4975411698264635e-05,3.4975411698264635e-05,False
SP,D,CTS9,0.0002953850227915735,19,53636,0.10954298943896483,3.235735843208572e-05,3.235735843208572e-05,False
SP,D,CR7,0.0002687088539567379,19,53636,0.10954298943896483,2.943517115113928e-05,2.943517115113928e-05,False
SP,D,CR2,0.00013435442697836894,19,53636,0.10954298943896483,1.471758557556964e-05,1.471758557556964e-05,False
SP,D,CR2+,6.717721348918447e-05,19,53636,0.10954298943896483,7.35879278778482e-06,7.35879278778482e-06,False
SP,D,CTSS4+,6.717721348918447e-05,19,53636,0.10954298943896483,7.35879278778482e-06,7.35879278778482e-06,False
SP,E,CTS10,0.7499261874320096,19,53636,0.14576131426215472,0.10931022667969668,0.10931022667969668,False
SP,E,CTS15,0.23399759173935042,19,53636,0.14576131426215472,0.03410779650610683,0.03410779650610683,False
SP,E,CTSS7,0.009038844584734007,19,53636,0.14576131426215472,0.001317513866082189,0.001317513866082189,False
SP,E,CTS13,0.0035035566883148146,19,53636,0.14576131426215472,0.0005106830274807298,0.0005106830274807298,False
SP,E,CR10,0.0013863057388561997,19,53636,0.14576131426215472,0.00020206974646484713,0.00020206974646484713,False
SP,E,CR5,0.0006993294393780904,19,53636,0.14576131426215472,0.00010193517818596631,0.00010193517818596631,False
SP,E,CTS21,0.00036290629590936263,19,53636,0.14576131426215472,5.2897698645759116e-05,5.2897698645759116e-05,False
SP,E,CTSS7+,0.00023186229195326763,19,53636,0.14576131426215472,3.3796552402943707e-05,3.3796552402943707e-05,False
SP,E,CR5+,0.00020885547201336674,19,53636,0.14576131426215472,3.0443048091511008e-05,3.0443048091511008e-05,False
SP,E,CTSR3,0.00015846414078036824,19,53636,0.14576131426215472,2.3097941423569583e-05,2.3097941423569583e-05,False
SP,E,CTSR3+,0.00014157290658655536,19,53636,0.14576131426215472,2.063585292796957e-05,2.063585292796957e-05,False
SP,E,CTSS5,6.86823801959311e-05,19,53636,0.14576131426215472,1.0011234004011903e-05,1.0011234004011903e-05,False
SP,E,CTS14,6.516780710329097e-05,19,53636,0.14576131426215472,9.498945210958275e-06,9.498945210958275e-06,False
SP,E,CTSR5+,4.978096375945838e-05,19,53636,0.14576131426215472,7.256138702815348e-06,7.256138702815348e-06,False
SP,E,CR8+,3.605187630856525e-05,19,53636,0.14576131426215472,5.25496887235311e-06,5.25496887235311e-06,False
SP,E,CR12,3.258390355164549e-05,19,53636,0.14576131426215472,4.749472605479137e-06,4.749472605479137e-06,False
SP,E,CTS16,3.258390355164549e-05,19,53636,0.14576131426215472,4.749472605479137e-06,4.749472605479137e-06,False
SP,E,CTS12,2.362055933484505e-05,19,53636,0.14576131426215472,3.4429637722542215e-06,3.4429637722542215e-06,False
SP,E,CTSR4+,2.362055933484505e-05,19,53636,0.14576131426215472,3.4429637722542215e-06,3.4429637722542215e-06,False
SP,E,CTSR2,1.2431316973720195e-05,19,53636,0.14576131426215472,1.8120051000988875e-06,1.8120051000988875e-06,False
SP,F,CTS11,0.2848335970259819,19,53636,0.024515556119374584,0.006982854032573784,0.006982854032573784,False
SP,F,CTSR6+,0.24390893917687334,19,53636,0.024515556119374584,0.005979563286407761,0.005979563286407761,False
SP,F,CTSS8,0.22971493640995855,19,53636,0.024515556119374584,0.005631589415016903,0.005631589415016903,False
SP,F,CTS22,0.19149489449219542,19,53636,0.024515556119374584,0.0046946038324971314,0.0046946038324971314,False
SP,F,CR6,0.03374340849422376,19,53636,0.024515556119374584,0.0008272384245991237,0.0008272384245991237,False
SP,F,CTSS8+,0.01110290111961028,19,53636,0.024515556119374584,0.0002721937954856727,0.0002721937954856727,False
SP,F,CR11,0.0025668601257289522,19,53636,0.024515556119374584,6.292800346289302e-05,6.292800346289302e-05,False
SP,F,CTS23,0.001098901098901099,19,53636,0.024515556119374584,2.694017155975229e-05,2.694017155975229e-05,False
SP,F,CTSSS8+,0.00034057158429085725,19,53636,0.024515556119374584,8.349301787346822e-06,8.349301787346822e-06,False
SP,F,CR11+,0.0003222738799661877,19,53636,0.024515556119374584,7.900723390119662e-06,7.900723390119662e-06,False
SP,F,CTS20,0.00018818418675015233,19,53636,0.024515556119374584,4.613439991052227e-06,4.613439991052227e-06,False
SP,F,CR6+,0.000172258484408308,19,53636,0.024515556119374584,4.2230125415502865e-06,4.2230125415502865e-06,False
SP,F,CTSS9,0.0001537653169047168,19,53636,0.024515556119374584,3.7696422557910025e-06,3.7696422557910025e-06,False
SP,F,CTSR6,0.00011950286806883365,19,53636,0.024515556119374584,2.9296792685677084e-06,2.9296792685677084e-06,False
SP,F,CTSR7,0.00011950286806883365,19,53636,0.024515556119374584,2.9296792685677084e-06,2.9296792685677084e-06,False
SP,F,CTSR7+,0.00011950286806883365,19,53636,0.024515556119374584,2.9296792685677084e-06,2.9296792685677084e-06,False
SP,G,CTSS10+,0.32,19,53636,0.0010465890710729124,0.00033490850274333196,0.00033490850274333196,False
SP,G,CTSS11+,0.26666666666666666,19,53636,0.0010465890710729124,0.0002790904189527766,0.0002790904189527766,False
SP,G,CTSS13+,0.2533333333333333,19,53636,0.0010465890710729124,0.00026513589800513775,0.00026513589800513775,False
SP,G,CTSSS6+,0.08,19,53636,0.0010465890710729124,8.372712568583299e-05,8.372712568583299e-05,False
SP,G,CRR3+,0.04,19,53636,0.0010465890710729124,4.1863562842916495e-05,4.1863562842916495e-05,False
SP,G,CTSSS5+,0.04,19,53636,0.0010465890710729124,4.1863562842916495e-05,4.1863562842916495e-05,False
SP,H,CTSS12+,0.9616141732283464,19,53636,0.02835304937997526,0.02726469413802739,0.02726469413802739,False
SP,H,CTSSS7+,0.03789370078740158,19,53636,0.02835304937997526,0.0010744019696152043,0.0010744019696152043,False
SP,H,CTSR8+,0.0004921259842519685,19,53636,0.02835304937997526,1.3953272332664991e-05,1.3953272332664991e-05,False
TO,A,C2,0.9071710485803598,20,85918,0.19433288710397145,0.17629316896775846,0.17629316896775843,False
TO,A,C1,0.09282895141964018,20,85918,0.19433288710397145,0.018039718136212985,0.01803971813621298,False
TO,B,C3,0.993303840013468,20,85918,0.15640339134315037,0.15535608921228047,0.15535608921228045,False
TO,B,CTS1,0.00533231061638422,20,85918,0.15640339134315037,0.0008339914640975766,0.0008339914640975764,False
TO,B,C6,0.0012935917589064487,20,85918,0.15640339134315037,0.00020232213810651953,0.00020232213810651947,False
TO,B,OU8,4.68384074941452e-05,20,85918,0.15640339134315037,7.325685777196739e-06,7.325685777196737e-06,False
TO,B,C4,2.34192037470726e-05,20,85918,0.15640339134315037,3.6628428885983695e-06,3.6628428885983687e-06,False
TO,C,C7,0.8276778245392408,20,85918,0.11557340473003123,0.09565754420154546,0.09565754420154543,False
TO,C,CTS2,0.10959352593025389,20,85918,0.11557340473003123,0.012666096928128406,0.012666096928128402,False
TO,C,CTS3,0.04132319460005587,20,85918,0.11557340473003123,0.004775862294250098,0.004775862294250097,False
TO,C,CR1,0.015906276387766632,20,85918,0.11557340473003123,0.0018383425187110923,0.0018383425187110918,False
TO,C,C9,0.0032221063607924924,20,85918,0.11557340473003123,0.0003723898025190788,0.0003723898025190787,False
TO,C,CR1+,0.0013920830008785155,20,85918,0.11557340473003123,0.0001608877720783291,0.00016088777207832908,False
TO,C,CTS7,0.00039949534579001585,20,85918,0.11557340473003123,4.6171037286753284e-05,4.617103728675327e-05,False
TO,C,CTSS1+,0.00038165534220550753,20,85918,0.11557340473003123,4.410920733209569e-05,4.4109207332095686e-05,False
TO,C,CTSS1,0.00010383849301636239,20,85918,0.11557340473003123,1.2000968179936573e-05,1.200096817993657e-05,False
TO,D,CTS4,0.5885360810424694,20,85918,0.1144578313253012,0.06736256349281275,0.06736256349281274,False
TO,D,CTS19,0.17588808742312875,20,85918,0.1144578313253012,0.0201317690424063,0.020131769042406298,False
TO,D,CR4,0.09501726043723159,20,85918,0.1144578313253012,0.010875469568116868,0.010875469568116867,False
TO,D,CR4+,0.05874389461591646,20,85918,0.1144578313253012,0.006723698781339836,0.006723698781339834,False
TO,D,CTS5,0.03772705484068809,20,85918,0.1144578313253012,0.004318156879355866,0.004318156879355865,False
TO,D,CTS6,0.028447535626932738,20,85918,0.1144578313253012,0.0032560432344079637,0.003256043234407963,False
TO,D,CTS8,0.011071315492471121,20,85918,0.1144578313253012,0.0012671987611864535,0.0012671987611864533,False
TO,D,CR2,0.002607411150841085,20,85918,0.1144578313253012,0.00029843862569867835,0.0002984386256986783,False
TO,D,CTSR1,0.0013850415512465374,20,85918,0.1144578313253012,0.0001585288522511097,0.00015852885225110967,False
TO,D,CTSS2+,0.00020479213598197828,20,85918,0.1144578313253012,2.3440063756973418e-05,2.344006375697341e-05,False
TO,D,CTSS4+,0.0001477519630779493,20,85918,0.1144578313253012,1.691136926795805e-05,1.6911369267958047e-05,False
TO,D,CTSS2,0.0001342642320085929,20,85918,0.1144578313253012,1.5367592820260634e-05,1.536759282026063e-05,False
TO,D,CTSS4,8.95094880057286e-05,20,85918,0.1144578313253012,1.0245061880173755e-05,1.0245061880173753e-05,False
TO,E,CTS10,0.8381242798301194,20,85918,0.23092369477911648,0.1935427553824573,0.19354275538245724,False
TO,E,CTS15,0.12431225983791536,20,85918,0.23092369477911648,0.028706646348112985,0.02870664634811298,False
TO,E,CR5,0.019539510382706182,20,85918,0.23092369477911648,0.00451213593174942,0.004512135931749419,False
TO,E,CTS13,0.00470721525492301,20,85918,0.23092369477911648,0.001087007538787442,0.0010870075387874418,False
TO,E,CR10,0.0036682894421378523,20,85918,0.23092369477911648,0.0008470949514976969,0.0008470949514976967,False
TO,E,CR5+,0.003607340693364608,20,85918,0.23092369477911648,0.0008330204412388152,0.000833020441238815,False
TO,E,CTSS7,0.0024810403459760997,20,85918,0.23092369477911648,0.0005729310035888584,0.0005729310035888583,False
TO,E,CTSS7+,0.0021537146271249246,20,85918,0.23092369477911648,0.0004973437391955147,0.0004973437391955146,False
TO,E,CR10+,0.0007619979191186988,20,85918,0.23092369477911648,0.00017596337489688828,0.00017596337489688825,False
TO,E,CTSS5,0.00010791699729178208,20,85918,0.23092369477911648,2.4920591744086225e-05,2.4920591744086218e-05,False
TO,E,CR3,9.940357852882703e-05,20,85918,0.23092369477911648,2.295464162814279e-05,2.2954641628142782e-05,False
TO,E,CTSR5+,9.60241044543744e-05,20,85918,0.23092369477911648,2.2174240988459953e-05,2.217424098845995e-05,False
TO,E,CTS12,7.107320540156361e-05,20,85918,0.23092369477911648,1.6412487191124128e-05,1.6412487191124125e-05,False
TO,E,CTS26,5.6522441052980134e-05,20,85918,0.23092369477911648,1.3052370925888987e-05,1.3052370925888984e-05,False
TO,E,CTS21,4.2430301859750505e-05,20,85918,0.23092369477911648,9.798162076046804e-06,9.798162076046803e-06,False
TO,E,CTSR2+,3.9549022005207996e-05,20,85918,0.23092369477911648,9.132806286343213e-06,9.132806286343211e-06,False
TO,E,CTSR4+,3.265532284623929e-05,20,85918,0.23092369477911648,7.540887805858471e-06,7.540887805858469e-06,False
TO,E,CTSR3+,3.071345876189582e-05,20,85918,0.23092369477911648,7.0924653767430106e-06,7.092465376743009e-06,False
TO,E,CTSR2,2.3691068467187873e-05,20,85918,0.23092369477911648,5.470829063708044e-06,5.470829063708043e-06,False
TO,E,CTSS5+,2.0681097476906108e-05,20,85918,0.23092369477911648,4.775755441454222e-06,4.775755441454221e-06,False
TO,E,CR8+,1.1845534233593936e-05,20,85918,0.23092369477911648,2.735414531854022e-06,2.7354145318540214e-06,False
TO,E,CTSR4,1.1845534233593936e-05,20,85918,0.23092369477911648,2.735414531854022e-06,2.7354145318540214e-06,False
TO,F,CTSR6+,0.6754696498113455,20,85918,0.16532797858099063,0.11167403179611937,0.11167403179611934,False
TO,F,CTSS8,0.21333756358008624,20,85918,0.16532797858099063,0.03527066814208923,0.03527066814208922,False
TO,F,CTS11,0.07172054380464783,20,85918,0.16532797858099063,0.011857412529951816,0.011857412529951813,False
TO,F,CTS22,0.019575345853220877,20,85918,0.16532797858099063,0.003236352359936785,0.003236352359936784,False
TO,F,CR11,0.013782947720627384,20,85918,0.16532797858099063,0.002278706885538798,0.0022787068855387974,False
TO,F,CTSS8+,0.005391241030106846,20,85918,0.16532797858099063,0.0008913229815504624,0.0008913229815504622,False
TO,F,CR6,0.0005066555868803692,20,85918,0.16532797858099063,8.376434401569692e-05,8.37643440156969e-05,False
TO,F,CR11+,0.0001203008439155247,20,85918,0.16532797858099063,1.9889095346140965e-05,1.988909534614096e-05,False
TO,F,CR6+,5.444499571980378e-05,20,85918,0.16532797858099063,9.001281086205846e-06,9.001281086205844e-06,False
TO,F,CTSSS8+,3.1057196244647754e-05,20,85918,0.16532797858099063,5.134623475520746e-06,5.134623475520745e-06,False
TO,F,CTSR6,5.124788602470148e-06,20,85918,0.16532797858099063,8.472709403012895e-07,8.472709403012893e-07,False
TO,F,CTSS9+,5.124788602470148e-06,20,85918,0.16532797858099063,8.472709403012895e-07,8.472709403012893e-07,False
TO,G,CTSS10+,0.49840167548500885,20,85918,0.00825524319500223,0.004114427039925329,0.004114427039925328,False
TO,G,CTSS11+,0.3870149911816579,20,85918,0.00825524319500223,0.0031949028723162296,0.0031949028723162287,False
TO,G,CRR2+,0.11111111111111112,20,85918,0.00825524319500223,0.0009172492438891367,0.0009172492438891365,False
TO,G,CTSSS5+,0.0034722222222222225,20,85918,0.00825524319500223,2.8664038871535523e-05,2.8664038871535516e-05,False
TO,H,CTSS12+,0.9922775348797773,20,85918,0.014725568942436412,0.014611851249903012,0.014611851249903008,False
TO,H,CTSSS7+,0.006759246926893525,20,85918,0.014725568942436412,9.953375662092204e-05,9.953375662092201e-05,False
TO,H,3D6,0.0008881151775627289,20,85918,0.014725568942436412,1.3078001276024121e-05,1.3078001276024118e-05,False
TO,H,CTSR8+,7.510301576642987e-05,20,85918,0.014725568942436412,1.1059346364534518e-06,1.1059346364534516e-06,False
